No,Name,Sex,Cadre/Role,Facility/Community,District,Signature
1,Iddrisu Fuseini,F,Community Health Officer,Kumbungu District communities,Kumbungu District communities,signed
2,Mariam Yakubu,F,Midwife,Kumbungu District communities,Kumbungu District communities,signed
3,Adiza Napari,F,Midwife,Kumbungu District communities,Kumbungu District communities,signed
4,Salamatu Seidu,F,Midwife,Kumbungu District communities,Kumbungu District communities,signed
5,Zuweira Yakubu,F,Midwife,Kumbungu District communities,Kumbungu District communities,signed
6,Hawa Dauda,F,Community Health Officer,Kumbungu District communities,Kumbungu District communities,signed
7,Abdul Iddrisu,F,Community Health Officer,Kumbungu District communities,Kumbungu District communities,signed
8,Fuseini Tia,F,Enrolled Nurse,Kumbungu District communities,Kumbungu District communities,signed
9,Mariam Wumbei,F,Community Health Officer,Kumbungu District communities,Kumbungu District communities,signed
10,Zuweira Napari,F,Community Health Officer,Kumbungu District communities,Kumbungu District communities,signed
11,Abu Fuseini,F,Community Health Officer,Kumbungu District communities,Kumbungu District communities,signed
12,Abu Wumbei,F,Midwife,Kumbungu District communities,Kumbungu District communities,signed
13,Fuseini Napari,F,Medical Assistant,Kumbungu District communities,Kumbungu District communities,signed
14,Salamatu Issahaku,F,Enrolled Nurse,Kumbungu District communities,Kumbungu District communities,signed
15,Fati Dauda,F,Medical Assistant,Kumbungu District communities,Kumbungu District communities,signed
16,Memunatu Alhassan,F,Medical Assistant,Kumbungu District communities,Kumbungu District communities,signed
17,Ayishetu Napari,F,Disease Control Officer,Kumbungu District communities,Kumbungu District communities,signed
18,Mohammed Dauda,F,Disease Control Officer,Kumbungu District communities,Kumbungu District communities,signed
19,Baba Napari,F,Community Health Officer,Kumbungu District communities,Kumbungu District communities,signed
20,Mariam Issahaku,F,Midwife,Kumbungu District communities,Kumbungu District communities,signed
21,Yakubu Yakubu,F,Disease Control Officer,Kumbungu District communities,Kumbungu District communities,signed
22,Sanatu Tia,F,Midwife,Kumbungu District communities,Kumbungu District communities,signed
23,Fuseini Wumbei,F,Community Health Officer,Kumbungu District communities,Kumbungu District communities,signed
24,Ayishetu Napari,F,Medical Assistant,Kumbungu District communities,Kumbungu District communities,signed
25,Hawa Fuseini,F,Medical Assistant,Kumbungu District communities,Kumbungu District communities,signed
26,Mariam Yakubu,F,Enrolled Nurse,Kumbungu District communities,Kumbungu District communities,signed
27,Sulemana Fuseini,F,Enrolled Nurse,Kumbungu District communities,Kumbungu District communities,signed
28,Abdul Issahaku,F,Medical Assistant,Kumbungu District communities,Kumbungu District communities,signed
29,Sulemana Mahama,F,Community Health Officer,Kumbungu District communities,Kumbungu District communities,signed
30,Fuseini Fuseini,F,Medical Assistant,Kumbungu District communities,Kumbungu District communities,signed
31,Sulemana Issahaku,F,Medical Assistant,Kumbungu District communities,Kumbungu District communities,signed
32,Salamatu Seidu,F,Disease Control Officer,Kumbungu District communities,Kumbungu District communities,signed
33,Zuweira Abdulai,F,Enrolled Nurse,Kumbungu District communities,Kumbungu District communities,signed
34,Ayishetu Iddrisu,F,Disease Control Officer,Kumbungu District communities,Kumbungu District communities,signed
35,Fati Issahaku,F,Enrolled Nurse,Kumbungu District communities,Kumbungu District communities,signed
36,Mariam Issahaku,F,Midwife,Kumbungu District communities,Kumbungu District communities,signed
37,Sanatu Fuseini,F,Disease Control Officer,Kumbungu District communities,Kumbungu District communities,signed
38,Yakubu Abdulai,F,Midwife,Kumbungu District communities,Kumbungu District communities,signed
39,Fati Fuseini,F,Midwife,Kumbungu District communities,Kumbungu District communities,signed
40,Ayishetu Issahaku,F,Enrolled Nurse,Kumbungu District communities,Kumbungu District communities,signed
41,Salamatu Seidu,F,Midwife,Kumbungu District communities,Kumbungu District communities,signed
42,Yakubu Seidu,F,Disease Control Officer,Kumbungu District communities,Kumbungu District communities,signed
43,Ayishetu Issahaku,F,Medical Assistant,Kumbungu District communities,Kumbungu District communities,signed
44,Hawa Tia,F,Disease Control Officer,Kumbungu District communities,Kumbungu District communities,signed
45,Zuweira Alhassan,F,Medical Assistant,Kumbungu District communities,Kumbungu District communities,signed
46,Adiza Mahama,F,Community Health Officer,Kumbungu District communities,Kumbungu District communities,signed
47,Alhassan Abdulai,F,Midwife,Kumbungu District communities,Kumbungu District communities,signed
48,Sanatu Wumbei,F,Enrolled Nurse,Kumbungu District communities,Kumbungu District communities,signed
49,Abu Napari,F,Community Health Officer,Kumbungu District communities,Kumbungu District communities,signed
50,Baba Dauda,F,Disease Control Officer,Kumbungu District communities,Kumbungu District communities,signed
51,Ayishetu Alhassan,F,Enrolled Nurse,Kumbungu District communities,Kumbungu District communities,signed
52,Iddrisu Abdulai,F,Disease Control Officer,Kumbungu District communities,Kumbungu District communities,signed
53,Sulemana Seidu,F,Medical Assistant,Kumbungu District communities,Kumbungu District communities,signed
54,Rahinatu Issahaku,F,Enrolled Nurse,Kumbungu District communities,Kumbungu District communities,signed
55,Mohammed Napari,F,Medical Assistant,Kumbungu District communities,Kumbungu District communities,signed
56,Adiza Napari,F,Community Health Officer,Kumbungu District communities,Kumbungu District communities,signed
57,Fuseini Iddrisu,F,Enrolled Nurse,Kumbungu District communities,Kumbungu District communities,signed
58,Abdul Mahama,F,Community Health Officer,Kumbungu District communities,Kumbungu District communities,signed
59,Baba Fuseini,F,Medical Assistant,Kumbungu District communities,Kumbungu District communities,signed
60,Mohammed Tia,F,Midwife,Kumbungu District communities,Kumbungu District communities,signed
61,Sulemana Dauda,F,Medical Assistant,Kumbungu District communities,Kumbungu District communities,signed
62,Fati Seidu,F,Medical Assistant,Kumbungu District communities,Kumbungu District communities,signed
63,Salamatu Mahama,F,Enrolled Nurse,Kumbungu District communities,Kumbungu District communities,signed
64,Salamatu Yakubu,F,Disease Control Officer,Kumbungu District communities,Kumbungu District communities,signed
65,Memunatu Tia,F,Community Health Officer,Kumbungu District communities,Kumbungu District communities,signed
66,Ayishetu Alhassan,F,Disease Control Officer,Kumbungu District communities,Kumbungu District communities,signed
67,Rahinatu Napari,F,Midwife,Kumbungu District communities,Kumbungu District communities,signed
68,Mohammed Tia,F,Community Health Officer,Kumbungu District communities,Kumbungu District communities,signed
69,Iddrisu Tia,F,Medical Assistant,Kumbungu District communities,Kumbungu District communities,signed
70,Mariam Napari,F,Medical Assistant,Kumbungu District communities,Kumbungu District communities,signed
71,Fuseini Dauda,F,Enrolled Nurse,Kumbungu District communities,Kumbungu District communities,signed
72,Rahinatu Seidu,F,Midwife,Kumbungu District communities,Kumbungu District communities,signed
73,Memunatu Iddrisu,F,Community Health Officer,Kumbungu District communities,Kumbungu District communities,signed
74,Baba Seidu,F,Midwife,Kumbungu District communities,Kumbungu District communities,signed
75,Zuweira Tia,F,Community Health Officer,Kumbungu District communities,Kumbungu District communities,signed
76,Alhassan Issahaku,F,Disease Control Officer,Kumbungu District communities,Kumbungu District communities,signed
77,Alhassan Napari,F,Enrolled Nurse,Kumbungu District communities,Kumbungu District communities,signed
78,Fati Wumbei,F,Enrolled Nurse,Kumbungu District communities,Kumbungu District communities,signed
79,Ayishetu Seidu,F,Midwife,Kumbungu District communities,Kumbungu District communities,signed
80,Rahinatu Issahaku,F,Medical Assistant,Kumbungu District communities,Kumbungu District communities,signed
81,Zuweira Wumbei,F,Enrolled Nurse,Kumbungu District communities,Kumbungu District communities,signed
82,Sanatu Fuseini,F,Community Health Officer,Kumbungu District communities,Kumbungu District communities,signed
83,Rahinatu Seidu,F,Medical Assistant,Kumbungu District communities,Kumbungu District communities,signed
84,Hawa Fuseini,F,Medical Assistant,Kumbungu District communities,Kumbungu District communities,signed
85,Rahinatu Abdulai,F,Midwife,Kumbungu District communities,Kumbungu District communities,signed
86,Sulemana Iddrisu,F,Disease Control Officer,Kumbungu District communities,Kumbungu District communities,signed
87,Iddrisu Napari,F,Midwife,Kumbungu District communities,Kumbungu District communities,signed
88,Hawa Mahama,F,Midwife,Kumbungu District communities,Kumbungu District communities,signed
89,Rahinatu Tia,F,Medical Assistant,Kumbungu District communities,Kumbungu District communities,signed
90,Baba Napari,F,Medical Assistant,Kumbungu District communities,Kumbungu District communities,signed
91,Mariam Issahaku,F,Medical Assistant,Kumbungu District communities,Kumbungu District communities,signed
92,Abu Dauda,F,Medical Assistant,Kumbungu District communities,Kumbungu District communities,signed
93,Adiza Issahaku,F,Community Health Officer,Kumbungu District communities,Kumbungu District communities,signed
94,Rahinatu Iddrisu,F,Community Health Officer,Kumbungu District communities,Kumbungu District communities,signed
95,Fati Tia,F,Disease Control Officer,Kumbungu District communities,Kumbungu District communities,signed
96,Mohammed Seidu,F,Disease Control Officer,Kumbungu District communities,Kumbungu District communities,signed
97,Abu Issahaku,F,Midwife,Kumbungu District communities,Kumbungu District communities,signed
98,Mariam Tia,F,Community Health Officer,Kumbungu District communities,Kumbungu District communities,signed
99,Sulemana Napari,F,Medical Assistant,Kumbungu District communities,Kumbungu District communities,signed
100,Issah Issahaku,F,Midwife,Kumbungu District communities,Kumbungu District communities,signed
101,Alhassan Dauda,F,Community Health Officer,Kumbungu District communities,Kumbungu District communities,signed
102,Ayishetu Fuseini,F,Enrolled Nurse,Kumbungu District communities,Kumbungu District communities,signed
103,Ayishetu Fuseini,F,Medical Assistant,Kumbungu District communities,Kumbungu District communities,signed
104,Hawa Seidu,F,Midwife,Kumbungu District communities,Kumbungu District communities,signed
105,Salamatu Tia,F,Disease Control Officer,Kumbungu District communities,Kumbungu District communities,signed
106,Iddrisu Napari,F,Enrolled Nurse,Kumbungu District communities,Kumbungu District communities,signed
107,Salamatu Yakubu,F,Enrolled Nurse,Kumbungu District communities,Kumbungu District communities,signed
108,Mariam Fuseini,F,Community Health Officer,Kumbungu District communities,Kumbungu District communities,signed
109,Adiza Mahama,F,Disease Control Officer,Kumbungu District communities,Kumbungu District communities,signed
110,Yakubu Wumbei,F,Medical Assistant,Kumbungu District communities,Kumbungu District communities,signed
111,Ayishetu Yakubu,F,Disease Control Officer,Kumbungu District communities,Kumbungu District communities,signed
112,Rahinatu Napari,F,Midwife,Kumbungu District communities,Kumbungu District communities,signed
113,Salamatu Yakubu,F,Midwife,Kumbungu District communities,Kumbungu District communities,signed
114,Adiza Abdulai,F,Enrolled Nurse,Kumbungu District communities,Kumbungu District communities,signed
115,Fati Dauda,F,Medical Assistant,Kumbungu District communities,Kumbungu District communities,signed
116,Mohammed Alhassan,F,Medical Assistant,Kumbungu District communities,Kumbungu District communities,signed
117,Sulemana Issahaku,F,Community Health Officer,Kumbungu District communities,Kumbungu District communities,signed
118,Sulemana Wumbei,F,Disease Control Officer,Kumbungu District communities,Kumbungu District communities,signed
119,Rahinatu Wumbei,F,Midwife,Kumbungu District communities,Kumbungu District communities,signed
120,Yakubu Issahaku,F,Community Health Officer,Kumbungu District communities,Kumbungu District communities,signed
121,Abu Napari,F,Disease Control Officer,Kumbungu District communities,Kumbungu District communities,signed
122,Mariam Seidu,F,Community Health Officer,Kumbungu District communities,Kumbungu District communities,signed
123,Adiza Abdulai,F,Community Health Officer,Kumbungu District communities,Kumbungu District communities,signed
124,Hawa Yakubu,F,Community Health Officer,Kumbungu District communities,Kumbungu District communities,signed
125,Sanatu Napari,F,Midwife,Kumbungu District communities,Kumbungu District communities,signed
126,Sanatu Issahaku,F,Disease Control Officer,Kumbungu District communities,Kumbungu District communities,signed
127,Fati Iddrisu,F,Disease Control Officer,Kumbungu District communities,Kumbungu District communities,signed
128,Baba Wumbei,F,Community Health Officer,Kumbungu District communities,Kumbungu District communities,signed
129,Fati Tia,F,Medical Assistant,Kumbungu District communities,Kumbungu District communities,signed
130,Issah Iddrisu,F,Midwife,Kumbungu District communities,Kumbungu District communities,signed
131,Mohammed Napari,F,Enrolled Nurse,Kumbungu District communities,Kumbungu District communities,signed
132,Hawa Tia,F,Disease Control Officer,Kumbungu District communities,Kumbungu District communities,signed
133,Yakubu Yakubu,F,Disease Control Officer,Kumbungu District communities,Kumbungu District communities,signed
134,Zuweira Issahaku,F,Disease Control Officer,Kumbungu District communities,Kumbungu District communities,signed
135,Baba Dauda,F,Community Health Officer,Kumbungu District communities,Kumbungu District communities,signed
136,Yakubu Alhassan,F,Community Health Officer,Kumbungu District communities,Kumbungu District communities,signed
137,Adiza Issahaku,F,Medical Assistant,Kumbungu District communities,Kumbungu District communities,signed
138,Abu Abdulai,F,Enrolled Nurse,Kumbungu District communities,Kumbungu District communities,signed
139,Mariam Wumbei,F,Community Health Officer,Kumbungu District communities,Kumbungu District communities,signed
140,Ayishetu Fuseini,F,Disease Control Officer,Kumbungu District communities,Kumbungu District communities,signed
141,Memunatu Fuseini,F,Midwife,Kumbungu District communities,Kumbungu District communities,signed
142,Fati Seidu,F,Disease Control Officer,Kumbungu District communities,Kumbungu District communities,signed
143,Hawa Napari,F,Enrolled Nurse,Kumbungu District communities,Kumbungu District communities,signed
144,Mariam Napari,F,Medical Assistant,Kumbungu District communities,Kumbungu District communities,signed
145,Memunatu Alhassan,F,Medical Assistant,Kumbungu District communities,Kumbungu District communities,signed
146,Sanatu Napari,F,Disease Control Officer,Kumbungu District communities,Kumbungu District communities,signed
147,Sanatu Yakubu,F,Enrolled Nurse,Kumbungu District communities,Kumbungu District communities,signed
148,Sulemana Yakubu,F,Community Health Officer,Kumbungu District communities,Kumbungu District communities,signed
149,Ayishetu Alhassan,F,Enrolled Nurse,Kumbungu District communities,Kumbungu District communities,signed
150,Zuweira Abdulai,F,Disease Control Officer,Kumbungu District communities,Kumbungu District communities,signed
151,Abdul Iddrisu,F,Midwife,Kumbungu District communities,Kumbungu District communities,signed
152,Zuweira Issahaku,F,Midwife,Kumbungu District communities,Kumbungu District communities,signed
153,Baba Dauda,F,Enrolled Nurse,Kumbungu District communities,Kumbungu District communities,signed
154,Abdul Dauda,F,Disease Control Officer,Kumbungu District communities,Kumbungu District communities,signed
155,Abdul Abdulai,F,Enrolled Nurse,Kumbungu District communities,Kumbungu District communities,signed
156,Zuweira Fuseini,F,Community Health Officer,Kumbungu District communities,Kumbungu District communities,signed
157,Baba Issahaku,F,Disease Control Officer,Kumbungu District communities,Kumbungu District communities,signed
158,Abu Napari,F,Midwife,Kumbungu District communities,Kumbungu District communities,signed
159,Memunatu Napari,F,Enrolled Nurse,Kumbungu District communities,Kumbungu District communities,signed
160,Abu Issahaku,F,Community Health Officer,Kumbungu District communities,Kumbungu District communities,signed
161,Fati Dauda,F,Midwife,Kumbungu District communities,Kumbungu District communities,signed
162,Abu Fuseini,F,Community Health Officer,Kumbungu District communities,Kumbungu District communities,signed
163,Sanatu Abdulai,F,Enrolled Nurse,Kumbungu District communities,Kumbungu District communities,signed
164,Issah Alhassan,F,Enrolled Nurse,Kumbungu District communities,Kumbungu District communities,signed
165,Fuseini Iddrisu,F,Community Health Officer,Kumbungu District communities,Kumbungu District communities,signed
166,Hawa Seidu,F,Medical Assistant,Kumbungu District communities,Kumbungu District communities,signed
167,Salamatu Abdulai,F,Disease Control Officer,Kumbungu District communities,Kumbungu District communities,signed
168,Memunatu Issahaku,F,Disease Control Officer,Kumbungu District communities,Kumbungu District communities,signed
169,Ayishetu Yakubu,F,Enrolled Nurse,Kumbungu District communities,Kumbungu District communities,signed
170,Rahinatu Napari,F,Community Health Officer,Kumbungu District communities,Kumbungu District communities,signed
171,Zuweira Dauda,F,Enrolled Nurse,Kumbungu District communities,Kumbungu District communities,signed
172,Adiza Fuseini,F,Medical Assistant,Kumbungu District communities,Kumbungu District communities,signed
173,Alhassan Fuseini,F,Midwife,Kumbungu District communities,Kumbungu District communities,signed
174,Salamatu Mahama,F,Community Health Officer,Kumbungu District communities,Kumbungu District communities,signed
175,Zuweira Dauda,F,Disease Control Officer,Kumbungu District communities,Kumbungu District communities,signed
176,Baba Fuseini,F,Community Health Officer,Kumbungu District communities,Kumbungu District communities,signed
177,Abdul Abdulai,F,Medical Assistant,Kumbungu District communities,Kumbungu District communities,signed
178,Fati Yakubu,F,Disease Control Officer,Kumbungu District communities,Kumbungu District communities,signed
179,Baba Abdulai,F,Enrolled Nurse,Kumbungu District communities,Kumbungu District communities,signed
180,Hawa Wumbei,F,Disease Control Officer,Kumbungu District communities,Kumbungu District communities,signed
181,Sanatu Iddrisu,F,Midwife,Kumbungu District communities,Kumbungu District communities,signed
182,Abdul Yakubu,F,Midwife,Kumbungu District communities,Kumbungu District communities,signed
183,Abu Fuseini,F,Community Health Officer,Kumbungu District communities,Kumbungu District communities,signed
184,Issah Wumbei,F,Midwife,Kumbungu District communities,Kumbungu District communities,signed
185,Zuweira Iddrisu,F,Medical Assistant,Kumbungu District communities,Kumbungu District communities,signed
186,Memunatu Wumbei,F,Medical Assistant,Kumbungu District communities,Kumbungu District communities,signed
187,Mariam Wumbei,F,Community Health Officer,Kumbungu District communities,Kumbungu District communities,signed
188,Fuseini Alhassan,F,Medical Assistant,Kumbungu District communities,Kumbungu District communities,signed
189,Yakubu Dauda,F,Medical Assistant,Kumbungu District communities,Kumbungu District communities,signed
190,Fuseini Wumbei,F,Midwife,Kumbungu District communities,Kumbungu District communities,signed
191,Issah Iddrisu,F,Disease Control Officer,Kumbungu District communities,Kumbungu District communities,signed
192,Ayishetu Abdulai,F,Midwife,Kumbungu District communities,Kumbungu District communities,signed
193,Yakubu Mahama,F,Medical Assistant,Kumbungu District communities,Kumbungu District communities,signed
194,Memunatu Dauda,F,Midwife,Kumbungu District communities,Kumbungu District communities,signed
195,Fati Yakubu,F,Community Health Officer,Kumbungu District communities,Kumbungu District communities,signed
196,Zuweira Mahama,F,Community Health Officer,Kumbungu District communities,Kumbungu District communities,signed
197,Sanatu Mahama,F,Medical Assistant,Kumbungu District communities,Kumbungu District communities,signed
198,Yakubu Yakubu,F,Community Health Officer,Kumbungu District communities,Kumbungu District communities,signed
199,Baba Napari,F,Disease Control Officer,Kumbungu District communities,Kumbungu District communities,signed
200,Iddrisu Issahaku,F,Community Health Officer,Kumbungu District communities,Kumbungu District communities,signed
201,Salamatu Iddrisu,F,Community Health Officer,Kumbungu District communities,Kumbungu District communities,signed
202,Fuseini Abdulai,F,Community Health Officer,Kumbungu District communities,Kumbungu District communities,signed
203,Alhassan Alhassan,F,Disease Control Officer,Kumbungu District communities,Kumbungu District communities,signed
204,Alhassan Wumbei,F,Disease Control Officer,Kumbungu District communities,Kumbungu District communities,signed
205,Hawa Abdulai,F,Disease Control Officer,Kumbungu District communities,Kumbungu District communities,signed
206,Ayishetu Mahama,F,Community Health Officer,Kumbungu District communities,Kumbungu District communities,signed
207,Abdul Tia,F,Community Health Officer,Kumbungu District communities,Kumbungu District communities,signed
208,Adiza Tia,F,Disease Control Officer,Kumbungu District communities,Kumbungu District communities,signed
209,Sulemana Wumbei,F,Disease Control Officer,Kumbungu District communities,Kumbungu District communities,signed
210,Mariam Dauda,F,Community Health Officer,Kumbungu District communities,Kumbungu District communities,signed
211,Baba Wumbei,F,Enrolled Nurse,Kumbungu District communities,Kumbungu District communities,signed
212,Sanatu Fuseini,F,Community Health Officer,Kumbungu District communities,Kumbungu District communities,signed
213,Baba Dauda,F,Midwife,Kumbungu District communities,Kumbungu District communities,signed
214,Abdul Alhassan,F,Disease Control Officer,Kumbungu District communities,Kumbungu District communities,signed
215,Sanatu Yakubu,F,Community Health Officer,Kumbungu District communities,Kumbungu District communities,signed
216,Zuweira Napari,F,Medical Assistant,Kumbungu District communities,Kumbungu District communities,signed
217,Issah Wumbei,F,Community Health Officer,Kumbungu District communities,Kumbungu District communities,signed
218,Baba Tia,F,Enrolled Nurse,Kumbungu District communities,Kumbungu District communities,signed
219,Issah Abdulai,F,Midwife,Kumbungu District communities,Kumbungu District communities,signed
220,Issah Abdulai,F,Enrolled Nurse,Kumbungu District communities,Kumbungu District communities,signed
221,Rahinatu Issahaku,F,Enrolled Nurse,Kumbungu District communities,Kumbungu District communities,signed
222,Mohammed Alhassan,F,Medical Assistant,Kumbungu District communities,Kumbungu District communities,signed
223,Sulemana Wumbei,F,Enrolled Nurse,Kumbungu District communities,Kumbungu District communities,signed
224,Zuweira Mahama,F,Community Health Officer,Kumbungu District communities,Kumbungu District communities,signed
225,Mariam Mahama,F,Community Health Officer,Kumbungu District communities,Kumbungu District communities,signed
226,Sulemana Yakubu,F,Disease Control Officer,Kumbungu District communities,Kumbungu District communities,signed
227,Ayishetu Iddrisu,F,Medical Assistant,Kumbungu District communities,Kumbungu District communities,signed
228,Sulemana Wumbei,F,Midwife,Kumbungu District communities,Kumbungu District communities,signed
229,Mariam Mahama,F,Community Health Officer,Kumbungu District communities,Kumbungu District communities,signed
230,Abdul Napari,F,Midwife,Kumbungu District communities,Kumbungu District communities,signed
231,Iddrisu Mahama,F,Midwife,Kumbungu District communities,Kumbungu District communities,signed
232,Sulemana Issahaku,F,Medical Assistant,Kumbungu District communities,Kumbungu District communities,signed
233,Rahinatu Dauda,F,Midwife,Kumbungu District communities,Kumbungu District communities,signed
234,Rahinatu Issahaku,F,Enrolled Nurse,Kumbungu District communities,Kumbungu District communities,signed
235,Abdul Seidu,F,Medical Assistant,Kumbungu District communities,Kumbungu District communities,signed
236,Issah Alhassan,F,Medical Assistant,Kumbungu District communities,Kumbungu District communities,signed
237,Alhassan Napari,F,Medical Assistant,Kumbungu District communities,Kumbungu District communities,signed
238,Sulemana Seidu,F,Enrolled Nurse,Kumbungu District communities,Kumbungu District communities,signed
239,Yakubu Mahama,F,Medical Assistant,Kumbungu District communities,Kumbungu District communities,signed
240,Baba Mahama,F,Enrolled Nurse,Kumbungu District communities,Kumbungu District communities,signed
241,Yakubu Tia,F,Enrolled Nurse,Kumbungu District communities,Kumbungu District communities,signed
242,Hawa Mahama,F,Midwife,Kumbungu District communities,Kumbungu District communities,signed
243,Hawa Abdulai,F,Disease Control Officer,Kumbungu District communities,Kumbungu District communities,signed
244,Alhassan Abdulai,F,Community Health Officer,Kumbungu District communities,Kumbungu District communities,signed
245,Hawa Fuseini,F,Enrolled Nurse,Kumbungu District communities,Kumbungu District communities,signed
246,Abu Abdulai,F,Disease Control Officer,Kumbungu District communities,Kumbungu District communities,signed
247,Issah Iddrisu,F,Midwife,Kumbungu District communities,Kumbungu District communities,signed
248,Zuweira Tia,F,Community Health Officer,Kumbungu District communities,Kumbungu District communities,signed
249,Baba Yakubu,F,Medical Assistant,Kumbungu District communities,Kumbungu District communities,signed
250,Adiza Dauda,F,Community Health Officer,Kumbungu District communities,Kumbungu District communities,signed
251,Zuweira Yakubu,F,Enrolled Nurse,Kumbungu District communities,Kumbungu District communities,signed
252,Abdul Dauda,F,Enrolled Nurse,Kumbungu District communities,Kumbungu District communities,signed
253,Iddrisu Dauda,F,Community Health Officer,Kumbungu District communities,Kumbungu District communities,signed
254,Alhassan Wumbei,F,Medical Assistant,Kumbungu District communities,Kumbungu District communities,signed
255,Sulemana Napari,F,Midwife,Kumbungu District communities,Kumbungu District communities,signed
256,Mohammed Fuseini,F,Midwife,Kumbungu District communities,Kumbungu District communities,signed
257,Hawa Issahaku,F,Community Health Officer,Kumbungu District communities,Kumbungu District communities,signed
258,Mariam Dauda,F,Midwife,Kumbungu District communities,Kumbungu District communities,signed
259,Rahinatu Wumbei,F,Disease Control Officer,Kumbungu District communities,Kumbungu District communities,signed
260,Salamatu Napari,F,Community Health Officer,Kumbungu District communities,Kumbungu District communities,signed
261,Sulemana Abdulai,F,Medical Assistant,Kumbungu District communities,Kumbungu District communities,signed
262,Mohammed Abdulai,F,Community Health Officer,Kumbungu District communities,Kumbungu District communities,signed
263,Mariam Tia,F,Community Health Officer,Kumbungu District communities,Kumbungu District communities,signed
264,Mariam Seidu,F,Community Health Officer,Kumbungu District communities,Kumbungu District communities,signed
265,Salamatu Tia,F,Community Health Officer,Kumbungu District communities,Kumbungu District communities,signed
266,Fuseini Napari,F,Disease Control Officer,Kumbungu District communities,Kumbungu District communities,signed
267,Rahinatu Iddrisu,F,Midwife,Kumbungu District communities,Kumbungu District communities,signed
268,Issah Issahaku,F,Enrolled Nurse,Kumbungu District communities,Kumbungu District communities,signed
269,Ayishetu Fuseini,F,Midwife,Kumbungu District communities,Kumbungu District communities,signed
270,Sanatu Dauda,F,Community Health Officer,Kumbungu District communities,Kumbungu District communities,signed
271,Sanatu Seidu,F,Enrolled Nurse,Kumbungu District communities,Kumbungu District communities,signed
272,Zuweira Mahama,F,Medical Assistant,Kumbungu District communities,Kumbungu District communities,signed
273,Yakubu Abdulai,F,Midwife,Kumbungu District communities,Kumbungu District communities,signed
274,Abu Napari,F,Enrolled Nurse,Kumbungu District communities,Kumbungu District communities,signed
275,Rahinatu Wumbei,F,Community Health Officer,Kumbungu District communities,Kumbungu District communities,signed
276,Zuweira Abdulai,F,Community Health Officer,Kumbungu District communities,Kumbungu District communities,signed
277,Alhassan Napari,F,Disease Control Officer,Kumbungu District communities,Kumbungu District communities,signed
278,Mohammed Napari,F,Enrolled Nurse,Kumbungu District communities,Kumbungu District communities,signed
279,Alhassan Mahama,F,Midwife,Kumbungu District communities,Kumbungu District communities,signed
280,Fuseini Abdulai,F,Community Health Officer,Kumbungu District communities,Kumbungu District communities,signed
281,Ayishetu Issahaku,F,Community Health Officer,Kumbungu District communities,Kumbungu District communities,signed
282,Memunatu Wumbei,F,Midwife,Kumbungu District communities,Kumbungu District communities,signed
283,Fati Abdulai,F,Enrolled Nurse,Kumbungu District communities,Kumbungu District communities,signed
284,Abdul Issahaku,F,Midwife,Kumbungu District communities,Kumbungu District communities,signed
285,Abu Seidu,F,Disease Control Officer,Kumbungu District communities,Kumbungu District communities,signed
286,Alhassan Alhassan,F,Enrolled Nurse,Kumbungu District communities,Kumbungu District communities,signed
287,Rahinatu Seidu,F,Enrolled Nurse,Kumbungu District communities,Kumbungu District communities,signed
288,Alhassan Tia,F,Community Health Officer,Kumbungu District communities,Kumbungu District communities,signed
289,Yakubu Alhassan,F,Enrolled Nurse,Kumbungu District communities,Kumbungu District communities,signed
290,Ayishetu Mahama,F,Midwife,Kumbungu District communities,Kumbungu District communities,signed
291,Zuweira Yakubu,F,Medical Assistant,Kumbungu District communities,Kumbungu District communities,signed
292,Abu Yakubu,F,Medical Assistant,Kumbungu District communities,Kumbungu District communities,signed
293,Rahinatu Mahama,F,Community Health Officer,Kumbungu District communities,Kumbungu District communities,signed
294,Issah Napari,F,Medical Assistant,Kumbungu District communities,Kumbungu District communities,signed
295,Abu Yakubu,F,Enrolled Nurse,Kumbungu District communities,Kumbungu District communities,signed
296,Abdul Iddrisu,F,Medical Assistant,Kumbungu District communities,Kumbungu District communities,signed
297,Fuseini Abdulai,F,Community Health Officer,Kumbungu District communities,Kumbungu District communities,signed
298,Sanatu Tia,F,Medical Assistant,Kumbungu District communities,Kumbungu District communities,signed
299,Mariam Fuseini,F,Community Health Officer,Kumbungu District communities,Kumbungu District communities,signed
300,Fuseini Iddrisu,F,Midwife,Kumbungu District communities,Kumbungu District communities,signed
301,Yakubu Fuseini,F,Medical Assistant,Kumbungu District communities,Kumbungu District communities,signed
302,Fati Abdulai,F,Midwife,Kumbungu District communities,Kumbungu District communities,signed
303,Mariam Issahaku,F,Enrolled Nurse,Kumbungu District communities,Kumbungu District communities,signed
304,Sanatu Iddrisu,F,Midwife,Kumbungu District communities,Kumbungu District communities,signed
305,Hawa Tia,F,Community Health Officer,Kumbungu District communities,Kumbungu District communities,signed
306,Mariam Tia,F,Midwife,Kumbungu District communities,Kumbungu District communities,signed
307,Fuseini Dauda,F,Midwife,Kumbungu District communities,Kumbungu District communities,signed
308,Memunatu Wumbei,F,Medical Assistant,Kumbungu District communities,Kumbungu District communities,signed
309,Issah Mahama,F,Medical Assistant,Kumbungu District communities,Kumbungu District communities,signed
310,Adiza Mahama,F,Midwife,Kumbungu District communities,Kumbungu District communities,signed
311,Adiza Alhassan,F,Disease Control Officer,Kumbungu District communities,Kumbungu District communities,signed
312,Hawa Yakubu,F,Community Health Officer,Kumbungu District communities,Kumbungu District communities,signed
313,Mariam Iddrisu,F,Enrolled Nurse,Kumbungu District communities,Kumbungu District communities,signed
314,Sanatu Iddrisu,F,Midwife,Kumbungu District communities,Kumbungu District communities,signed
315,Mariam Iddrisu,F,Enrolled Nurse,Kumbungu District communities,Kumbungu District communities,signed
316,Issah Yakubu,F,Enrolled Nurse,Kumbungu District communities,Kumbungu District communities,signed
317,Abu Abdulai,F,Community Health Officer,Kumbungu District communities,Kumbungu District communities,signed
318,Fuseini Iddrisu,F,Enrolled Nurse,Kumbungu District communities,Kumbungu District communities,signed
319,Alhassan Tia,F,Community Health Officer,Kumbungu District communities,Kumbungu District communities,signed
320,Adiza Mahama,F,Medical Assistant,Kumbungu District communities,Kumbungu District communities,signed
321,Fati Tia,F,Midwife,Kumbungu District communities,Kumbungu District communities,signed
322,Fuseini Napari,F,Disease Control Officer,Kumbungu District communities,Kumbungu District communities,signed
323,Salamatu Napari,F,Enrolled Nurse,Kumbungu District communities,Kumbungu District communities,signed
324,Salamatu Fuseini,F,Enrolled Nurse,Kumbungu District communities,Kumbungu District communities,signed
325,Fati Seidu,F,Midwife,Kumbungu District communities,Kumbungu District communities,signed
326,Yakubu Mahama,F,Disease Control Officer,Kumbungu District communities,Kumbungu District communities,signed
327,Sanatu Dauda,F,Community Health Officer,Kumbungu District communities,Kumbungu District communities,signed
328,Sanatu Yakubu,F,Community Health Officer,Kumbungu District communities,Kumbungu District communities,signed
329,Mohammed Iddrisu,F,Midwife,Kumbungu District communities,Kumbungu District communities,signed
330,Zuweira Issahaku,F,Enrolled Nurse,Kumbungu District communities,Kumbungu District communities,signed
331,Memunatu Yakubu,F,Community Health Officer,Kumbungu District communities,Kumbungu District communities,signed
332,Ayishetu Mahama,F,Midwife,Kumbungu District communities,Kumbungu District communities,signed
333,Abdul Seidu,F,Medical Assistant,Kumbungu District communities,Kumbungu District communities,signed
334,Yakubu Abdulai,F,Medical Assistant,Kumbungu District communities,Kumbungu District communities,signed
335,Abu Tia,F,Medical Assistant,Kumbungu District communities,Kumbungu District communities,signed
336,Zuweira Wumbei,F,Midwife,Kumbungu District communities,Kumbungu District communities,signed
337,Zuweira Iddrisu,F,Midwife,Kumbungu District communities,Kumbungu District communities,signed
338,Mohammed Iddrisu,F,Enrolled Nurse,Kumbungu District communities,Kumbungu District communities,signed
339,Yakubu Seidu,F,Community Health Officer,Kumbungu District communities,Kumbungu District communities,signed
340,Iddrisu Alhassan,F,Enrolled Nurse,Kumbungu District communities,Kumbungu District communities,signed
341,Iddrisu Napari,F,Community Health Officer,Kumbungu District communities,Kumbungu District communities,signed
342,Memunatu Seidu,F,Midwife,Kumbungu District communities,Kumbungu District communities,signed
343,Yakubu Mahama,F,Midwife,Kumbungu District communities,Kumbungu District communities,signed
344,Sulemana Issahaku,F,Disease Control Officer,Kumbungu District communities,Kumbungu District communities,signed
345,Sanatu Iddrisu,F,Disease Control Officer,Kumbungu District communities,Kumbungu District communities,signed
346,Baba Dauda,F,Medical Assistant,Kumbungu District communities,Kumbungu District communities,signed
347,Salamatu Issahaku,F,Midwife,Kumbungu District communities,Kumbungu District communities,signed
348,Baba Abdulai,F,Enrolled Nurse,Kumbungu District communities,Kumbungu District communities,signed
349,Iddrisu Alhassan,F,Midwife,Kumbungu District communities,Kumbungu District communities,signed
350,Adiza Alhassan,F,Disease Control Officer,Kumbungu District communities,Kumbungu District communities,signed
351,Hawa Mahama,F,Midwife,Kumbungu District communities,Kumbungu District communities,signed
352,Yakubu Fuseini,F,Midwife,Kumbungu District communities,Kumbungu District communities,signed
353,Mariam Wumbei,F,Medical Assistant,Kumbungu District communities,Kumbungu District communities,signed
354,Iddrisu Issahaku,F,Disease Control Officer,Kumbungu District communities,Kumbungu District communities,signed
355,Yakubu Alhassan,F,Enrolled Nurse,Kumbungu District communities,Kumbungu District communities,signed
356,Iddrisu Abdulai,F,Community Health Officer,Kumbungu District communities,Kumbungu District communities,signed
357,Iddrisu Abdulai,F,Community Health Officer,Kumbungu District communities,Kumbungu District communities,signed
358,Mohammed Abdulai,F,Enrolled Nurse,Kumbungu District communities,Kumbungu District communities,signed
359,Alhassan Alhassan,F,Medical Assistant,Kumbungu District communities,Kumbungu District communities,signed
360,Mariam Tia,F,Medical Assistant,Kumbungu District communities,Kumbungu District communities,signed
361,Mohammed Napari,F,Disease Control Officer,Kumbungu District communities,Kumbungu District communities,signed
362,Memunatu Abdulai,F,Medical Assistant,Kumbungu District communities,Kumbungu District communities,signed
363,Yakubu Iddrisu,F,Disease Control Officer,Kumbungu District communities,Kumbungu District communities,signed
364,Memunatu Napari,F,Enrolled Nurse,Kumbungu District communities,Kumbungu District communities,signed
365,Adiza Tia,F,Midwife,Kumbungu District communities,Kumbungu District communities,signed
366,Iddrisu Abdulai,F,Disease Control Officer,Kumbungu District communities,Kumbungu District communities,signed
367,Rahinatu Wumbei,F,Medical Assistant,Kumbungu District communities,Kumbungu District communities,signed
368,Alhassan Dauda,F,Enrolled Nurse,Kumbungu District communities,Kumbungu District communities,signed
369,Yakubu Fuseini,F,Enrolled Nurse,Kumbungu District communities,Kumbungu District communities,signed
370,Adiza Issahaku,F,Community Health Officer,Kumbungu District communities,Kumbungu District communities,signed
371,Fati Wumbei,F,Medical Assistant,Kumbungu District communities,Kumbungu District communities,signed
372,Zuweira Napari,F,Enrolled Nurse,Kumbungu District communities,Kumbungu District communities,signed
373,Abdul Iddrisu,F,Medical Assistant,Kumbungu District communities,Kumbungu District communities,signed
374,Hawa Napari,F,Midwife,Kumbungu District communities,Kumbungu District communities,signed
375,Sanatu Seidu,F,Midwife,Kumbungu District communities,Kumbungu District communities,signed
376,Iddrisu Abdulai,F,Midwife,Kumbungu District communities,Kumbungu District communities,signed
377,Baba Fuseini,F,Medical Assistant,Kumbungu District communities,Kumbungu District communities,signed
378,Salamatu Dauda,F,Midwife,Kumbungu District communities,Kumbungu District communities,signed
379,Abu Dauda,F,Enrolled Nurse,Kumbungu District communities,Kumbungu District communities,signed
380,Ayishetu Napari,F,Medical Assistant,Kumbungu District communities,Kumbungu District communities,signed
381,Abu Alhassan,F,Midwife,Kumbungu District communities,Kumbungu District communities,signed
382,Zuweira Issahaku,F,Community Health Officer,Kumbungu District communities,Kumbungu District communities,signed
383,Fati Tia,F,Midwife,Kumbungu District communities,Kumbungu District communities,signed
384,Ayishetu Wumbei,F,Medical Assistant,Kumbungu District communities,Kumbungu District communities,signed
385,Mariam Iddrisu,F,Disease Control Officer,Kumbungu District communities,Kumbungu District communities,signed
386,Sanatu Seidu,F,Disease Control Officer,Kumbungu District communities,Kumbungu District communities,signed
387,Baba Seidu,F,Enrolled Nurse,Kumbungu District communities,Kumbungu District communities,signed
388,Iddrisu Seidu,F,Midwife,Kumbungu District communities,Kumbungu District communities,signed
389,Fuseini Dauda,F,Community Health Officer,Kumbungu District communities,Kumbungu District communities,signed
390,Alhassan Fuseini,F,Enrolled Nurse,Kumbungu District communities,Kumbungu District communities,signed
391,Issah Napari,F,Enrolled Nurse,Kumbungu District communities,Kumbungu District communities,signed
392,Baba Napari,F,Midwife,Kumbungu District communities,Kumbungu District communities,signed
393,Yakubu Dauda,F,Disease Control Officer,Kumbungu District communities,Kumbungu District communities,signed
394,Zuweira Seidu,F,Enrolled Nurse,Kumbungu District communities,Kumbungu District communities,signed
395,Rahinatu Alhassan,F,Community Health Officer,Kumbungu District communities,Kumbungu District communities,signed
396,Sulemana Iddrisu,F,Disease Control Officer,Kumbungu District communities,Kumbungu District communities,signed
397,Fati Yakubu,F,Community Health Officer,Kumbungu District communities,Kumbungu District communities,signed
398,Sulemana Tia,F,Medical Assistant,Kumbungu District communities,Kumbungu District communities,signed
399,Baba Issahaku,F,Community Health Officer,Kumbungu District communities,Kumbungu District communities,signed
400,Mariam Mahama,F,Midwife,Kumbungu District communities,Kumbungu District communities,signed
401,Mariam Dauda,F,Midwife,Kumbungu District communities,Kumbungu District communities,signed
402,Abdul Alhassan,F,Midwife,Kumbungu District communities,Kumbungu District communities,signed
403,Alhassan Issahaku,F,Midwife,Kumbungu District communities,Kumbungu District communities,signed
404,Abdul Mahama,F,Community Health Officer,Kumbungu District communities,Kumbungu District communities,signed
405,Mariam Abdulai,F,Midwife,Kumbungu District communities,Kumbungu District communities,signed
406,Salamatu Iddrisu,F,Enrolled Nurse,Kumbungu District communities,Kumbungu District communities,signed
407,Mariam Tia,F,Enrolled Nurse,Kumbungu District communities,Kumbungu District communities,signed
408,Hawa Issahaku,F,Medical Assistant,Kumbungu District communities,Kumbungu District communities,signed
409,Fuseini Issahaku,F,Enrolled Nurse,Kumbungu District communities,Kumbungu District communities,signed
410,Fati Abdulai,F,Enrolled Nurse,Kumbungu District communities,Kumbungu District communities,signed
411,Alhassan Issahaku,F,Community Health Officer,Kumbungu District communities,Kumbungu District communities,signed
412,Mariam Wumbei,F,Community Health Officer,Kumbungu District communities,Kumbungu District communities,signed
413,Rahinatu Alhassan,F,Enrolled Nurse,Kumbungu District communities,Kumbungu District communities,signed
414,Hawa Tia,F,Medical Assistant,Kumbungu District communities,Kumbungu District communities,signed
415,Salamatu Yakubu,F,Disease Control Officer,Kumbungu District communities,Kumbungu District communities,signed
416,Baba Mahama,F,Midwife,Kumbungu District communities,Kumbungu District communities,signed
417,Iddrisu Fuseini,F,Enrolled Nurse,Kumbungu District communities,Kumbungu District communities,signed
418,Abdul Yakubu,F,Enrolled Nurse,Kumbungu District communities,Kumbungu District communities,signed
419,Mariam Iddrisu,F,Community Health Officer,Kumbungu District communities,Kumbungu District communities,signed
420,Mariam Wumbei,F,Midwife,Kumbungu District communities,Kumbungu District communities,signed
421,Zuweira Dauda,F,Medical Assistant,Kumbungu District communities,Kumbungu District communities,signed
422,Sanatu Yakubu,F,Disease Control Officer,Kumbungu District communities,Kumbungu District communities,signed
423,Mariam Napari,F,Medical Assistant,Kumbungu District communities,Kumbungu District communities,signed
424,Memunatu Fuseini,F,Midwife,Kumbungu District communities,Kumbungu District communities,signed
425,Abdul Yakubu,F,Disease Control Officer,Kumbungu District communities,Kumbungu District communities,signed
426,Zuweira Abdulai,F,Medical Assistant,Kumbungu District communities,Kumbungu District communities,signed
427,Yakubu Issahaku,F,Disease Control Officer,Kumbungu District communities,Kumbungu District communities,signed
428,Iddrisu Tia,F,Disease Control Officer,Kumbungu District communities,Kumbungu District communities,signed
429,Hawa Dauda,F,Community Health Officer,Kumbungu District communities,Kumbungu District communities,signed
430,Abdul Yakubu,F,Community Health Officer,Kumbungu District communities,Kumbungu District communities,signed
431,Yakubu Tia,F,Enrolled Nurse,Kumbungu District communities,Kumbungu District communities,signed
432,Zuweira Napari,F,Medical Assistant,Kumbungu District communities,Kumbungu District communities,signed
433,Sulemana Yakubu,F,Midwife,Kumbungu District communities,Kumbungu District communities,signed
434,Zuweira Issahaku,F,Enrolled Nurse,Kumbungu District communities,Kumbungu District communities,signed
435,Salamatu Alhassan,F,Community Health Officer,Kumbungu District communities,Kumbungu District communities,signed
436,Yakubu Iddrisu,F,Enrolled Nurse,Kumbungu District communities,Kumbungu District communities,signed
437,Mohammed Fuseini,F,Enrolled Nurse,Kumbungu District communities,Kumbungu District communities,signed
438,Adiza Dauda,F,Enrolled Nurse,Kumbungu District communities,Kumbungu District communities,signed
439,Fati Wumbei,F,Enrolled Nurse,Kumbungu District communities,Kumbungu District communities,signed
440,Mariam Issahaku,F,Community Health Officer,Kumbungu District communities,Kumbungu District communities,signed
441,Hawa Tia,F,Midwife,Kumbungu District communities,Kumbungu District communities,signed
442,Salamatu Alhassan,F,Midwife,Kumbungu District communities,Kumbungu District communities,signed
443,Sanatu Mahama,F,Midwife,Kumbungu District communities,Kumbungu District communities,signed
444,Hawa Abdulai,F,Disease Control Officer,Kumbungu District communities,Kumbungu District communities,signed
445,Adiza Seidu,F,Medical Assistant,Kumbungu District communities,Kumbungu District communities,signed
446,Adiza Issahaku,F,Community Health Officer,Kumbungu District communities,Kumbungu District communities,signed
447,Issah Napari,F,Community Health Officer,Kumbungu District communities,Kumbungu District communities,signed
448,Sulemana Fuseini,F,Medical Assistant,Kumbungu District communities,Kumbungu District communities,signed
449,Fuseini Abdulai,F,Enrolled Nurse,Kumbungu District communities,Kumbungu District communities,signed
450,Adiza Yakubu,F,Medical Assistant,Kumbungu District communities,Kumbungu District communities,signed
451,Hawa Iddrisu,F,Medical Assistant,Kumbungu District communities,Kumbungu District communities,signed
452,Abu Tia,F,Medical Assistant,Kumbungu District communities,Kumbungu District communities,signed
453,Hawa Wumbei,F,Community Health Officer,Kumbungu District communities,Kumbungu District communities,signed
454,Issah Iddrisu,F,Community Health Officer,Kumbungu District communities,Kumbungu District communities,signed
455,Rahinatu Alhassan,F,Community Health Officer,Kumbungu District communities,Kumbungu District communities,signed
456,Baba Alhassan,F,Community Health Officer,Kumbungu District communities,Kumbungu District communities,signed
457,Sanatu Napari,F,Disease Control Officer,Kumbungu District communities,Kumbungu District communities,signed
458,Fati Issahaku,F,Community Health Officer,Kumbungu District communities,Kumbungu District communities,signed
459,Hawa Fuseini,F,Disease Control Officer,Kumbungu District communities,Kumbungu District communities,signed
460,Mariam Alhassan,F,Medical Assistant,Kumbungu District communities,Kumbungu District communities,signed
461,Issah Dauda,F,Community Health Officer,Kumbungu District communities,Kumbungu District communities,signed
462,Fati Issahaku,F,Midwife,Kumbungu District communities,Kumbungu District communities,signed
463,Adiza Abdulai,F,Community Health Officer,Kumbungu District communities,Kumbungu District communities,signed
464,Hawa Alhassan,F,Disease Control Officer,Kumbungu District communities,Kumbungu District communities,signed
465,Sulemana Fuseini,F,Midwife,Kumbungu District communities,Kumbungu District communities,signed
466,Yakubu Alhassan,F,Medical Assistant,Kumbungu District communities,Kumbungu District communities,signed
467,Iddrisu Dauda,F,Enrolled Nurse,Kumbungu District communities,Kumbungu District communities,signed
468,Abu Abdulai,F,Midwife,Kumbungu District communities,Kumbungu District communities,signed
469,Sanatu Tia,F,Community Health Officer,Kumbungu District communities,Kumbungu District communities,signed
470,Mariam Issahaku,F,Medical Assistant,Kumbungu District communities,Kumbungu District communities,signed
471,Fuseini Yakubu,F,Midwife,Kumbungu District communities,Kumbungu District communities,signed
472,Sulemana Issahaku,F,Medical Assistant,Kumbungu District communities,Kumbungu District communities,signed
473,Ayishetu Dauda,F,Midwife,Kumbungu District communities,Kumbungu District communities,signed
474,Salamatu Dauda,F,Midwife,Kumbungu District communities,Kumbungu District communities,signed
475,Fuseini Abdulai,F,Disease Control Officer,Kumbungu District communities,Kumbungu District communities,signed
476,Hawa Yakubu,F,Community Health Officer,Kumbungu District communities,Kumbungu District communities,signed
477,Rahinatu Tia,F,Medical Assistant,Kumbungu District communities,Kumbungu District communities,signed
478,Salamatu Wumbei,F,Enrolled Nurse,Kumbungu District communities,Kumbungu District communities,signed
479,Hawa Alhassan,F,Enrolled Nurse,Kumbungu District communities,Kumbungu District communities,signed
480,Zuweira Napari,F,Medical Assistant,Kumbungu District communities,Kumbungu District communities,signed
481,Fati Mahama,F,Midwife,Kumbungu District communities,Kumbungu District communities,signed
482,Memunatu Seidu,F,Community Health Officer,Kumbungu District communities,Kumbungu District communities,signed
483,Rahinatu Wumbei,F,Community Health Officer,Kumbungu District communities,Kumbungu District communities,signed
484,Fati Seidu,F,Midwife,Kumbungu District communities,Kumbungu District communities,signed
485,Hawa Issahaku,F,Enrolled Nurse,Kumbungu District communities,Kumbungu District communities,signed
486,Mohammed Seidu,F,Disease Control Officer,Kumbungu District communities,Kumbungu District communities,signed
487,Abu Fuseini,F,Medical Assistant,Kumbungu District communities,Kumbungu District communities,signed
488,Mohammed Abdulai,F,Midwife,Kumbungu District communities,Kumbungu District communities,signed
489,Abdul Napari,F,Medical Assistant,Kumbungu District communities,Kumbungu District communities,signed
490,Memunatu Yakubu,F,Community Health Officer,Kumbungu District communities,Kumbungu District communities,signed
491,Alhassan Alhassan,F,Enrolled Nurse,Kumbungu District communities,Kumbungu District communities,signed
492,Rahinatu Tia,F,Enrolled Nurse,Kumbungu District communities,Kumbungu District communities,signed
493,Ayishetu Fuseini,F,Enrolled Nurse,Kumbungu District communities,Kumbungu District communities,signed
494,Salamatu Yakubu,F,Disease Control Officer,Kumbungu District communities,Kumbungu District communities,signed
495,Hawa Napari,F,Community Health Officer,Kumbungu District communities,Kumbungu District communities,signed
496,Abu Alhassan,F,Enrolled Nurse,Kumbungu District communities,Kumbungu District communities,signed
497,Salamatu Dauda,F,Disease Control Officer,Kumbungu District communities,Kumbungu District communities,signed
498,Fati Tia,F,Medical Assistant,Kumbungu District communities,Kumbungu District communities,signed
499,Hawa Iddrisu,F,Medical Assistant,Kumbungu District communities,Kumbungu District communities,signed
500,Zuweira Dauda,F,Enrolled Nurse,Kumbungu District communities,Kumbungu District communities,signed
501,Abu Yakubu,F,Community Health Officer,Kumbungu District communities,Kumbungu District communities,signed
502,Issah Abdulai,F,Enrolled Nurse,Kumbungu District communities,Kumbungu District communities,signed
503,Abdul Mahama,F,Midwife,Kumbungu District communities,Kumbungu District communities,signed
504,Abu Abdulai,F,Disease Control Officer,Kumbungu District communities,Kumbungu District communities,signed
505,Mariam Iddrisu,F,Community Health Officer,Kumbungu District communities,Kumbungu District communities,signed
506,Zuweira Iddrisu,F,Medical Assistant,Kumbungu District communities,Kumbungu District communities,signed
507,Mohammed Iddrisu,F,Medical Assistant,Kumbungu District communities,Kumbungu District communities,signed
508,Mohammed Napari,F,Disease Control Officer,Kumbungu District communities,Kumbungu District communities,signed
509,Fuseini Seidu,F,Enrolled Nurse,Kumbungu District communities,Kumbungu District communities,signed
510,Mohammed Dauda,F,Enrolled Nurse,Kumbungu District communities,Kumbungu District communities,signed
511,Memunatu Abdulai,F,Disease Control Officer,Kumbungu District communities,Kumbungu District communities,signed
512,Memunatu Tia,F,Community Health Officer,Kumbungu District communities,Kumbungu District communities,signed
513,Fuseini Iddrisu,F,Medical Assistant,Kumbungu District communities,Kumbungu District communities,signed
514,Abdul Napari,F,Midwife,Kumbungu District communities,Kumbungu District communities,signed
515,Zuweira Yakubu,F,Enrolled Nurse,Kumbungu District communities,Kumbungu District communities,signed
516,Baba Seidu,F,Community Health Officer,Kumbungu District communities,Kumbungu District communities,signed
517,Memunatu Mahama,F,Medical Assistant,Kumbungu District communities,Kumbungu District communities,signed
518,Memunatu Wumbei,F,Medical Assistant,Kumbungu District communities,Kumbungu District communities,signed
519,Abdul Dauda,F,Midwife,Kumbungu District communities,Kumbungu District communities,signed
520,Iddrisu Abdulai,F,Midwife,Kumbungu District communities,Kumbungu District communities,signed
521,Adiza Issahaku,F,Disease Control Officer,Kumbungu District communities,Kumbungu District communities,signed
522,Abu Abdulai,F,Midwife,Kumbungu District communities,Kumbungu District communities,signed
523,Sulemana Mahama,F,Midwife,Kumbungu District communities,Kumbungu District communities,signed
524,Abu Dauda,F,Medical Assistant,Kumbungu District communities,Kumbungu District communities,signed
525,Alhassan Fuseini,F,Community Health Officer,Kumbungu District communities,Kumbungu District communities,signed
526,Iddrisu Yakubu,F,Enrolled Nurse,Kumbungu District communities,Kumbungu District communities,signed
527,Mohammed Seidu,F,Disease Control Officer,Kumbungu District communities,Kumbungu District communities,signed
528,Alhassan Iddrisu,F,Disease Control Officer,Kumbungu District communities,Kumbungu District communities,signed
529,Adiza Mahama,F,Midwife,Kumbungu District communities,Kumbungu District communities,signed
530,Sulemana Fuseini,F,Disease Control Officer,Kumbungu District communities,Kumbungu District communities,signed
531,Alhassan Alhassan,F,Community Health Officer,Kumbungu District communities,Kumbungu District communities,signed
532,Baba Abdulai,F,Disease Control Officer,Kumbungu District communities,Kumbungu District communities,signed
533,Abu Mahama,F,Community Health Officer,Kumbungu District communities,Kumbungu District communities,signed
534,Zuweira Tia,F,Community Health Officer,Kumbungu District communities,Kumbungu District communities,signed
535,Adiza Dauda,F,Midwife,Kumbungu District communities,Kumbungu District communities,signed
536,Adiza Iddrisu,F,Midwife,Kumbungu District communities,Kumbungu District communities,signed
537,Baba Yakubu,F,Midwife,Kumbungu District communities,Kumbungu District communities,signed
538,Salamatu Napari,F,Medical Assistant,Kumbungu District communities,Kumbungu District communities,signed
539,Abdul Fuseini,F,Midwife,Kumbungu District communities,Kumbungu District communities,signed
540,Sulemana Dauda,F,Enrolled Nurse,Kumbungu District communities,Kumbungu District communities,signed
541,Sulemana Issahaku,F,Midwife,Kumbungu District communities,Kumbungu District communities,signed
542,Iddrisu Yakubu,F,Disease Control Officer,Kumbungu District communities,Kumbungu District communities,signed
543,Sanatu Mahama,F,Community Health Officer,Kumbungu District communities,Kumbungu District communities,signed
544,Abdul Seidu,F,Midwife,Kumbungu District communities,Kumbungu District communities,signed
545,Yakubu Tia,F,Enrolled Nurse,Kumbungu District communities,Kumbungu District communities,signed
546,Yakubu Tia,F,Midwife,Kumbungu District communities,Kumbungu District communities,signed
547,Yakubu Wumbei,F,Midwife,Kumbungu District communities,Kumbungu District communities,signed
548,Zuweira Wumbei,F,Community Health Officer,Kumbungu District communities,Kumbungu District communities,signed
549,Sanatu Dauda,F,Disease Control Officer,Kumbungu District communities,Kumbungu District communities,signed
550,Zuweira Issahaku,F,Medical Assistant,Kumbungu District communities,Kumbungu District communities,signed
551,Adiza Mahama,F,Medical Assistant,Kumbungu District communities,Kumbungu District communities,signed
552,Abdul Iddrisu,F,Community Health Officer,Kumbungu District communities,Kumbungu District communities,signed
553,Mariam Tia,F,Medical Assistant,Kumbungu District communities,Kumbungu District communities,signed
554,Salamatu Seidu,F,Medical Assistant,Kumbungu District communities,Kumbungu District communities,signed
555,Alhassan Napari,F,Midwife,Kumbungu District communities,Kumbungu District communities,signed
556,Baba Seidu,F,Medical Assistant,Kumbungu District communities,Kumbungu District communities,signed
557,Yakubu Yakubu,F,Midwife,Kumbungu District communities,Kumbungu District communities,signed
558,Alhassan Fuseini,F,Enrolled Nurse,Kumbungu District communities,Kumbungu District communities,signed
559,Sulemana Fuseini,F,Enrolled Nurse,Kumbungu District communities,Kumbungu District communities,signed
560,Mohammed Alhassan,F,Midwife,Kumbungu District communities,Kumbungu District communities,signed
561,Sanatu Abdulai,F,Midwife,Kumbungu District communities,Kumbungu District communities,signed
562,Zuweira Wumbei,F,Enrolled Nurse,Kumbungu District communities,Kumbungu District communities,signed
563,Issah Tia,F,Enrolled Nurse,Kumbungu District communities,Kumbungu District communities,signed
564,Alhassan Fuseini,F,Medical Assistant,Kumbungu District communities,Kumbungu District communities,signed
565,Sanatu Wumbei,F,Medical Assistant,Kumbungu District communities,Kumbungu District communities,signed
566,Fuseini Issahaku,F,Medical Assistant,Kumbungu District communities,Kumbungu District communities,signed
567,Adiza Yakubu,F,Medical Assistant,Kumbungu District communities,Kumbungu District communities,signed
568,Memunatu Tia,F,Midwife,Kumbungu District communities,Kumbungu District communities,signed
569,Adiza Alhassan,F,Midwife,Kumbungu District communities,Kumbungu District communities,signed
570,Mariam Seidu,F,Medical Assistant,Kumbungu District communities,Kumbungu District communities,signed
571,Mariam Fuseini,F,Community Health Officer,Kumbungu District communities,Kumbungu District communities,signed
572,Abu Dauda,F,Medical Assistant,Kumbungu District communities,Kumbungu District communities,signed
573,Hawa Seidu,F,Medical Assistant,Kumbungu District communities,Kumbungu District communities,signed
574,Salamatu Iddrisu,F,Disease Control Officer,Kumbungu District communities,Kumbungu District communities,signed
575,Baba Mahama,F,Community Health Officer,Kumbungu District communities,Kumbungu District communities,signed
576,Fuseini Seidu,F,Disease Control Officer,Kumbungu District communities,Kumbungu District communities,signed
577,Ayishetu Fuseini,F,Disease Control Officer,Kumbungu District communities,Kumbungu District communities,signed
578,Mohammed Alhassan,F,Disease Control Officer,Kumbungu District communities,Kumbungu District communities,signed
579,Abdul Napari,F,Midwife,Kumbungu District communities,Kumbungu District communities,signed
580,Abu Napari,F,Medical Assistant,Kumbungu District communities,Kumbungu District communities,signed
581,Hawa Wumbei,F,Disease Control Officer,Kumbungu District communities,Kumbungu District communities,signed
582,Yakubu Seidu,F,Midwife,Kumbungu District communities,Kumbungu District communities,signed
583,Baba Tia,F,Medical Assistant,Kumbungu District communities,Kumbungu District communities,signed
584,Alhassan Issahaku,F,Community Health Officer,Kumbungu District communities,Kumbungu District communities,signed
585,Salamatu Mahama,F,Disease Control Officer,Kumbungu District communities,Kumbungu District communities,signed
586,Hawa Iddrisu,F,Medical Assistant,Kumbungu District communities,Kumbungu District communities,signed
587,Fuseini Issahaku,F,Enrolled Nurse,Kumbungu District communities,Kumbungu District communities,signed
588,Adiza Mahama,F,Enrolled Nurse,Kumbungu District communities,Kumbungu District communities,signed
589,Baba Tia,F,Enrolled Nurse,Kumbungu District communities,Kumbungu District communities,signed
590,Fuseini Abdulai,F,Enrolled Nurse,Kumbungu District communities,Kumbungu District communities,signed
591,Rahinatu Fuseini,F,Disease Control Officer,Kumbungu District communities,Kumbungu District communities,signed
592,Sulemana Wumbei,F,Enrolled Nurse,Kumbungu District communities,Kumbungu District communities,signed
593,Abdul Seidu,F,Medical Assistant,Kumbungu District communities,Kumbungu District communities,signed
594,Mariam Seidu,F,Disease Control Officer,Kumbungu District communities,Kumbungu District communities,signed
595,Abdul Issahaku,F,Enrolled Nurse,Kumbungu District communities,Kumbungu District communities,signed
596,Mohammed Iddrisu,F,Midwife,Kumbungu District communities,Kumbungu District communities,signed
597,Ayishetu Mahama,F,Community Health Officer,Kumbungu District communities,Kumbungu District communities,signed
598,Zuweira Yakubu,F,Community Health Officer,Kumbungu District communities,Kumbungu District communities,signed
599,Salamatu Alhassan,F,Enrolled Nurse,Kumbungu District communities,Kumbungu District communities,signed
600,Yakubu Yakubu,F,Community Health Officer,Kumbungu District communities,Kumbungu District communities,signed
601,Iddrisu Issahaku,F,Community Health Officer,Kumbungu District communities,Kumbungu District communities,signed
602,Issah Alhassan,F,Disease Control Officer,Kumbungu District communities,Kumbungu District communities,signed
603,Baba Abdulai,F,Midwife,Kumbungu District communities,Kumbungu District communities,signed
604,Iddrisu Yakubu,F,Community Health Officer,Kumbungu District communities,Kumbungu District communities,signed
605,Fuseini Dauda,F,Medical Assistant,Kumbungu District communities,Kumbungu District communities,signed
606,Iddrisu Abdulai,F,Midwife,Kumbungu District communities,Kumbungu District communities,signed
607,Sulemana Alhassan,F,Enrolled Nurse,Kumbungu District communities,Kumbungu District communities,signed
608,Fati Abdulai,F,Community Health Officer,Kumbungu District communities,Kumbungu District communities,signed
609,Alhassan Abdulai,F,Community Health Officer,Kumbungu District communities,Kumbungu District communities,signed
610,Abdul Seidu,F,Midwife,Kumbungu District communities,Kumbungu District communities,signed
611,Issah Iddrisu,F,Midwife,Kumbungu District communities,Kumbungu District communities,signed
612,Issah Alhassan,F,Midwife,Kumbungu District communities,Kumbungu District communities,signed
613,Sulemana Seidu,F,Midwife,Kumbungu District communities,Kumbungu District communities,signed
614,Abu Abdulai,F,Medical Assistant,Kumbungu District communities,Kumbungu District communities,signed
615,Hawa Fuseini,F,Medical Assistant,Kumbungu District communities,Kumbungu District communities,signed
616,Rahinatu Iddrisu,F,Midwife,Kumbungu District communities,Kumbungu District communities,signed
617,Fuseini Mahama,F,Midwife,Kumbungu District communities,Kumbungu District communities,signed
618,Alhassan Alhassan,F,Midwife,Kumbungu District communities,Kumbungu District communities,signed
619,Abu Napari,F,Community Health Officer,Kumbungu District communities,Kumbungu District communities,signed
620,Sanatu Tia,F,Disease Control Officer,Kumbungu District communities,Kumbungu District communities,signed
621,Fati Iddrisu,F,Disease Control Officer,Kumbungu District communities,Kumbungu District communities,signed
622,Memunatu Mahama,F,Medical Assistant,Kumbungu District communities,Kumbungu District communities,signed
623,Sanatu Mahama,F,Disease Control Officer,Kumbungu District communities,Kumbungu District communities,signed
624,Hawa Napari,F,Medical Assistant,Kumbungu District communities,Kumbungu District communities,signed
625,Adiza Alhassan,F,Community Health Officer,Kumbungu District communities,Kumbungu District communities,signed
626,Baba Tia,F,Midwife,Kumbungu District communities,Kumbungu District communities,signed
627,Fuseini Alhassan,F,Medical Assistant,Kumbungu District communities,Kumbungu District communities,signed
628,Alhassan Dauda,F,Community Health Officer,Kumbungu District communities,Kumbungu District communities,signed
629,Adiza Dauda,F,Disease Control Officer,Kumbungu District communities,Kumbungu District communities,signed
630,Abdul Seidu,F,Medical Assistant,Kumbungu District communities,Kumbungu District communities,signed
631,Zuweira Wumbei,F,Medical Assistant,Kumbungu District communities,Kumbungu District communities,signed
632,Iddrisu Seidu,F,Medical Assistant,Kumbungu District communities,Kumbungu District communities,signed
633,Memunatu Wumbei,F,Midwife,Kumbungu District communities,Kumbungu District communities,signed
634,Hawa Fuseini,F,Midwife,Kumbungu District communities,Kumbungu District communities,signed
635,Rahinatu Yakubu,F,Disease Control Officer,Kumbungu District communities,Kumbungu District communities,signed
636,Abdul Wumbei,F,Enrolled Nurse,Kumbungu District communities,Kumbungu District communities,signed
637,Hawa Napari,F,Disease Control Officer,Kumbungu District communities,Kumbungu District communities,signed
638,Rahinatu Wumbei,F,Enrolled Nurse,Kumbungu District communities,Kumbungu District communities,signed
639,Alhassan Wumbei,F,Disease Control Officer,Kumbungu District communities,Kumbungu District communities,signed
640,Fuseini Issahaku,F,Community Health Officer,Kumbungu District communities,Kumbungu District communities,signed
641,Fuseini Mahama,F,Midwife,Kumbungu District communities,Kumbungu District communities,signed
642,Iddrisu Abdulai,F,Disease Control Officer,Kumbungu District communities,Kumbungu District communities,signed
643,Iddrisu Issahaku,F,Disease Control Officer,Kumbungu District communities,Kumbungu District communities,signed
644,Adiza Fuseini,F,Community Health Officer,Kumbungu District communities,Kumbungu District communities,signed
645,Mariam Wumbei,F,Midwife,Kumbungu District communities,Kumbungu District communities,signed
646,Issah Fuseini,F,Enrolled Nurse,Kumbungu District communities,Kumbungu District communities,signed
647,Issah Wumbei,F,Medical Assistant,Kumbungu District communities,Kumbungu District communities,signed
648,Sanatu Dauda,F,Enrolled Nurse,Kumbungu District communities,Kumbungu District communities,signed
649,Mariam Dauda,F,Medical Assistant,Kumbungu District communities,Kumbungu District communities,signed
650,Abu Abdulai,F,Community Health Officer,Kumbungu District communities,Kumbungu District communities,signed
651,Fuseini Dauda,F,Enrolled Nurse,Kumbungu District communities,Kumbungu District communities,signed
652,Zuweira Abdulai,F,Enrolled Nurse,Kumbungu District communities,Kumbungu District communities,signed
653,Rahinatu Seidu,F,Midwife,Kumbungu District communities,Kumbungu District communities,signed
654,Adiza Tia,F,Disease Control Officer,Kumbungu District communities,Kumbungu District communities,signed
655,Iddrisu Wumbei,F,Enrolled Nurse,Kumbungu District communities,Kumbungu District communities,signed
656,Sanatu Napari,F,Enrolled Nurse,Kumbungu District communities,Kumbungu District communities,signed
657,Ayishetu Napari,F,Medical Assistant,Kumbungu District communities,Kumbungu District communities,signed
658,Issah Mahama,F,Midwife,Kumbungu District communities,Kumbungu District communities,signed
659,Mohammed Mahama,F,Disease Control Officer,Kumbungu District communities,Kumbungu District communities,signed
660,Baba Dauda,F,Midwife,Kumbungu District communities,Kumbungu District communities,signed
661,Abu Napari,F,Medical Assistant,Kumbungu District communities,Kumbungu District communities,signed
662,Yakubu Issahaku,F,Disease Control Officer,Kumbungu District communities,Kumbungu District communities,signed
663,Fati Iddrisu,F,Medical Assistant,Kumbungu District communities,Kumbungu District communities,signed
664,Abdul Abdulai,F,Community Health Officer,Kumbungu District communities,Kumbungu District communities,signed
665,Fati Yakubu,F,Medical Assistant,Kumbungu District communities,Kumbungu District communities,signed
666,Sulemana Iddrisu,F,Community Health Officer,Kumbungu District communities,Kumbungu District communities,signed
667,Mohammed Seidu,F,Disease Control Officer,Kumbungu District communities,Kumbungu District communities,signed
668,Alhassan Alhassan,F,Community Health Officer,Kumbungu District communities,Kumbungu District communities,signed
669,Alhassan Tia,F,Enrolled Nurse,Kumbungu District communities,Kumbungu District communities,signed
670,Hawa Alhassan,F,Midwife,Kumbungu District communities,Kumbungu District communities,signed
671,Yakubu Iddrisu,F,Midwife,Kumbungu District communities,Kumbungu District communities,signed
672,Rahinatu Issahaku,F,Community Health Officer,Kumbungu District communities,Kumbungu District communities,signed
673,Yakubu Alhassan,F,Disease Control Officer,Kumbungu District communities,Kumbungu District communities,signed
674,Mohammed Abdulai,F,Medical Assistant,Kumbungu District communities,Kumbungu District communities,signed
675,Baba Wumbei,F,Medical Assistant,Kumbungu District communities,Kumbungu District communities,signed
676,Zuweira Abdulai,F,Medical Assistant,Kumbungu District communities,Kumbungu District communities,signed
677,Fuseini Seidu,F,Community Health Officer,Kumbungu District communities,Kumbungu District communities,signed
678,Ayishetu Yakubu,F,Medical Assistant,Kumbungu District communities,Kumbungu District communities,signed
679,Fuseini Tia,F,Midwife,Kumbungu District communities,Kumbungu District communities,signed
680,Rahinatu Alhassan,F,Disease Control Officer,Kumbungu District communities,Kumbungu District communities,signed
681,Issah Tia,F,Enrolled Nurse,Kumbungu District communities,Kumbungu District communities,signed
682,Ayishetu Alhassan,F,Midwife,Kumbungu District communities,Kumbungu District communities,signed
683,Fuseini Iddrisu,F,Medical Assistant,Kumbungu District communities,Kumbungu District communities,signed
684,Rahinatu Wumbei,F,Enrolled Nurse,Kumbungu District communities,Kumbungu District communities,signed
685,Issah Tia,F,Medical Assistant,Kumbungu District communities,Kumbungu District communities,signed
686,Memunatu Seidu,F,Midwife,Kumbungu District communities,Kumbungu District communities,signed
687,Hawa Abdulai,F,Enrolled Nurse,Kumbungu District communities,Kumbungu District communities,signed
688,Ayishetu Abdulai,F,Midwife,Kumbungu District communities,Kumbungu District communities,signed
689,Fuseini Wumbei,F,Enrolled Nurse,Kumbungu District communities,Kumbungu District communities,signed
690,Hawa Fuseini,F,Disease Control Officer,Kumbungu District communities,Kumbungu District communities,signed
691,Baba Alhassan,F,Enrolled Nurse,Kumbungu District communities,Kumbungu District communities,signed
692,Abdul Seidu,F,Midwife,Kumbungu District communities,Kumbungu District communities,signed
693,Sanatu Abdulai,F,Enrolled Nurse,Kumbungu District communities,Kumbungu District communities,signed
694,Sanatu Napari,F,Enrolled Nurse,Kumbungu District communities,Kumbungu District communities,signed
695,Memunatu Napari,F,Enrolled Nurse,Kumbungu District communities,Kumbungu District communities,signed
696,Fuseini Napari,F,Midwife,Kumbungu District communities,Kumbungu District communities,signed
697,Baba Napari,F,Midwife,Kumbungu District communities,Kumbungu District communities,signed
698,Abu Yakubu,F,Disease Control Officer,Kumbungu District communities,Kumbungu District communities,signed
699,Zuweira Issahaku,F,Enrolled Nurse,Kumbungu District communities,Kumbungu District communities,signed
700,Yakubu Dauda,F,Disease Control Officer,Kumbungu District communities,Kumbungu District communities,signed
701,Mariam Fuseini,F,Community Health Officer,Kumbungu District communities,Kumbungu District communities,signed
702,Zuweira Tia,F,Community Health Officer,Kumbungu District communities,Kumbungu District communities,signed
703,Zuweira Tia,F,Disease Control Officer,Kumbungu District communities,Kumbungu District communities,signed
704,Issah Yakubu,F,Community Health Officer,Kumbungu District communities,Kumbungu District communities,signed
705,Mohammed Abdulai,F,Midwife,Kumbungu District communities,Kumbungu District communities,signed
706,Memunatu Dauda,F,Community Health Officer,Kumbungu District communities,Kumbungu District communities,signed
707,Rahinatu Mahama,F,Medical Assistant,Kumbungu District communities,Kumbungu District communities,signed
708,Mariam Issahaku,F,Enrolled Nurse,Kumbungu District communities,Kumbungu District communities,signed
709,Memunatu Dauda,F,Community Health Officer,Kumbungu District communities,Kumbungu District communities,signed
710,Adiza Fuseini,F,Enrolled Nurse,Kumbungu District communities,Kumbungu District communities,signed
711,Memunatu Tia,F,Midwife,Kumbungu District communities,Kumbungu District communities,signed
712,Abdul Wumbei,F,Midwife,Kumbungu District communities,Kumbungu District communities,signed
713,Alhassan Yakubu,F,Community Health Officer,Kumbungu District communities,Kumbungu District communities,signed
714,Zuweira Abdulai,F,Enrolled Nurse,Kumbungu District communities,Kumbungu District communities,signed
715,Memunatu Dauda,F,Disease Control Officer,Kumbungu District communities,Kumbungu District communities,signed
716,Hawa Napari,F,Medical Assistant,Kumbungu District communities,Kumbungu District communities,signed
717,Ayishetu Dauda,F,Community Health Officer,Kumbungu District communities,Kumbungu District communities,signed
718,Mariam Wumbei,F,Medical Assistant,Kumbungu District communities,Kumbungu District communities,signed
719,Issah Dauda,F,Enrolled Nurse,Kumbungu District communities,Kumbungu District communities,signed
720,Adiza Alhassan,F,Medical Assistant,Kumbungu District communities,Kumbungu District communities,signed
721,Abu Napari,F,Community Health Officer,Kumbungu District communities,Kumbungu District communities,signed
722,Abdul Mahama,F,Medical Assistant,Kumbungu District communities,Kumbungu District communities,signed
723,Sulemana Tia,F,Medical Assistant,Kumbungu District communities,Kumbungu District communities,signed
724,Alhassan Seidu,F,Enrolled Nurse,Kumbungu District communities,Kumbungu District communities,signed
725,Baba Alhassan,F,Enrolled Nurse,Kumbungu District communities,Kumbungu District communities,signed
726,Abu Issahaku,F,Disease Control Officer,Kumbungu District communities,Kumbungu District communities,signed
727,Salamatu Alhassan,F,Midwife,Kumbungu District communities,Kumbungu District communities,signed
728,Salamatu Alhassan,F,Community Health Officer,Kumbungu District communities,Kumbungu District communities,signed
729,Memunatu Abdulai,F,Midwife,Kumbungu District communities,Kumbungu District communities,signed
730,Mohammed Tia,F,Disease Control Officer,Kumbungu District communities,Kumbungu District communities,signed
731,Memunatu Abdulai,F,Disease Control Officer,Kumbungu District communities,Kumbungu District communities,signed
732,Fuseini Fuseini,F,Medical Assistant,Kumbungu District communities,Kumbungu District communities,signed
733,Baba Mahama,F,Community Health Officer,Kumbungu District communities,Kumbungu District communities,signed
734,Yakubu Fuseini,F,Midwife,Kumbungu District communities,Kumbungu District communities,signed
735,Yakubu Mahama,F,Midwife,Kumbungu District communities,Kumbungu District communities,signed
736,Abu Yakubu,F,Community Health Officer,Kumbungu District communities,Kumbungu District communities,signed
737,Fuseini Wumbei,F,Medical Assistant,Kumbungu District communities,Kumbungu District communities,signed
738,Iddrisu Seidu,F,Medical Assistant,Kumbungu District communities,Kumbungu District communities,signed
739,Fati Yakubu,F,Community Health Officer,Kumbungu District communities,Kumbungu District communities,signed
740,Sanatu Tia,F,Midwife,Kumbungu District communities,Kumbungu District communities,signed
741,Fati Wumbei,F,Midwife,Kumbungu District communities,Kumbungu District communities,signed
742,Zuweira Abdulai,F,Enrolled Nurse,Kumbungu District communities,Kumbungu District communities,signed
743,Mariam Seidu,F,Community Health Officer,Kumbungu District communities,Kumbungu District communities,signed
744,Hawa Napari,F,Community Health Officer,Kumbungu District communities,Kumbungu District communities,signed
745,Iddrisu Issahaku,F,Community Health Officer,Kumbungu District communities,Kumbungu District communities,signed
746,Adiza Iddrisu,F,Midwife,Kumbungu District communities,Kumbungu District communities,signed
747,Salamatu Alhassan,F,Enrolled Nurse,Kumbungu District communities,Kumbungu District communities,signed
748,Iddrisu Seidu,F,Community Health Officer,Kumbungu District communities,Kumbungu District communities,signed
749,Adiza Fuseini,F,Midwife,Kumbungu District communities,Kumbungu District communities,signed
750,Memunatu Mahama,F,Medical Assistant,Kumbungu District communities,Kumbungu District communities,signed
751,Issah Dauda,F,Midwife,Kumbungu District communities,Kumbungu District communities,signed
752,Fati Issahaku,F,Disease Control Officer,Kumbungu District communities,Kumbungu District communities,signed
753,Fati Seidu,F,Community Health Officer,Kumbungu District communities,Kumbungu District communities,signed
754,Issah Tia,F,Midwife,Kumbungu District communities,Kumbungu District communities,signed
755,Adiza Fuseini,F,Midwife,Kumbungu District communities,Kumbungu District communities,signed
756,Yakubu Napari,F,Midwife,Kumbungu District communities,Kumbungu District communities,signed
757,Iddrisu Issahaku,F,Medical Assistant,Kumbungu District communities,Kumbungu District communities,signed
758,Mariam Yakubu,F,Medical Assistant,Kumbungu District communities,Kumbungu District communities,signed
759,Abdul Dauda,F,Midwife,Kumbungu District communities,Kumbungu District communities,signed
760,Ayishetu Abdulai,F,Midwife,Kumbungu District communities,Kumbungu District communities,signed
761,Iddrisu Abdulai,F,Disease Control Officer,Kumbungu District communities,Kumbungu District communities,signed
762,Mohammed Seidu,F,Enrolled Nurse,Kumbungu District communities,Kumbungu District communities,signed
763,Yakubu Issahaku,F,Enrolled Nurse,Kumbungu District communities,Kumbungu District communities,signed
764,Yakubu Mahama,F,Medical Assistant,Kumbungu District communities,Kumbungu District communities,signed
765,Iddrisu Dauda,F,Medical Assistant,Kumbungu District communities,Kumbungu District communities,signed
766,Mariam Alhassan,F,Community Health Officer,Kumbungu District communities,Kumbungu District communities,signed
767,Mariam Mahama,F,Disease Control Officer,Kumbungu District communities,Kumbungu District communities,signed
768,Zuweira Issahaku,F,Community Health Officer,Kumbungu District communities,Kumbungu District communities,signed
769,Ayishetu Tia,F,Medical Assistant,Kumbungu District communities,Kumbungu District communities,signed
770,Rahinatu Yakubu,F,Community Health Officer,Kumbungu District communities,Kumbungu District communities,signed
771,Fuseini Wumbei,F,Medical Assistant,Kumbungu District communities,Kumbungu District communities,signed
772,Mohammed Abdulai,F,Disease Control Officer,Kumbungu District communities,Kumbungu District communities,signed
773,Fuseini Alhassan,F,Midwife,Kumbungu District communities,Kumbungu District communities,signed
774,Mariam Iddrisu,F,Medical Assistant,Kumbungu District communities,Kumbungu District communities,signed
775,Salamatu Napari,F,Community Health Officer,Kumbungu District communities,Kumbungu District communities,signed
776,Alhassan Wumbei,F,Community Health Officer,Kumbungu District communities,Kumbungu District communities,signed
777,Mariam Abdulai,F,Enrolled Nurse,Kumbungu District communities,Kumbungu District communities,signed
778,Yakubu Mahama,F,Midwife,Kumbungu District communities,Kumbungu District communities,signed
779,Memunatu Dauda,F,Enrolled Nurse,Kumbungu District communities,Kumbungu District communities,signed
780,Abu Alhassan,F,Enrolled Nurse,Kumbungu District communities,Kumbungu District communities,signed
781,Iddrisu Dauda,F,Enrolled Nurse,Kumbungu District communities,Kumbungu District communities,signed
782,Alhassan Iddrisu,F,Medical Assistant,Kumbungu District communities,Kumbungu District communities,signed
783,Alhassan Mahama,F,Midwife,Kumbungu District communities,Kumbungu District communities,signed
784,Mariam Tia,F,Medical Assistant,Kumbungu District communities,Kumbungu District communities,signed
785,Yakubu Napari,F,Midwife,Kumbungu District communities,Kumbungu District communities,signed
786,Rahinatu Dauda,F,Community Health Officer,Kumbungu District communities,Kumbungu District communities,signed
787,Issah Fuseini,F,Community Health Officer,Kumbungu District communities,Kumbungu District communities,signed
788,Yakubu Mahama,F,Midwife,Kumbungu District communities,Kumbungu District communities,signed
789,Fati Seidu,F,Community Health Officer,Kumbungu District communities,Kumbungu District communities,signed
790,Mohammed Wumbei,F,Enrolled Nurse,Kumbungu District communities,Kumbungu District communities,signed
791,Baba Wumbei,F,Medical Assistant,Kumbungu District communities,Kumbungu District communities,signed
792,Memunatu Tia,F,Midwife,Kumbungu District communities,Kumbungu District communities,signed
793,Mohammed Tia,F,Midwife,Kumbungu District communities,Kumbungu District communities,signed
794,Fuseini Dauda,F,Enrolled Nurse,Kumbungu District communities,Kumbungu District communities,signed
795,Salamatu Seidu,F,Enrolled Nurse,Kumbungu District communities,Kumbungu District communities,signed
796,Adiza Tia,F,Disease Control Officer,Kumbungu District communities,Kumbungu District communities,signed
797,Yakubu Wumbei,F,Enrolled Nurse,Kumbungu District communities,Kumbungu District communities,signed
798,Adiza Alhassan,F,Disease Control Officer,Kumbungu District communities,Kumbungu District communities,signed
799,Abdul Fuseini,F,Medical Assistant,Kumbungu District communities,Kumbungu District communities,signed
800,Sulemana Alhassan,F,Community Health Officer,Kumbungu District communities,Kumbungu District communities,signed
801,Baba Issahaku,F,Enrolled Nurse,Kumbungu District communities,Kumbungu District communities,signed
802,Issah Napari,F,Medical Assistant,Kumbungu District communities,Kumbungu District communities,signed
803,Abu Tia,F,Medical Assistant,Kumbungu District communities,Kumbungu District communities,signed
804,Yakubu Dauda,F,Disease Control Officer,Kumbungu District communities,Kumbungu District communities,signed
805,Baba Fuseini,F,Disease Control Officer,Kumbungu District communities,Kumbungu District communities,signed
806,Mohammed Issahaku,F,Medical Assistant,Kumbungu District communities,Kumbungu District communities,signed
807,Fati Issahaku,F,Medical Assistant,Kumbungu District communities,Kumbungu District communities,signed
808,Hawa Dauda,F,Midwife,Kumbungu District communities,Kumbungu District communities,signed
809,Sanatu Seidu,F,Enrolled Nurse,Kumbungu District communities,Kumbungu District communities,signed
810,Sanatu Seidu,F,Community Health Officer,Kumbungu District communities,Kumbungu District communities,signed
811,Abu Dauda,F,Midwife,Kumbungu District communities,Kumbungu District communities,signed
812,Yakubu Fuseini,F,Enrolled Nurse,Kumbungu District communities,Kumbungu District communities,signed
813,Abu Dauda,F,Community Health Officer,Kumbungu District communities,Kumbungu District communities,signed
814,Rahinatu Tia,F,Community Health Officer,Kumbungu District communities,Kumbungu District communities,signed
815,Hawa Seidu,F,Medical Assistant,Kumbungu District communities,Kumbungu District communities,signed
816,Fati Fuseini,F,Disease Control Officer,Kumbungu District communities,Kumbungu District communities,signed
817,Adiza Napari,F,Enrolled Nurse,Kumbungu District communities,Kumbungu District communities,signed
818,Yakubu Seidu,F,Enrolled Nurse,Kumbungu District communities,Kumbungu District communities,signed
819,Fuseini Abdulai,F,Midwife,Kumbungu District communities,Kumbungu District communities,signed
820,Fuseini Abdulai,F,Enrolled Nurse,Kumbungu District communities,Kumbungu District communities,signed
821,Zuweira Issahaku,F,Medical Assistant,Kumbungu District communities,Kumbungu District communities,signed
822,Fati Dauda,F,Midwife,Kumbungu District communities,Kumbungu District communities,signed
823,Hawa Fuseini,F,Medical Assistant,Kumbungu District communities,Kumbungu District communities,signed
824,Mohammed Fuseini,F,Midwife,Kumbungu District communities,Kumbungu District communities,signed
825,Hawa Alhassan,F,Midwife,Kumbungu District communities,Kumbungu District communities,signed
826,Alhassan Seidu,F,Enrolled Nurse,Kumbungu District communities,Kumbungu District communities,signed
827,Fati Napari,F,Midwife,Kumbungu District communities,Kumbungu District communities,signed
828,Hawa Mahama,F,Midwife,Kumbungu District communities,Kumbungu District communities,signed
829,Fati Fuseini,F,Medical Assistant,Kumbungu District communities,Kumbungu District communities,signed
830,Zuweira Alhassan,F,Enrolled Nurse,Kumbungu District communities,Kumbungu District communities,signed
831,Adiza Abdulai,F,Community Health Officer,Kumbungu District communities,Kumbungu District communities,signed
832,Rahinatu Iddrisu,F,Disease Control Officer,Kumbungu District communities,Kumbungu District communities,signed
833,Ayishetu Wumbei,F,Enrolled Nurse,Kumbungu District communities,Kumbungu District communities,signed
834,Abdul Fuseini,F,Medical Assistant,Kumbungu District communities,Kumbungu District communities,signed
835,Alhassan Fuseini,F,Community Health Officer,Kumbungu District communities,Kumbungu District communities,signed
836,Abu Abdulai,F,Enrolled Nurse,Kumbungu District communities,Kumbungu District communities,signed
837,Hawa Alhassan,F,Community Health Officer,Kumbungu District communities,Kumbungu District communities,signed
838,Sulemana Dauda,F,Midwife,Kumbungu District communities,Kumbungu District communities,signed
839,Zuweira Mahama,F,Disease Control Officer,Kumbungu District communities,Kumbungu District communities,signed
840,Memunatu Wumbei,F,Midwife,Kumbungu District communities,Kumbungu District communities,signed
841,Mohammed Abdulai,F,Midwife,Kumbungu District communities,Kumbungu District communities,signed
842,Yakubu Yakubu,F,Medical Assistant,Kumbungu District communities,Kumbungu District communities,signed
843,Memunatu Wumbei,F,Enrolled Nurse,Kumbungu District communities,Kumbungu District communities,signed
844,Issah Mahama,F,Disease Control Officer,Kumbungu District communities,Kumbungu District communities,signed
845,Hawa Tia,F,Disease Control Officer,Kumbungu District communities,Kumbungu District communities,signed
846,Mariam Tia,F,Medical Assistant,Kumbungu District communities,Kumbungu District communities,signed
847,Issah Yakubu,F,Midwife,Kumbungu District communities,Kumbungu District communities,signed
848,Sanatu Issahaku,F,Medical Assistant,Kumbungu District communities,Kumbungu District communities,signed
849,Abu Mahama,F,Midwife,Kumbungu District communities,Kumbungu District communities,signed
850,Issah Seidu,F,Medical Assistant,Kumbungu District communities,Kumbungu District communities,signed
851,Yakubu Napari,F,Medical Assistant,Kumbungu District communities,Kumbungu District communities,signed
852,Yakubu Seidu,F,Disease Control Officer,Kumbungu District communities,Kumbungu District communities,signed
853,Yakubu Fuseini,F,Community Health Officer,Kumbungu District communities,Kumbungu District communities,signed
854,Adiza Tia,F,Enrolled Nurse,Kumbungu District communities,Kumbungu District communities,signed
855,Rahinatu Iddrisu,F,Medical Assistant,Kumbungu District communities,Kumbungu District communities,signed
856,Sanatu Mahama,F,Community Health Officer,Kumbungu District communities,Kumbungu District communities,signed
857,Ayishetu Iddrisu,F,Midwife,Kumbungu District communities,Kumbungu District communities,signed
858,Sulemana Wumbei,F,Midwife,Kumbungu District communities,Kumbungu District communities,signed
859,Sulemana Iddrisu,F,Disease Control Officer,Kumbungu District communities,Kumbungu District communities,signed
860,Ayishetu Alhassan,F,Community Health Officer,Kumbungu District communities,Kumbungu District communities,signed
861,Rahinatu Dauda,F,Medical Assistant,Kumbungu District communities,Kumbungu District communities,signed
862,Mariam Issahaku,F,Medical Assistant,Kumbungu District communities,Kumbungu District communities,signed
863,Zuweira Dauda,F,Community Health Officer,Kumbungu District communities,Kumbungu District communities,signed
864,Mariam Abdulai,F,Community Health Officer,Kumbungu District communities,Kumbungu District communities,signed
865,Alhassan Seidu,F,Community Health Officer,Kumbungu District communities,Kumbungu District communities,signed
866,Iddrisu Fuseini,F,Disease Control Officer,Kumbungu District communities,Kumbungu District communities,signed
867,Sanatu Issahaku,F,Enrolled Nurse,Kumbungu District communities,Kumbungu District communities,signed
868,Adiza Seidu,F,Midwife,Kumbungu District communities,Kumbungu District communities,signed
869,Issah Tia,F,Disease Control Officer,Kumbungu District communities,Kumbungu District communities,signed
870,Fuseini Abdulai,F,Enrolled Nurse,Kumbungu District communities,Kumbungu District communities,signed
871,Mohammed Tia,F,Midwife,Kumbungu District communities,Kumbungu District communities,signed
872,Yakubu Fuseini,F,Enrolled Nurse,Kumbungu District communities,Kumbungu District communities,signed
873,Hawa Wumbei,F,Disease Control Officer,Kumbungu District communities,Kumbungu District communities,signed
874,Baba Wumbei,F,Enrolled Nurse,Kumbungu District communities,Kumbungu District communities,signed
875,Mohammed Abdulai,F,Disease Control Officer,Kumbungu District communities,Kumbungu District communities,signed
876,Abu Abdulai,F,Enrolled Nurse,Kumbungu District communities,Kumbungu District communities,signed
877,Baba Napari,F,Enrolled Nurse,Kumbungu District communities,Kumbungu District communities,signed
878,Salamatu Seidu,F,Community Health Officer,Kumbungu District communities,Kumbungu District communities,signed
879,Hawa Alhassan,F,Medical Assistant,Kumbungu District communities,Kumbungu District communities,signed
880,Abdul Seidu,F,Midwife,Kumbungu District communities,Kumbungu District communities,signed
881,Ayishetu Mahama,F,Midwife,Kumbungu District communities,Kumbungu District communities,signed
882,Zuweira Napari,F,Disease Control Officer,Kumbungu District communities,Kumbungu District communities,signed
883,Sanatu Seidu,F,Medical Assistant,Kumbungu District communities,Kumbungu District communities,signed
884,Rahinatu Yakubu,F,Midwife,Kumbungu District communities,Kumbungu District communities,signed
885,Sanatu Alhassan,F,Enrolled Nurse,Kumbungu District communities,Kumbungu District communities,signed
886,Fati Mahama,F,Medical Assistant,Kumbungu District communities,Kumbungu District communities,signed
887,Yakubu Seidu,F,Medical Assistant,Kumbungu District communities,Kumbungu District communities,signed
888,Fati Iddrisu,F,Disease Control Officer,Kumbungu District communities,Kumbungu District communities,signed
889,Fuseini Yakubu,F,Disease Control Officer,Kumbungu District communities,Kumbungu District communities,signed
890,Alhassan Abdulai,F,Midwife,Kumbungu District communities,Kumbungu District communities,signed
891,Alhassan Issahaku,F,Disease Control Officer,Kumbungu District communities,Kumbungu District communities,signed
892,Salamatu Dauda,F,Disease Control Officer,Kumbungu District communities,Kumbungu District communities,signed
893,Alhassan Napari,F,Disease Control Officer,Kumbungu District communities,Kumbungu District communities,signed
894,Hawa Issahaku,F,Disease Control Officer,Kumbungu District communities,Kumbungu District communities,signed
895,Baba Alhassan,F,Medical Assistant,Kumbungu District communities,Kumbungu District communities,signed
896,Sulemana Abdulai,F,Midwife,Kumbungu District communities,Kumbungu District communities,signed
897,Rahinatu Issahaku,F,Enrolled Nurse,Kumbungu District communities,Kumbungu District communities,signed
898,Zuweira Tia,F,Disease Control Officer,Kumbungu District communities,Kumbungu District communities,signed
899,Memunatu Yakubu,F,Medical Assistant,Kumbungu District communities,Kumbungu District communities,signed
900,Hawa Wumbei,F,Midwife,Kumbungu District communities,Kumbungu District communities,signed
901,Abu Iddrisu,F,Medical Assistant,Kumbungu District communities,Kumbungu District communities,signed
902,Baba Alhassan,F,Community Health Officer,Kumbungu District communities,Kumbungu District communities,signed
903,Issah Abdulai,F,Disease Control Officer,Kumbungu District communities,Kumbungu District communities,signed
904,Sulemana Mahama,F,Disease Control Officer,Kumbungu District communities,Kumbungu District communities,signed
905,Adiza Dauda,F,Midwife,Kumbungu District communities,Kumbungu District communities,signed
906,Rahinatu Abdulai,F,Midwife,Kumbungu District communities,Kumbungu District communities,signed
907,Adiza Mahama,F,Community Health Officer,Kumbungu District communities,Kumbungu District communities,signed
908,Sulemana Yakubu,F,Medical Assistant,Kumbungu District communities,Kumbungu District communities,signed
909,Mariam Dauda,F,Medical Assistant,Kumbungu District communities,Kumbungu District communities,signed
910,Baba Yakubu,F,Midwife,Kumbungu District communities,Kumbungu District communities,signed
911,Zuweira Seidu,F,Enrolled Nurse,Kumbungu District communities,Kumbungu District communities,signed
912,Sulemana Mahama,F,Midwife,Kumbungu District communities,Kumbungu District communities,signed
913,Hawa Seidu,F,Community Health Officer,Kumbungu District communities,Kumbungu District communities,signed
914,Mariam Mahama,F,Disease Control Officer,Kumbungu District communities,Kumbungu District communities,signed
915,Issah Mahama,F,Midwife,Kumbungu District communities,Kumbungu District communities,signed
916,Mohammed Napari,F,Enrolled Nurse,Kumbungu District communities,Kumbungu District communities,signed
917,Mohammed Dauda,F,Community Health Officer,Kumbungu District communities,Kumbungu District communities,signed
918,Zuweira Iddrisu,F,Disease Control Officer,Kumbungu District communities,Kumbungu District communities,signed
919,Rahinatu Tia,F,Community Health Officer,Kumbungu District communities,Kumbungu District communities,signed
920,Fati Dauda,F,Enrolled Nurse,Kumbungu District communities,Kumbungu District communities,signed
921,Yakubu Issahaku,F,Community Health Officer,Kumbungu District communities,Kumbungu District communities,signed
922,Baba Iddrisu,F,Disease Control Officer,Kumbungu District communities,Kumbungu District communities,signed
923,Sulemana Alhassan,F,Medical Assistant,Kumbungu District communities,Kumbungu District communities,signed
924,Baba Iddrisu,F,Medical Assistant,Kumbungu District communities,Kumbungu District communities,signed
925,Sanatu Yakubu,F,Midwife,Kumbungu District communities,Kumbungu District communities,signed
926,Rahinatu Issahaku,F,Disease Control Officer,Kumbungu District communities,Kumbungu District communities,signed
927,Yakubu Alhassan,F,Enrolled Nurse,Kumbungu District communities,Kumbungu District communities,signed
928,Ayishetu Mahama,F,Midwife,Kumbungu District communities,Kumbungu District communities,signed
929,Issah Yakubu,F,Medical Assistant,Kumbungu District communities,Kumbungu District communities,signed
930,Abu Iddrisu,F,Disease Control Officer,Kumbungu District communities,Kumbungu District communities,signed
931,Abu Tia,F,Medical Assistant,Kumbungu District communities,Kumbungu District communities,signed
932,Abdul Wumbei,F,Enrolled Nurse,Kumbungu District communities,Kumbungu District communities,signed
933,Ayishetu Yakubu,F,Midwife,Kumbungu District communities,Kumbungu District communities,signed
934,Abu Iddrisu,F,Medical Assistant,Kumbungu District communities,Kumbungu District communities,signed
935,Alhassan Tia,F,Midwife,Kumbungu District communities,Kumbungu District communities,signed
936,Iddrisu Alhassan,F,Medical Assistant,Kumbungu District communities,Kumbungu District communities,signed
937,Adiza Yakubu,F,Midwife,Kumbungu District communities,Kumbungu District communities,signed
938,Yakubu Seidu,F,Disease Control Officer,Kumbungu District communities,Kumbungu District communities,signed
939,Issah Issahaku,F,Enrolled Nurse,Kumbungu District communities,Kumbungu District communities,signed
940,Abu Napari,F,Community Health Officer,Kumbungu District communities,Kumbungu District communities,signed
941,Fuseini Issahaku,F,Medical Assistant,Kumbungu District communities,Kumbungu District communities,signed
942,Memunatu Wumbei,F,Midwife,Kumbungu District communities,Kumbungu District communities,signed
943,Hawa Fuseini,F,Community Health Officer,Kumbungu District communities,Kumbungu District communities,signed
944,Mohammed Issahaku,F,Midwife,Kumbungu District communities,Kumbungu District communities,signed
945,Baba Tia,F,Disease Control Officer,Kumbungu District communities,Kumbungu District communities,signed
946,Memunatu Napari,F,Midwife,Kumbungu District communities,Kumbungu District communities,signed
947,Alhassan Issahaku,F,Community Health Officer,Kumbungu District communities,Kumbungu District communities,signed
948,Iddrisu Iddrisu,F,Medical Assistant,Kumbungu District communities,Kumbungu District communities,signed
949,Iddrisu Yakubu,F,Community Health Officer,Kumbungu District communities,Kumbungu District communities,signed
950,Salamatu Fuseini,F,Midwife,Kumbungu District communities,Kumbungu District communities,signed
951,Adiza Alhassan,F,Enrolled Nurse,Kumbungu District communities,Kumbungu District communities,signed
952,Yakubu Napari,F,Medical Assistant,Kumbungu District communities,Kumbungu District communities,signed
953,Ayishetu Issahaku,F,Midwife,Kumbungu District communities,Kumbungu District communities,signed
954,Issah Alhassan,F,Disease Control Officer,Kumbungu District communities,Kumbungu District communities,signed
955,Zuweira Alhassan,F,Medical Assistant,Kumbungu District communities,Kumbungu District communities,signed
956,Memunatu Tia,F,Midwife,Kumbungu District communities,Kumbungu District communities,signed
957,Sanatu Napari,F,Disease Control Officer,Kumbungu District communities,Kumbungu District communities,signed
958,Fuseini Abdulai,F,Community Health Officer,Kumbungu District communities,Kumbungu District communities,signed
959,Zuweira Iddrisu,F,Community Health Officer,Kumbungu District communities,Kumbungu District communities,signed
960,Memunatu Abdulai,F,Disease Control Officer,Kumbungu District communities,Kumbungu District communities,signed
961,Iddrisu Yakubu,F,Enrolled Nurse,Kumbungu District communities,Kumbungu District communities,signed
962,Sulemana Yakubu,F,Disease Control Officer,Kumbungu District communities,Kumbungu District communities,signed
963,Alhassan Napari,F,Enrolled Nurse,Kumbungu District communities,Kumbungu District communities,signed
964,Abu Abdulai,F,Medical Assistant,Kumbungu District communities,Kumbungu District communities,signed
965,Mariam Napari,F,Midwife,Kumbungu District communities,Kumbungu District communities,signed
966,Mohammed Alhassan,F,Enrolled Nurse,Kumbungu District communities,Kumbungu District communities,signed
967,Baba Dauda,F,Community Health Officer,Kumbungu District communities,Kumbungu District communities,signed
968,Fati Wumbei,F,Community Health Officer,Kumbungu District communities,Kumbungu District communities,signed
969,Zuweira Yakubu,F,Midwife,Kumbungu District communities,Kumbungu District communities,signed
970,Mariam Issahaku,F,Enrolled Nurse,Kumbungu District communities,Kumbungu District communities,signed
971,Mariam Issahaku,F,Medical Assistant,Kumbungu District communities,Kumbungu District communities,signed
972,Alhassan Issahaku,F,Community Health Officer,Kumbungu District communities,Kumbungu District communities,signed
973,Mohammed Iddrisu,F,Midwife,Kumbungu District communities,Kumbungu District communities,signed
974,Abu Yakubu,F,Medical Assistant,Kumbungu District communities,Kumbungu District communities,signed
975,Issah Yakubu,F,Community Health Officer,Kumbungu District communities,Kumbungu District communities,signed
976,Issah Seidu,F,Community Health Officer,Kumbungu District communities,Kumbungu District communities,signed
977,Sanatu Dauda,F,Medical Assistant,Kumbungu District communities,Kumbungu District communities,signed
978,Abdul Yakubu,F,Midwife,Kumbungu District communities,Kumbungu District communities,signed
979,Abu Mahama,F,Enrolled Nurse,Kumbungu District communities,Kumbungu District communities,signed
980,Ayishetu Fuseini,F,Disease Control Officer,Kumbungu District communities,Kumbungu District communities,signed
981,Ayishetu Yakubu,F,Enrolled Nurse,Kumbungu District communities,Kumbungu District communities,signed
982,Iddrisu Abdulai,F,Disease Control Officer,Kumbungu District communities,Kumbungu District communities,signed
983,Adiza Dauda,F,Medical Assistant,Kumbungu District communities,Kumbungu District communities,signed
984,Iddrisu Wumbei,F,Disease Control Officer,Kumbungu District communities,Kumbungu District communities,signed
985,Fuseini Issahaku,F,Midwife,Kumbungu District communities,Kumbungu District communities,signed
986,Iddrisu Fuseini,F,Midwife,Kumbungu District communities,Kumbungu District communities,signed
987,Fati Tia,F,Midwife,Kumbungu District communities,Kumbungu District communities,signed
988,Sanatu Wumbei,F,Midwife,Kumbungu District communities,Kumbungu District communities,signed
989,Baba Tia,F,Community Health Officer,Kumbungu District communities,Kumbungu District communities,signed
990,Mariam Napari,F,Enrolled Nurse,Kumbungu District communities,Kumbungu District communities,signed
991,Iddrisu Mahama,F,Community Health Officer,Kumbungu District communities,Kumbungu District communities,signed
992,Rahinatu Napari,F,Medical Assistant,Kumbungu District communities,Kumbungu District communities,signed
993,Alhassan Yakubu,F,Medical Assistant,Kumbungu District communities,Kumbungu District communities,signed
994,Salamatu Issahaku,F,Medical Assistant,Kumbungu District communities,Kumbungu District communities,signed
995,Zuweira Alhassan,F,Medical Assistant,Kumbungu District communities,Kumbungu District communities,signed
996,Abdul Napari,F,Enrolled Nurse,Kumbungu District communities,Kumbungu District communities,signed
997,Abdul Fuseini,F,Medical Assistant,Kumbungu District communities,Kumbungu District communities,signed
998,Hawa Tia,F,Disease Control Officer,Kumbungu District communities,Kumbungu District communities,signed
999,Yakubu Seidu,F,Community Health Officer,Kumbungu District communities,Kumbungu District communities,signed
1000,Salamatu Mahama,F,Community Health Officer,Kumbungu District communities,Kumbungu District communities,signed
1001,Mohammed Mahama,F,Enrolled Nurse,Kumbungu District communities,Kumbungu District communities,signed
1002,Mohammed Tia,F,Midwife,Kumbungu District communities,Kumbungu District communities,signed
1003,Issah Abdulai,F,Community Health Officer,Kumbungu District communities,Kumbungu District communities,signed
1004,Mohammed Mahama,F,Enrolled Nurse,Kumbungu District communities,Kumbungu District communities,signed
1005,Alhassan Wumbei,F,Medical Assistant,Kumbungu District communities,Kumbungu District communities,signed
1006,Adiza Dauda,F,Medical Assistant,Kumbungu District communities,Kumbungu District communities,signed
1007,Issah Abdulai,F,Disease Control Officer,Kumbungu District communities,Kumbungu District communities,signed
1008,Sanatu Issahaku,F,Medical Assistant,Kumbungu District communities,Kumbungu District communities,signed
1009,Sanatu Fuseini,F,Community Health Officer,Kumbungu District communities,Kumbungu District communities,signed
1010,Iddrisu Yakubu,F,Medical Assistant,Kumbungu District communities,Kumbungu District communities,signed
1011,Zuweira Seidu,F,Medical Assistant,Kumbungu District communities,Kumbungu District communities,signed
1012,Ayishetu Fuseini,F,Disease Control Officer,Kumbungu District communities,Kumbungu District communities,signed
1013,Baba Issahaku,F,Community Health Officer,Kumbungu District communities,Kumbungu District communities,signed
1014,Memunatu Mahama,F,Medical Assistant,Kumbungu District communities,Kumbungu District communities,signed
1015,Rahinatu Yakubu,F,Midwife,Kumbungu District communities,Kumbungu District communities,signed
1016,Sanatu Fuseini,F,Disease Control Officer,Kumbungu District communities,Kumbungu District communities,signed
1017,Rahinatu Seidu,F,Midwife,Kumbungu District communities,Kumbungu District communities,signed
1018,Sulemana Tia,F,Midwife,Kumbungu District communities,Kumbungu District communities,signed
1019,Iddrisu Alhassan,F,Enrolled Nurse,Kumbungu District communities,Kumbungu District communities,signed
1020,Yakubu Abdulai,F,Disease Control Officer,Kumbungu District communities,Kumbungu District communities,signed
1021,Abdul Fuseini,F,Community Health Officer,Kumbungu District communities,Kumbungu District communities,signed
1022,Fati Wumbei,F,Medical Assistant,Kumbungu District communities,Kumbungu District communities,signed
1023,Mohammed Wumbei,F,Medical Assistant,Kumbungu District communities,Kumbungu District communities,signed
1024,Mariam Abdulai,F,Community Health Officer,Kumbungu District communities,Kumbungu District communities,signed
1025,Ayishetu Issahaku,F,Disease Control Officer,Kumbungu District communities,Kumbungu District communities,signed
1026,Abdul Fuseini,F,Enrolled Nurse,Kumbungu District communities,Kumbungu District communities,signed
1027,Salamatu Iddrisu,F,Community Health Officer,Kumbungu District communities,Kumbungu District communities,signed
1028,Abdul Mahama,F,Midwife,Kumbungu District communities,Kumbungu District communities,signed
1029,Adiza Yakubu,F,Community Health Officer,Kumbungu District communities,Kumbungu District communities,signed
1030,Mariam Tia,F,Midwife,Kumbungu District communities,Kumbungu District communities,signed
1031,Sulemana Tia,F,Community Health Officer,Kumbungu District communities,Kumbungu District communities,signed
1032,Salamatu Issahaku,F,Medical Assistant,Kumbungu District communities,Kumbungu District communities,signed
1033,Sanatu Issahaku,F,Disease Control Officer,Kumbungu District communities,Kumbungu District communities,signed
1034,Yakubu Seidu,F,Community Health Officer,Kumbungu District communities,Kumbungu District communities,signed
1035,Memunatu Dauda,F,Community Health Officer,Kumbungu District communities,Kumbungu District communities,signed
1036,Baba Napari,F,Medical Assistant,Kumbungu District communities,Kumbungu District communities,signed
1037,Mohammed Wumbei,F,Community Health Officer,Kumbungu District communities,Kumbungu District communities,signed
1038,Issah Abdulai,F,Medical Assistant,Kumbungu District communities,Kumbungu District communities,signed
1039,Mariam Wumbei,F,Midwife,Kumbungu District communities,Kumbungu District communities,signed
1040,Memunatu Dauda,F,Enrolled Nurse,Kumbungu District communities,Kumbungu District communities,signed
1041,Fuseini Issahaku,F,Midwife,Kumbungu District communities,Kumbungu District communities,signed
1042,Memunatu Fuseini,F,Community Health Officer,Kumbungu District communities,Kumbungu District communities,signed
1043,Mohammed Iddrisu,F,Disease Control Officer,Kumbungu District communities,Kumbungu District communities,signed
1044,Hawa Issahaku,F,Disease Control Officer,Kumbungu District communities,Kumbungu District communities,signed
1045,Rahinatu Napari,F,Disease Control Officer,Kumbungu District communities,Kumbungu District communities,signed
1046,Mariam Abdulai,F,Disease Control Officer,Kumbungu District communities,Kumbungu District communities,signed
1047,Fuseini Seidu,F,Midwife,Kumbungu District communities,Kumbungu District communities,signed
1048,Abu Abdulai,F,Enrolled Nurse,Kumbungu District communities,Kumbungu District communities,signed
1049,Adiza Tia,F,Enrolled Nurse,Kumbungu District communities,Kumbungu District communities,signed
1050,Mohammed Seidu,F,Midwife,Kumbungu District communities,Kumbungu District communities,signed
1051,Iddrisu Tia,F,Enrolled Nurse,Kumbungu District communities,Kumbungu District communities,signed
1052,Sulemana Wumbei,F,Midwife,Kumbungu District communities,Kumbungu District communities,signed
1053,Iddrisu Iddrisu,F,Enrolled Nurse,Kumbungu District communities,Kumbungu District communities,signed
1054,Sulemana Yakubu,F,Midwife,Kumbungu District communities,Kumbungu District communities,signed
1055,Baba Napari,F,Midwife,Kumbungu District communities,Kumbungu District communities,signed
1056,Baba Mahama,F,Community Health Officer,Kumbungu District communities,Kumbungu District communities,signed
1057,Rahinatu Dauda,F,Midwife,Kumbungu District communities,Kumbungu District communities,signed
1058,Abu Issahaku,F,Disease Control Officer,Kumbungu District communities,Kumbungu District communities,signed
1059,Zuweira Fuseini,F,Medical Assistant,Kumbungu District communities,Kumbungu District communities,signed
1060,Alhassan Dauda,F,Community Health Officer,Kumbungu District communities,Kumbungu District communities,signed
1061,Mohammed Napari,F,Community Health Officer,Kumbungu District communities,Kumbungu District communities,signed
1062,Alhassan Iddrisu,F,Disease Control Officer,Kumbungu District communities,Kumbungu District communities,signed
1063,Iddrisu Mahama,F,Midwife,Kumbungu District communities,Kumbungu District communities,signed
1064,Ayishetu Fuseini,F,Medical Assistant,Kumbungu District communities,Kumbungu District communities,signed
1065,Zuweira Seidu,F,Disease Control Officer,Kumbungu District communities,Kumbungu District communities,signed
1066,Mohammed Fuseini,F,Disease Control Officer,Kumbungu District communities,Kumbungu District communities,signed
1067,Ayishetu Tia,F,Medical Assistant,Kumbungu District communities,Kumbungu District communities,signed
1068,Zuweira Fuseini,F,Midwife,Kumbungu District communities,Kumbungu District communities,signed
1069,Adiza Seidu,F,Disease Control Officer,Kumbungu District communities,Kumbungu District communities,signed
1070,Sanatu Mahama,F,Community Health Officer,Kumbungu District communities,Kumbungu District communities,signed
1071,Yakubu Napari,F,Community Health Officer,Kumbungu District communities,Kumbungu District communities,signed
1072,Baba Alhassan,F,Enrolled Nurse,Kumbungu District communities,Kumbungu District communities,signed
1073,Rahinatu Iddrisu,F,Medical Assistant,Kumbungu District communities,Kumbungu District communities,signed
1074,Hawa Issahaku,F,Disease Control Officer,Kumbungu District communities,Kumbungu District communities,signed
1075,Abu Alhassan,F,Disease Control Officer,Kumbungu District communities,Kumbungu District communities,signed
1076,Alhassan Alhassan,F,Community Health Officer,Kumbungu District communities,Kumbungu District communities,signed
1077,Salamatu Wumbei,F,Disease Control Officer,Kumbungu District communities,Kumbungu District communities,signed
1078,Zuweira Iddrisu,F,Enrolled Nurse,Kumbungu District communities,Kumbungu District communities,signed
1079,Issah Tia,F,Midwife,Kumbungu District communities,Kumbungu District communities,signed
1080,Salamatu Dauda,F,Disease Control Officer,Kumbungu District communities,Kumbungu District communities,signed
1081,Yakubu Seidu,F,Enrolled Nurse,Kumbungu District communities,Kumbungu District communities,signed
1082,Mohammed Abdulai,F,Enrolled Nurse,Kumbungu District communities,Kumbungu District communities,signed
1083,Zuweira Fuseini,F,Community Health Officer,Kumbungu District communities,Kumbungu District communities,signed
1084,Iddrisu Yakubu,F,Medical Assistant,Kumbungu District communities,Kumbungu District communities,signed
1085,Sanatu Mahama,F,Medical Assistant,Kumbungu District communities,Kumbungu District communities,signed
1086,Ayishetu Mahama,F,Community Health Officer,Kumbungu District communities,Kumbungu District communities,signed
1087,Yakubu Fuseini,F,Enrolled Nurse,Kumbungu District communities,Kumbungu District communities,signed
1088,Yakubu Mahama,F,Disease Control Officer,Kumbungu District communities,Kumbungu District communities,signed
1089,Issah Iddrisu,F,Medical Assistant,Kumbungu District communities,Kumbungu District communities,signed
1090,Memunatu Napari,F,Disease Control Officer,Kumbungu District communities,Kumbungu District communities,signed
1091,Mariam Yakubu,F,Medical Assistant,Kumbungu District communities,Kumbungu District communities,signed
1092,Mohammed Yakubu,F,Community Health Officer,Kumbungu District communities,Kumbungu District communities,signed
1093,Abu Wumbei,F,Community Health Officer,Kumbungu District communities,Kumbungu District communities,signed
1094,Issah Wumbei,F,Community Health Officer,Kumbungu District communities,Kumbungu District communities,signed
1095,Memunatu Dauda,F,Medical Assistant,Kumbungu District communities,Kumbungu District communities,signed
1096,Baba Alhassan,F,Medical Assistant,Kumbungu District communities,Kumbungu District communities,signed
1097,Salamatu Tia,F,Medical Assistant,Kumbungu District communities,Kumbungu District communities,signed
1098,Rahinatu Seidu,F,Medical Assistant,Kumbungu District communities,Kumbungu District communities,signed
1099,Alhassan Yakubu,F,Community Health Officer,Kumbungu District communities,Kumbungu District communities,signed
1100,Memunatu Napari,F,Enrolled Nurse,Kumbungu District communities,Kumbungu District communities,signed
1101,Sulemana Fuseini,F,Midwife,Kumbungu District communities,Kumbungu District communities,signed
1102,Mohammed Wumbei,F,Enrolled Nurse,Kumbungu District communities,Kumbungu District communities,signed
1103,Fati Tia,F,Enrolled Nurse,Kumbungu District communities,Kumbungu District communities,signed
1104,Adiza Abdulai,F,Community Health Officer,Kumbungu District communities,Kumbungu District communities,signed
1105,Hawa Issahaku,F,Enrolled Nurse,Kumbungu District communities,Kumbungu District communities,signed
1106,Rahinatu Fuseini,F,Disease Control Officer,Kumbungu District communities,Kumbungu District communities,signed
1107,Sanatu Iddrisu,F,Medical Assistant,Kumbungu District communities,Kumbungu District communities,signed
1108,Sanatu Wumbei,F,Enrolled Nurse,Kumbungu District communities,Kumbungu District communities,signed
1109,Issah Dauda,F,Disease Control Officer,Kumbungu District communities,Kumbungu District communities,signed
1110,Alhassan Abdulai,F,Midwife,Kumbungu District communities,Kumbungu District communities,signed
1111,Salamatu Yakubu,F,Midwife,Kumbungu District communities,Kumbungu District communities,signed
1112,Zuweira Iddrisu,F,Enrolled Nurse,Kumbungu District communities,Kumbungu District communities,signed
1113,Zuweira Seidu,F,Medical Assistant,Kumbungu District communities,Kumbungu District communities,signed
1114,Fuseini Mahama,F,Midwife,Kumbungu District communities,Kumbungu District communities,signed
1115,Fati Alhassan,F,Medical Assistant,Kumbungu District communities,Kumbungu District communities,signed
1116,Mariam Abdulai,F,Medical Assistant,Kumbungu District communities,Kumbungu District communities,signed
1117,Abdul Mahama,F,Medical Assistant,Kumbungu District communities,Kumbungu District communities,signed
1118,Iddrisu Tia,F,Community Health Officer,Kumbungu District communities,Kumbungu District communities,signed
1119,Iddrisu Yakubu,F,Midwife,Kumbungu District communities,Kumbungu District communities,signed
1120,Fati Wumbei,F,Medical Assistant,Kumbungu District communities,Kumbungu District communities,signed
1121,Yakubu Seidu,F,Enrolled Nurse,Kumbungu District communities,Kumbungu District communities,signed
1122,Fuseini Fuseini,F,Medical Assistant,Kumbungu District communities,Kumbungu District communities,signed
1123,Fati Napari,F,Disease Control Officer,Kumbungu District communities,Kumbungu District communities,signed
1124,Abdul Seidu,F,Community Health Officer,Kumbungu District communities,Kumbungu District communities,signed
1125,Sulemana Fuseini,F,Midwife,Kumbungu District communities,Kumbungu District communities,signed
1126,Yakubu Seidu,F,Community Health Officer,Kumbungu District communities,Kumbungu District communities,signed
1127,Abdul Abdulai,F,Community Health Officer,Kumbungu District communities,Kumbungu District communities,signed
1128,Iddrisu Iddrisu,F,Medical Assistant,Kumbungu District communities,Kumbungu District communities,signed
1129,Abu Abdulai,F,Disease Control Officer,Kumbungu District communities,Kumbungu District communities,signed
1130,Ayishetu Wumbei,F,Enrolled Nurse,Kumbungu District communities,Kumbungu District communities,signed
1131,Abdul Fuseini,F,Enrolled Nurse,Kumbungu District communities,Kumbungu District communities,signed
1132,Iddrisu Wumbei,F,Community Health Officer,Kumbungu District communities,Kumbungu District communities,signed
1133,Fuseini Tia,F,Disease Control Officer,Kumbungu District communities,Kumbungu District communities,signed
1134,Ayishetu Abdulai,F,Medical Assistant,Kumbungu District communities,Kumbungu District communities,signed
1135,Issah Fuseini,F,Community Health Officer,Kumbungu District communities,Kumbungu District communities,signed
1136,Fuseini Dauda,F,Medical Assistant,Kumbungu District communities,Kumbungu District communities,signed
1137,Adiza Wumbei,F,Community Health Officer,Kumbungu District communities,Kumbungu District communities,signed
1138,Issah Dauda,F,Disease Control Officer,Kumbungu District communities,Kumbungu District communities,signed
1139,Fuseini Issahaku,F,Community Health Officer,Kumbungu District communities,Kumbungu District communities,signed
1140,Sulemana Fuseini,F,Disease Control Officer,Kumbungu District communities,Kumbungu District communities,signed
1141,Rahinatu Napari,F,Community Health Officer,Kumbungu District communities,Kumbungu District communities,signed
1142,Fuseini Yakubu,F,Enrolled Nurse,Kumbungu District communities,Kumbungu District communities,signed
1143,Memunatu Iddrisu,F,Medical Assistant,Kumbungu District communities,Kumbungu District communities,signed
1144,Issah Issahaku,F,Disease Control Officer,Kumbungu District communities,Kumbungu District communities,signed
1145,Sulemana Mahama,F,Enrolled Nurse,Kumbungu District communities,Kumbungu District communities,signed
1146,Mohammed Tia,F,Midwife,Kumbungu District communities,Kumbungu District communities,signed
1147,Memunatu Fuseini,F,Disease Control Officer,Kumbungu District communities,Kumbungu District communities,signed
1148,Abdul Fuseini,F,Medical Assistant,Kumbungu District communities,Kumbungu District communities,signed
1149,Baba Napari,F,Disease Control Officer,Kumbungu District communities,Kumbungu District communities,signed
1150,Salamatu Wumbei,F,Medical Assistant,Kumbungu District communities,Kumbungu District communities,signed
1151,Mohammed Napari,F,Disease Control Officer,Kumbungu District communities,Kumbungu District communities,signed
1152,Fati Dauda,F,Enrolled Nurse,Kumbungu District communities,Kumbungu District communities,signed
1153,Abdul Alhassan,F,Enrolled Nurse,Kumbungu District communities,Kumbungu District communities,signed
1154,Fati Yakubu,F,Community Health Officer,Kumbungu District communities,Kumbungu District communities,signed
1155,Alhassan Issahaku,F,Midwife,Kumbungu District communities,Kumbungu District communities,signed
1156,Ayishetu Yakubu,F,Disease Control Officer,Kumbungu District communities,Kumbungu District communities,signed
1157,Sulemana Seidu,F,Disease Control Officer,Kumbungu District communities,Kumbungu District communities,signed
1158,Memunatu Alhassan,F,Community Health Officer,Kumbungu District communities,Kumbungu District communities,signed
1159,Yakubu Iddrisu,F,Disease Control Officer,Kumbungu District communities,Kumbungu District communities,signed
1160,Ayishetu Seidu,F,Midwife,Kumbungu District communities,Kumbungu District communities,signed
1161,Sanatu Alhassan,F,Disease Control Officer,Kumbungu District communities,Kumbungu District communities,signed
1162,Mohammed Seidu,F,Community Health Officer,Kumbungu District communities,Kumbungu District communities,signed
1163,Adiza Issahaku,F,Medical Assistant,Kumbungu District communities,Kumbungu District communities,signed
1164,Fati Abdulai,F,Midwife,Kumbungu District communities,Kumbungu District communities,signed
1165,Abdul Fuseini,F,Disease Control Officer,Kumbungu District communities,Kumbungu District communities,signed
1166,Mariam Seidu,F,Enrolled Nurse,Kumbungu District communities,Kumbungu District communities,signed
1167,Mariam Alhassan,F,Medical Assistant,Kumbungu District communities,Kumbungu District communities,signed
1168,Salamatu Issahaku,F,Disease Control Officer,Kumbungu District communities,Kumbungu District communities,signed
1169,Fati Wumbei,F,Community Health Officer,Kumbungu District communities,Kumbungu District communities,signed
1170,Sanatu Tia,F,Midwife,Kumbungu District communities,Kumbungu District communities,signed
1171,Fuseini Abdulai,F,Midwife,Kumbungu District communities,Kumbungu District communities,signed
1172,Salamatu Issahaku,F,Midwife,Kumbungu District communities,Kumbungu District communities,signed
1173,Abdul Mahama,F,Enrolled Nurse,Kumbungu District communities,Kumbungu District communities,signed
1174,Issah Alhassan,F,Medical Assistant,Kumbungu District communities,Kumbungu District communities,signed
1175,Adiza Seidu,F,Midwife,Kumbungu District communities,Kumbungu District communities,signed
1176,Alhassan Seidu,F,Medical Assistant,Kumbungu District communities,Kumbungu District communities,signed
1177,Salamatu Napari,F,Disease Control Officer,Kumbungu District communities,Kumbungu District communities,signed
1178,Sanatu Issahaku,F,Enrolled Nurse,Kumbungu District communities,Kumbungu District communities,signed
1179,Sulemana Tia,F,Midwife,Kumbungu District communities,Kumbungu District communities,signed
1180,Salamatu Wumbei,F,Enrolled Nurse,Kumbungu District communities,Kumbungu District communities,signed
1181,Salamatu Yakubu,F,Community Health Officer,Kumbungu District communities,Kumbungu District communities,signed
1182,Issah Yakubu,F,Enrolled Nurse,Kumbungu District communities,Kumbungu District communities,signed
1183,Abdul Issahaku,F,Enrolled Nurse,Kumbungu District communities,Kumbungu District communities,signed
1184,Issah Dauda,F,Enrolled Nurse,Kumbungu District communities,Kumbungu District communities,signed
1185,Sanatu Tia,F,Midwife,Kumbungu District communities,Kumbungu District communities,signed
1186,Sanatu Abdulai,F,Community Health Officer,Kumbungu District communities,Kumbungu District communities,signed
1187,Abu Fuseini,F,Midwife,Kumbungu District communities,Kumbungu District communities,signed
1188,Alhassan Yakubu,F,Community Health Officer,Kumbungu District communities,Kumbungu District communities,signed
1189,Abdul Abdulai,F,Medical Assistant,Kumbungu District communities,Kumbungu District communities,signed
1190,Mariam Alhassan,F,Midwife,Kumbungu District communities,Kumbungu District communities,signed
1191,Sanatu Napari,F,Community Health Officer,Kumbungu District communities,Kumbungu District communities,signed
1192,Iddrisu Napari,F,Medical Assistant,Kumbungu District communities,Kumbungu District communities,signed
1193,Issah Mahama,F,Medical Assistant,Kumbungu District communities,Kumbungu District communities,signed
1194,Hawa Yakubu,F,Midwife,Kumbungu District communities,Kumbungu District communities,signed
1195,Memunatu Fuseini,F,Enrolled Nurse,Kumbungu District communities,Kumbungu District communities,signed
1196,Sanatu Tia,F,Enrolled Nurse,Kumbungu District communities,Kumbungu District communities,signed
1197,Salamatu Fuseini,F,Community Health Officer,Kumbungu District communities,Kumbungu District communities,signed
1198,Mohammed Fuseini,F,Enrolled Nurse,Kumbungu District communities,Kumbungu District communities,signed
1199,Mohammed Dauda,F,Community Health Officer,Kumbungu District communities,Kumbungu District communities,signed
1200,Zuweira Fuseini,F,Enrolled Nurse,Kumbungu District communities,Kumbungu District communities,signed
1201,Sanatu Issahaku,F,Midwife,Kumbungu District communities,Kumbungu District communities,signed
1202,Fuseini Issahaku,F,Medical Assistant,Kumbungu District communities,Kumbungu District communities,signed
1203,Sulemana Abdulai,F,Community Health Officer,Kumbungu District communities,Kumbungu District communities,signed
1204,Sanatu Abdulai,F,Disease Control Officer,Kumbungu District communities,Kumbungu District communities,signed
1205,Sanatu Fuseini,F,Enrolled Nurse,Kumbungu District communities,Kumbungu District communities,signed
1206,Fuseini Issahaku,F,Medical Assistant,Kumbungu District communities,Kumbungu District communities,signed
1207,Issah Yakubu,F,Disease Control Officer,Kumbungu District communities,Kumbungu District communities,signed
1208,Alhassan Tia,F,Medical Assistant,Kumbungu District communities,Kumbungu District communities,signed
1209,Zuweira Mahama,F,Medical Assistant,Kumbungu District communities,Kumbungu District communities,signed
1210,Ayishetu Seidu,F,Medical Assistant,Kumbungu District communities,Kumbungu District communities,signed
1211,Issah Tia,F,Community Health Officer,Kumbungu District communities,Kumbungu District communities,signed
1212,Ayishetu Napari,F,Midwife,Kumbungu District communities,Kumbungu District communities,signed
1213,Mohammed Fuseini,F,Disease Control Officer,Kumbungu District communities,Kumbungu District communities,signed
1214,Salamatu Issahaku,F,Enrolled Nurse,Kumbungu District communities,Kumbungu District communities,signed
1215,Sanatu Iddrisu,F,Enrolled Nurse,Kumbungu District communities,Kumbungu District communities,signed
1216,Memunatu Iddrisu,F,Disease Control Officer,Kumbungu District communities,Kumbungu District communities,signed
1217,Sulemana Alhassan,F,Midwife,Kumbungu District communities,Kumbungu District communities,signed
1218,Rahinatu Napari,F,Disease Control Officer,Kumbungu District communities,Kumbungu District communities,signed
1219,Abdul Fuseini,F,Community Health Officer,Kumbungu District communities,Kumbungu District communities,signed
1220,Rahinatu Tia,F,Medical Assistant,Kumbungu District communities,Kumbungu District communities,signed
1221,Abu Yakubu,F,Medical Assistant,Kumbungu District communities,Kumbungu District communities,signed
1222,Abdul Iddrisu,F,Medical Assistant,Kumbungu District communities,Kumbungu District communities,signed
1223,Zuweira Dauda,F,Community Health Officer,Kumbungu District communities,Kumbungu District communities,signed
1224,Mariam Napari,F,Midwife,Kumbungu District communities,Kumbungu District communities,signed
1225,Mohammed Fuseini,F,Midwife,Kumbungu District communities,Kumbungu District communities,signed
1226,Iddrisu Seidu,F,Disease Control Officer,Kumbungu District communities,Kumbungu District communities,signed
1227,Sanatu Napari,F,Medical Assistant,Kumbungu District communities,Kumbungu District communities,signed
1228,Abu Fuseini,F,Community Health Officer,Kumbungu District communities,Kumbungu District communities,signed
1229,Yakubu Abdulai,F,Enrolled Nurse,Kumbungu District communities,Kumbungu District communities,signed
1230,Adiza Abdulai,F,Disease Control Officer,Kumbungu District communities,Kumbungu District communities,signed
1231,Sanatu Fuseini,F,Enrolled Nurse,Kumbungu District communities,Kumbungu District communities,signed
1232,Memunatu Fuseini,F,Midwife,Kumbungu District communities,Kumbungu District communities,signed
1233,Yakubu Napari,F,Disease Control Officer,Kumbungu District communities,Kumbungu District communities,signed
1234,Adiza Tia,F,Medical Assistant,Kumbungu District communities,Kumbungu District communities,signed
1235,Hawa Issahaku,F,Medical Assistant,Kumbungu District communities,Kumbungu District communities,signed
1236,Hawa Iddrisu,F,Medical Assistant,Kumbungu District communities,Kumbungu District communities,signed
1237,Fati Iddrisu,F,Disease Control Officer,Kumbungu District communities,Kumbungu District communities,signed
1238,Adiza Yakubu,F,Community Health Officer,Kumbungu District communities,Kumbungu District communities,signed
1239,Alhassan Mahama,F,Enrolled Nurse,Kumbungu District communities,Kumbungu District communities,signed
1240,Mohammed Abdulai,F,Midwife,Kumbungu District communities,Kumbungu District communities,signed
1241,Yakubu Iddrisu,F,Enrolled Nurse,Kumbungu District communities,Kumbungu District communities,signed
1242,Sanatu Tia,F,Medical Assistant,Kumbungu District communities,Kumbungu District communities,signed
1243,Baba Abdulai,F,Community Health Officer,Kumbungu District communities,Kumbungu District communities,signed
1244,Mariam Alhassan,F,Midwife,Kumbungu District communities,Kumbungu District communities,signed
1245,Mariam Fuseini,F,Midwife,Kumbungu District communities,Kumbungu District communities,signed
1246,Adiza Dauda,F,Enrolled Nurse,Kumbungu District communities,Kumbungu District communities,signed
1247,Abu Abdulai,F,Midwife,Kumbungu District communities,Kumbungu District communities,signed
1248,Baba Seidu,F,Medical Assistant,Kumbungu District communities,Kumbungu District communities,signed
1249,Yakubu Abdulai,F,Community Health Officer,Kumbungu District communities,Kumbungu District communities,signed
1250,Mariam Iddrisu,F,Enrolled Nurse,Kumbungu District communities,Kumbungu District communities,signed
1251,Fati Dauda,F,Medical Assistant,Kumbungu District communities,Kumbungu District communities,signed
1252,Rahinatu Seidu,F,Medical Assistant,Kumbungu District communities,Kumbungu District communities,signed
1253,Yakubu Issahaku,F,Midwife,Kumbungu District communities,Kumbungu District communities,signed
1254,Sanatu Alhassan,F,Midwife,Kumbungu District communities,Kumbungu District communities,signed
1255,Sanatu Dauda,F,Enrolled Nurse,Kumbungu District communities,Kumbungu District communities,signed
1256,Salamatu Wumbei,F,Medical Assistant,Kumbungu District communities,Kumbungu District communities,signed
1257,Baba Abdulai,F,Midwife,Kumbungu District communities,Kumbungu District communities,signed
1258,Mohammed Seidu,F,Enrolled Nurse,Kumbungu District communities,Kumbungu District communities,signed
1259,Baba Yakubu,F,Community Health Officer,Kumbungu District communities,Kumbungu District communities,signed
1260,Baba Seidu,F,Medical Assistant,Kumbungu District communities,Kumbungu District communities,signed
1261,Yakubu Wumbei,F,Enrolled Nurse,Kumbungu District communities,Kumbungu District communities,signed
1262,Abdul Mahama,F,Medical Assistant,Kumbungu District communities,Kumbungu District communities,signed
1263,Iddrisu Napari,F,Enrolled Nurse,Kumbungu District communities,Kumbungu District communities,signed
1264,Mohammed Iddrisu,F,Midwife,Kumbungu District communities,Kumbungu District communities,signed
1265,Memunatu Dauda,F,Midwife,Kumbungu District communities,Kumbungu District communities,signed
1266,Mohammed Yakubu,F,Enrolled Nurse,Kumbungu District communities,Kumbungu District communities,signed
1267,Baba Iddrisu,F,Disease Control Officer,Kumbungu District communities,Kumbungu District communities,signed
1268,Abu Dauda,F,Medical Assistant,Kumbungu District communities,Kumbungu District communities,signed
1269,Mariam Mahama,F,Disease Control Officer,Kumbungu District communities,Kumbungu District communities,signed
1270,Abdul Wumbei,F,Disease Control Officer,Kumbungu District communities,Kumbungu District communities,signed
1271,Ayishetu Napari,F,Enrolled Nurse,Kumbungu District communities,Kumbungu District communities,signed
1272,Fuseini Yakubu,F,Medical Assistant,Kumbungu District communities,Kumbungu District communities,signed
1273,Baba Wumbei,F,Midwife,Kumbungu District communities,Kumbungu District communities,signed
1274,Fuseini Mahama,F,Medical Assistant,Kumbungu District communities,Kumbungu District communities,signed
1275,Zuweira Seidu,F,Medical Assistant,Kumbungu District communities,Kumbungu District communities,signed
1276,Abdul Dauda,F,Enrolled Nurse,Kumbungu District communities,Kumbungu District communities,signed
1277,Mohammed Napari,F,Midwife,Kumbungu District communities,Kumbungu District communities,signed
1278,Sanatu Dauda,F,Disease Control Officer,Kumbungu District communities,Kumbungu District communities,signed
1279,Zuweira Issahaku,F,Disease Control Officer,Kumbungu District communities,Kumbungu District communities,signed
1280,Fuseini Wumbei,F,Midwife,Kumbungu District communities,Kumbungu District communities,signed
1281,Zuweira Issahaku,F,Medical Assistant,Kumbungu District communities,Kumbungu District communities,signed
1282,Hawa Mahama,F,Community Health Officer,Kumbungu District communities,Kumbungu District communities,signed
1283,Mohammed Seidu,F,Midwife,Kumbungu District communities,Kumbungu District communities,signed
1284,Memunatu Alhassan,F,Midwife,Kumbungu District communities,Kumbungu District communities,signed
1285,Iddrisu Dauda,F,Enrolled Nurse,Kumbungu District communities,Kumbungu District communities,signed
1286,Issah Seidu,F,Disease Control Officer,Kumbungu District communities,Kumbungu District communities,signed
1287,Salamatu Abdulai,F,Enrolled Nurse,Kumbungu District communities,Kumbungu District communities,signed
1288,Rahinatu Tia,F,Medical Assistant,Kumbungu District communities,Kumbungu District communities,signed
1289,Rahinatu Napari,F,Medical Assistant,Kumbungu District communities,Kumbungu District communities,signed
1290,Mohammed Dauda,F,Disease Control Officer,Kumbungu District communities,Kumbungu District communities,signed
1291,Hawa Issahaku,F,Community Health Officer,Kumbungu District communities,Kumbungu District communities,signed
1292,Yakubu Seidu,F,Midwife,Kumbungu District communities,Kumbungu District communities,signed
1293,Hawa Yakubu,F,Medical Assistant,Kumbungu District communities,Kumbungu District communities,signed
1294,Rahinatu Seidu,F,Community Health Officer,Kumbungu District communities,Kumbungu District communities,signed
1295,Mohammed Issahaku,F,Community Health Officer,Kumbungu District communities,Kumbungu District communities,signed
1296,Adiza Issahaku,F,Midwife,Kumbungu District communities,Kumbungu District communities,signed
1297,Zuweira Seidu,F,Community Health Officer,Kumbungu District communities,Kumbungu District communities,signed
1298,Abu Seidu,F,Community Health Officer,Kumbungu District communities,Kumbungu District communities,signed
1299,Adiza Alhassan,F,Medical Assistant,Kumbungu District communities,Kumbungu District communities,signed
1300,Rahinatu Abdulai,F,Disease Control Officer,Kumbungu District communities,Kumbungu District communities,signed
