No,Name,Sex,Cadre/Role,Facility/Community,District,Signature
1,Memunatu Issahaku,F,Medical Assistant,Karaga District communities,Karaga District communities,signed
2,Mohammed Dauda,F,Disease Control Officer,Karaga District communities,Karaga District communities,signed
3,Yakubu Alhassan,F,Midwife,Karaga District communities,Karaga District communities,signed
4,Mohammed Iddrisu,F,Enrolled Nurse,Karaga District communities,Karaga District communities,signed
5,Ayishetu Abdulai,F,Enrolled Nurse,Karaga District communities,Karaga District communities,signed
6,Fuseini Mahama,F,Enrolled Nurse,Karaga District communities,Karaga District communities,signed
7,Mohammed Abdulai,F,Community Health Officer,Karaga District communities,Karaga District communities,signed
8,Issah Iddrisu,F,Midwife,Karaga District communities,Karaga District communities,signed
9,Hawa Mahama,F,Disease Control Officer,Karaga District communities,Karaga District communities,signed
10,Iddrisu Iddrisu,F,Midwife,Karaga District communities,Karaga District communities,signed
11,Adiza Wumbei,F,Midwife,Karaga District communities,Karaga District communities,signed
12,Mariam Dauda,F,Medical Assistant,Karaga District communities,Karaga District communities,signed
13,Salamatu Napari,F,Enrolled Nurse,Karaga District communities,Karaga District communities,signed
14,Mohammed Abdulai,F,Disease Control Officer,Karaga District communities,Karaga District communities,signed
15,Adiza Dauda,F,Medical Assistant,Karaga District communities,Karaga District communities,signed
16,Fuseini Alhassan,F,Medical Assistant,Karaga District communities,Karaga District communities,signed
17,Baba Napari,F,Community Health Officer,Karaga District communities,Karaga District communities,signed
18,Abu Fuseini,F,Community Health Officer,Karaga District communities,Karaga District communities,signed
19,Rahinatu Tia,F,Community Health Officer,Karaga District communities,Karaga District communities,signed
20,Abu Alhassan,F,Medical Assistant,Karaga District communities,Karaga District communities,signed
21,Yakubu Issahaku,F,Medical Assistant,Karaga District communities,Karaga District communities,signed
22,Issah Napari,F,Midwife,Karaga District communities,Karaga District communities,signed
23,Sulemana Dauda,F,Enrolled Nurse,Karaga District communities,Karaga District communities,signed
24,Mohammed Tia,F,Midwife,Karaga District communities,Karaga District communities,signed
25,Rahinatu Mahama,F,Medical Assistant,Karaga District communities,Karaga District communities,signed
26,Abu Seidu,F,Disease Control Officer,Karaga District communities,Karaga District communities,signed
27,Mariam Wumbei,F,Enrolled Nurse,Karaga District communities,Karaga District communities,signed
28,Fuseini Fuseini,F,Disease Control Officer,Karaga District communities,Karaga District communities,signed
29,Adiza Iddrisu,F,Community Health Officer,Karaga District communities,Karaga District communities,signed
30,Fati Seidu,F,Community Health Officer,Karaga District communities,Karaga District communities,signed
31,Salamatu Tia,F,Community Health Officer,Karaga District communities,Karaga District communities,signed
32,Fuseini Napari,F,Enrolled Nurse,Karaga District communities,Karaga District communities,signed
33,Yakubu Napari,F,Community Health Officer,Karaga District communities,Karaga District communities,signed
34,Hawa Mahama,F,Disease Control Officer,Karaga District communities,Karaga District communities,signed
35,Hawa Issahaku,F,Disease Control Officer,Karaga District communities,Karaga District communities,signed
36,Adiza Yakubu,F,Community Health Officer,Karaga District communities,Karaga District communities,signed
37,Issah Seidu,F,Enrolled Nurse,Karaga District communities,Karaga District communities,signed
38,Mariam Tia,F,Disease Control Officer,Karaga District communities,Karaga District communities,signed
39,Issah Iddrisu,F,Midwife,Karaga District communities,Karaga District communities,signed
40,Abu Issahaku,F,Community Health Officer,Karaga District communities,Karaga District communities,signed
41,Sulemana Yakubu,F,Community Health Officer,Karaga District communities,Karaga District communities,signed
42,Zuweira Fuseini,F,Medical Assistant,Karaga District communities,Karaga District communities,signed
43,Mohammed Wumbei,F,Enrolled Nurse,Karaga District communities,Karaga District communities,signed
44,Adiza Seidu,F,Disease Control Officer,Karaga District communities,Karaga District communities,signed
45,Hawa Yakubu,F,Community Health Officer,Karaga District communities,Karaga District communities,signed
46,Baba Napari,F,Disease Control Officer,Karaga District communities,Karaga District communities,signed
47,Mariam Iddrisu,F,Community Health Officer,Karaga District communities,Karaga District communities,signed
48,Zuweira Dauda,F,Enrolled Nurse,Karaga District communities,Karaga District communities,signed
49,Adiza Iddrisu,F,Community Health Officer,Karaga District communities,Karaga District communities,signed
50,Zuweira Wumbei,F,Midwife,Karaga District communities,Karaga District communities,signed
51,Fati Seidu,F,Disease Control Officer,Karaga District communities,Karaga District communities,signed
52,Adiza Dauda,F,Disease Control Officer,Karaga District communities,Karaga District communities,signed
53,Alhassan Alhassan,F,Enrolled Nurse,Karaga District communities,Karaga District communities,signed
54,Salamatu Seidu,F,Midwife,Karaga District communities,Karaga District communities,signed
55,Baba Iddrisu,F,Disease Control Officer,Karaga District communities,Karaga District communities,signed
56,Alhassan Seidu,F,Community Health Officer,Karaga District communities,Karaga District communities,signed
57,Hawa Iddrisu,F,Midwife,Karaga District communities,Karaga District communities,signed
58,Mohammed Iddrisu,F,Disease Control Officer,Karaga District communities,Karaga District communities,signed
59,Fati Mahama,F,Community Health Officer,Karaga District communities,Karaga District communities,signed
60,Sanatu Seidu,F,Community Health Officer,Karaga District communities,Karaga District communities,signed
61,Memunatu Alhassan,F,Enrolled Nurse,Karaga District communities,Karaga District communities,signed
62,Ayishetu Seidu,F,Community Health Officer,Karaga District communities,Karaga District communities,signed
63,Baba Yakubu,F,Medical Assistant,Karaga District communities,Karaga District communities,signed
64,Baba Iddrisu,F,Disease Control Officer,Karaga District communities,Karaga District communities,signed
65,Rahinatu Napari,F,Disease Control Officer,Karaga District communities,Karaga District communities,signed
66,Fuseini Alhassan,F,Midwife,Karaga District communities,Karaga District communities,signed
67,Salamatu Tia,F,Disease Control Officer,Karaga District communities,Karaga District communities,signed
68,Mariam Fuseini,F,Medical Assistant,Karaga District communities,Karaga District communities,signed
69,Fati Mahama,F,Medical Assistant,Karaga District communities,Karaga District communities,signed
70,Salamatu Dauda,F,Community Health Officer,Karaga District communities,Karaga District communities,signed
71,Baba Alhassan,F,Enrolled Nurse,Karaga District communities,Karaga District communities,signed
72,Adiza Fuseini,F,Community Health Officer,Karaga District communities,Karaga District communities,signed
73,Sanatu Fuseini,F,Medical Assistant,Karaga District communities,Karaga District communities,signed
74,Hawa Fuseini,F,Disease Control Officer,Karaga District communities,Karaga District communities,signed
75,Rahinatu Mahama,F,Disease Control Officer,Karaga District communities,Karaga District communities,signed
76,Zuweira Dauda,F,Midwife,Karaga District communities,Karaga District communities,signed
77,Baba Seidu,F,Midwife,Karaga District communities,Karaga District communities,signed
78,Abu Mahama,F,Enrolled Nurse,Karaga District communities,Karaga District communities,signed
79,Abu Alhassan,F,Enrolled Nurse,Karaga District communities,Karaga District communities,signed
80,Iddrisu Yakubu,F,Enrolled Nurse,Karaga District communities,Karaga District communities,signed
81,Baba Tia,F,Community Health Officer,Karaga District communities,Karaga District communities,signed
82,Rahinatu Napari,F,Medical Assistant,Karaga District communities,Karaga District communities,signed
83,Iddrisu Napari,F,Enrolled Nurse,Karaga District communities,Karaga District communities,signed
84,Mohammed Yakubu,F,Medical Assistant,Karaga District communities,Karaga District communities,signed
85,Memunatu Tia,F,Enrolled Nurse,Karaga District communities,Karaga District communities,signed
86,Sulemana Napari,F,Medical Assistant,Karaga District communities,Karaga District communities,signed
87,Iddrisu Abdulai,F,Enrolled Nurse,Karaga District communities,Karaga District communities,signed
88,Issah Iddrisu,F,Midwife,Karaga District communities,Karaga District communities,signed
89,Abu Alhassan,F,Disease Control Officer,Karaga District communities,Karaga District communities,signed
90,Alhassan Napari,F,Enrolled Nurse,Karaga District communities,Karaga District communities,signed
91,Yakubu Yakubu,F,Midwife,Karaga District communities,Karaga District communities,signed
92,Alhassan Iddrisu,F,Midwife,Karaga District communities,Karaga District communities,signed
93,Memunatu Issahaku,F,Community Health Officer,Karaga District communities,Karaga District communities,signed
94,Mariam Napari,F,Medical Assistant,Karaga District communities,Karaga District communities,signed
95,Iddrisu Wumbei,F,Disease Control Officer,Karaga District communities,Karaga District communities,signed
96,Sanatu Dauda,F,Community Health Officer,Karaga District communities,Karaga District communities,signed
97,Abu Iddrisu,F,Enrolled Nurse,Karaga District communities,Karaga District communities,signed
98,Issah Napari,F,Community Health Officer,Karaga District communities,Karaga District communities,signed
99,Mariam Fuseini,F,Community Health Officer,Karaga District communities,Karaga District communities,signed
100,Abu Issahaku,F,Enrolled Nurse,Karaga District communities,Karaga District communities,signed
101,Adiza Issahaku,F,Community Health Officer,Karaga District communities,Karaga District communities,signed
102,Zuweira Alhassan,F,Community Health Officer,Karaga District communities,Karaga District communities,signed
103,Adiza Yakubu,F,Enrolled Nurse,Karaga District communities,Karaga District communities,signed
104,Sanatu Alhassan,F,Medical Assistant,Karaga District communities,Karaga District communities,signed
105,Abdul Alhassan,F,Midwife,Karaga District communities,Karaga District communities,signed
106,Abu Issahaku,F,Disease Control Officer,Karaga District communities,Karaga District communities,signed
107,Rahinatu Wumbei,F,Enrolled Nurse,Karaga District communities,Karaga District communities,signed
108,Iddrisu Alhassan,F,Medical Assistant,Karaga District communities,Karaga District communities,signed
109,Memunatu Alhassan,F,Disease Control Officer,Karaga District communities,Karaga District communities,signed
110,Fuseini Issahaku,F,Midwife,Karaga District communities,Karaga District communities,signed
111,Issah Issahaku,F,Medical Assistant,Karaga District communities,Karaga District communities,signed
112,Memunatu Wumbei,F,Enrolled Nurse,Karaga District communities,Karaga District communities,signed
113,Memunatu Napari,F,Enrolled Nurse,Karaga District communities,Karaga District communities,signed
114,Fati Abdulai,F,Midwife,Karaga District communities,Karaga District communities,signed
115,Salamatu Tia,F,Enrolled Nurse,Karaga District communities,Karaga District communities,signed
116,Fati Abdulai,F,Midwife,Karaga District communities,Karaga District communities,signed
117,Fuseini Tia,F,Midwife,Karaga District communities,Karaga District communities,signed
118,Ayishetu Alhassan,F,Disease Control Officer,Karaga District communities,Karaga District communities,signed
119,Mohammed Yakubu,F,Community Health Officer,Karaga District communities,Karaga District communities,signed
120,Yakubu Yakubu,F,Midwife,Karaga District communities,Karaga District communities,signed
121,Fati Tia,F,Community Health Officer,Karaga District communities,Karaga District communities,signed
122,Baba Iddrisu,F,Enrolled Nurse,Karaga District communities,Karaga District communities,signed
123,Issah Tia,F,Medical Assistant,Karaga District communities,Karaga District communities,signed
124,Hawa Fuseini,F,Disease Control Officer,Karaga District communities,Karaga District communities,signed
125,Fati Fuseini,F,Disease Control Officer,Karaga District communities,Karaga District communities,signed
126,Baba Mahama,F,Medical Assistant,Karaga District communities,Karaga District communities,signed
127,Memunatu Seidu,F,Community Health Officer,Karaga District communities,Karaga District communities,signed
128,Mohammed Alhassan,F,Medical Assistant,Karaga District communities,Karaga District communities,signed
129,Sulemana Mahama,F,Disease Control Officer,Karaga District communities,Karaga District communities,signed
130,Zuweira Tia,F,Community Health Officer,Karaga District communities,Karaga District communities,signed
131,Salamatu Dauda,F,Midwife,Karaga District communities,Karaga District communities,signed
132,Memunatu Tia,F,Community Health Officer,Karaga District communities,Karaga District communities,signed
133,Ayishetu Mahama,F,Midwife,Karaga District communities,Karaga District communities,signed
134,Yakubu Napari,F,Disease Control Officer,Karaga District communities,Karaga District communities,signed
135,Issah Tia,F,Medical Assistant,Karaga District communities,Karaga District communities,signed
136,Adiza Alhassan,F,Community Health Officer,Karaga District communities,Karaga District communities,signed
137,Iddrisu Iddrisu,F,Community Health Officer,Karaga District communities,Karaga District communities,signed
138,Zuweira Iddrisu,F,Community Health Officer,Karaga District communities,Karaga District communities,signed
139,Zuweira Abdulai,F,Medical Assistant,Karaga District communities,Karaga District communities,signed
140,Mariam Wumbei,F,Disease Control Officer,Karaga District communities,Karaga District communities,signed
141,Sanatu Yakubu,F,Community Health Officer,Karaga District communities,Karaga District communities,signed
142,Sanatu Alhassan,F,Medical Assistant,Karaga District communities,Karaga District communities,signed
143,Fuseini Wumbei,F,Community Health Officer,Karaga District communities,Karaga District communities,signed
144,Iddrisu Wumbei,F,Enrolled Nurse,Karaga District communities,Karaga District communities,signed
145,Sanatu Napari,F,Community Health Officer,Karaga District communities,Karaga District communities,signed
146,Ayishetu Seidu,F,Disease Control Officer,Karaga District communities,Karaga District communities,signed
147,Memunatu Tia,F,Disease Control Officer,Karaga District communities,Karaga District communities,signed
148,Yakubu Issahaku,F,Medical Assistant,Karaga District communities,Karaga District communities,signed
149,Fati Abdulai,F,Midwife,Karaga District communities,Karaga District communities,signed
150,Hawa Tia,F,Community Health Officer,Karaga District communities,Karaga District communities,signed
151,Fuseini Wumbei,F,Disease Control Officer,Karaga District communities,Karaga District communities,signed
152,Sanatu Fuseini,F,Enrolled Nurse,Karaga District communities,Karaga District communities,signed
153,Iddrisu Napari,F,Disease Control Officer,Karaga District communities,Karaga District communities,signed
154,Sulemana Yakubu,F,Community Health Officer,Karaga District communities,Karaga District communities,signed
155,Abdul Yakubu,F,Medical Assistant,Karaga District communities,Karaga District communities,signed
156,Sulemana Abdulai,F,Disease Control Officer,Karaga District communities,Karaga District communities,signed
157,Salamatu Abdulai,F,Community Health Officer,Karaga District communities,Karaga District communities,signed
158,Memunatu Yakubu,F,Community Health Officer,Karaga District communities,Karaga District communities,signed
159,Salamatu Seidu,F,Medical Assistant,Karaga District communities,Karaga District communities,signed
160,Sulemana Mahama,F,Disease Control Officer,Karaga District communities,Karaga District communities,signed
161,Abu Dauda,F,Disease Control Officer,Karaga District communities,Karaga District communities,signed
162,Issah Tia,F,Medical Assistant,Karaga District communities,Karaga District communities,signed
163,Sanatu Alhassan,F,Medical Assistant,Karaga District communities,Karaga District communities,signed
164,Alhassan Dauda,F,Community Health Officer,Karaga District communities,Karaga District communities,signed
165,Sanatu Napari,F,Community Health Officer,Karaga District communities,Karaga District communities,signed
166,Baba Iddrisu,F,Enrolled Nurse,Karaga District communities,Karaga District communities,signed
167,Abu Abdulai,F,Disease Control Officer,Karaga District communities,Karaga District communities,signed
168,Mariam Tia,F,Disease Control Officer,Karaga District communities,Karaga District communities,signed
169,Sulemana Alhassan,F,Enrolled Nurse,Karaga District communities,Karaga District communities,signed
170,Sanatu Yakubu,F,Medical Assistant,Karaga District communities,Karaga District communities,signed
171,Salamatu Iddrisu,F,Midwife,Karaga District communities,Karaga District communities,signed
172,Zuweira Seidu,F,Disease Control Officer,Karaga District communities,Karaga District communities,signed
173,Adiza Dauda,F,Midwife,Karaga District communities,Karaga District communities,signed
174,Sanatu Fuseini,F,Enrolled Nurse,Karaga District communities,Karaga District communities,signed
175,Fuseini Fuseini,F,Community Health Officer,Karaga District communities,Karaga District communities,signed
176,Iddrisu Fuseini,F,Midwife,Karaga District communities,Karaga District communities,signed
177,Fuseini Fuseini,F,Medical Assistant,Karaga District communities,Karaga District communities,signed
178,Abu Napari,F,Medical Assistant,Karaga District communities,Karaga District communities,signed
179,Abdul Yakubu,F,Enrolled Nurse,Karaga District communities,Karaga District communities,signed
180,Mohammed Tia,F,Enrolled Nurse,Karaga District communities,Karaga District communities,signed
181,Alhassan Yakubu,F,Community Health Officer,Karaga District communities,Karaga District communities,signed
182,Mariam Yakubu,F,Enrolled Nurse,Karaga District communities,Karaga District communities,signed
183,Salamatu Abdulai,F,Disease Control Officer,Karaga District communities,Karaga District communities,signed
184,Salamatu Mahama,F,Enrolled Nurse,Karaga District communities,Karaga District communities,signed
185,Adiza Seidu,F,Midwife,Karaga District communities,Karaga District communities,signed
186,Mohammed Yakubu,F,Medical Assistant,Karaga District communities,Karaga District communities,signed
187,Baba Yakubu,F,Disease Control Officer,Karaga District communities,Karaga District communities,signed
188,Issah Abdulai,F,Disease Control Officer,Karaga District communities,Karaga District communities,signed
189,Abdul Napari,F,Disease Control Officer,Karaga District communities,Karaga District communities,signed
190,Mariam Tia,F,Medical Assistant,Karaga District communities,Karaga District communities,signed
191,Mohammed Tia,F,Disease Control Officer,Karaga District communities,Karaga District communities,signed
192,Alhassan Wumbei,F,Disease Control Officer,Karaga District communities,Karaga District communities,signed
193,Alhassan Fuseini,F,Midwife,Karaga District communities,Karaga District communities,signed
194,Mariam Dauda,F,Midwife,Karaga District communities,Karaga District communities,signed
195,Mariam Tia,F,Medical Assistant,Karaga District communities,Karaga District communities,signed
196,Fati Issahaku,F,Medical Assistant,Karaga District communities,Karaga District communities,signed
197,Adiza Tia,F,Community Health Officer,Karaga District communities,Karaga District communities,signed
198,Adiza Issahaku,F,Community Health Officer,Karaga District communities,Karaga District communities,signed
199,Sulemana Fuseini,F,Enrolled Nurse,Karaga District communities,Karaga District communities,signed
200,Fuseini Abdulai,F,Disease Control Officer,Karaga District communities,Karaga District communities,signed
201,Salamatu Alhassan,F,Medical Assistant,Karaga District communities,Karaga District communities,signed
202,Alhassan Mahama,F,Enrolled Nurse,Karaga District communities,Karaga District communities,signed
203,Abu Tia,F,Community Health Officer,Karaga District communities,Karaga District communities,signed
204,Salamatu Yakubu,F,Community Health Officer,Karaga District communities,Karaga District communities,signed
205,Fati Dauda,F,Community Health Officer,Karaga District communities,Karaga District communities,signed
206,Alhassan Yakubu,F,Enrolled Nurse,Karaga District communities,Karaga District communities,signed
207,Abdul Dauda,F,Community Health Officer,Karaga District communities,Karaga District communities,signed
208,Zuweira Seidu,F,Enrolled Nurse,Karaga District communities,Karaga District communities,signed
209,Mariam Tia,F,Medical Assistant,Karaga District communities,Karaga District communities,signed
210,Salamatu Seidu,F,Medical Assistant,Karaga District communities,Karaga District communities,signed
211,Issah Iddrisu,F,Disease Control Officer,Karaga District communities,Karaga District communities,signed
212,Mariam Alhassan,F,Medical Assistant,Karaga District communities,Karaga District communities,signed
213,Mariam Yakubu,F,Disease Control Officer,Karaga District communities,Karaga District communities,signed
214,Adiza Alhassan,F,Midwife,Karaga District communities,Karaga District communities,signed
215,Zuweira Seidu,F,Community Health Officer,Karaga District communities,Karaga District communities,signed
216,Yakubu Dauda,F,Midwife,Karaga District communities,Karaga District communities,signed
217,Hawa Wumbei,F,Community Health Officer,Karaga District communities,Karaga District communities,signed
218,Hawa Abdulai,F,Enrolled Nurse,Karaga District communities,Karaga District communities,signed
219,Memunatu Seidu,F,Community Health Officer,Karaga District communities,Karaga District communities,signed
220,Abu Issahaku,F,Disease Control Officer,Karaga District communities,Karaga District communities,signed
221,Abu Napari,F,Midwife,Karaga District communities,Karaga District communities,signed
222,Ayishetu Wumbei,F,Disease Control Officer,Karaga District communities,Karaga District communities,signed
223,Rahinatu Alhassan,F,Midwife,Karaga District communities,Karaga District communities,signed
224,Mohammed Mahama,F,Midwife,Karaga District communities,Karaga District communities,signed
225,Baba Issahaku,F,Community Health Officer,Karaga District communities,Karaga District communities,signed
226,Hawa Mahama,F,Medical Assistant,Karaga District communities,Karaga District communities,signed
227,Adiza Iddrisu,F,Disease Control Officer,Karaga District communities,Karaga District communities,signed
228,Mariam Tia,F,Midwife,Karaga District communities,Karaga District communities,signed
229,Rahinatu Wumbei,F,Enrolled Nurse,Karaga District communities,Karaga District communities,signed
230,Fuseini Yakubu,F,Midwife,Karaga District communities,Karaga District communities,signed
231,Yakubu Iddrisu,F,Disease Control Officer,Karaga District communities,Karaga District communities,signed
232,Abu Dauda,F,Community Health Officer,Karaga District communities,Karaga District communities,signed
233,Rahinatu Issahaku,F,Disease Control Officer,Karaga District communities,Karaga District communities,signed
234,Abdul Dauda,F,Community Health Officer,Karaga District communities,Karaga District communities,signed
235,Adiza Iddrisu,F,Medical Assistant,Karaga District communities,Karaga District communities,signed
236,Mohammed Tia,F,Disease Control Officer,Karaga District communities,Karaga District communities,signed
237,Sulemana Iddrisu,F,Community Health Officer,Karaga District communities,Karaga District communities,signed
238,Alhassan Iddrisu,F,Midwife,Karaga District communities,Karaga District communities,signed
239,Mohammed Issahaku,F,Community Health Officer,Karaga District communities,Karaga District communities,signed
240,Ayishetu Mahama,F,Community Health Officer,Karaga District communities,Karaga District communities,signed
241,Rahinatu Yakubu,F,Community Health Officer,Karaga District communities,Karaga District communities,signed
242,Baba Napari,F,Midwife,Karaga District communities,Karaga District communities,signed
243,Sanatu Fuseini,F,Enrolled Nurse,Karaga District communities,Karaga District communities,signed
244,Memunatu Alhassan,F,Disease Control Officer,Karaga District communities,Karaga District communities,signed
245,Ayishetu Wumbei,F,Medical Assistant,Karaga District communities,Karaga District communities,signed
246,Adiza Tia,F,Disease Control Officer,Karaga District communities,Karaga District communities,signed
247,Zuweira Issahaku,F,Medical Assistant,Karaga District communities,Karaga District communities,signed
248,Alhassan Seidu,F,Enrolled Nurse,Karaga District communities,Karaga District communities,signed
249,Mariam Tia,F,Disease Control Officer,Karaga District communities,Karaga District communities,signed
250,Alhassan Napari,F,Disease Control Officer,Karaga District communities,Karaga District communities,signed
251,Abdul Iddrisu,F,Enrolled Nurse,Karaga District communities,Karaga District communities,signed
252,Iddrisu Yakubu,F,Enrolled Nurse,Karaga District communities,Karaga District communities,signed
253,Sanatu Mahama,F,Community Health Officer,Karaga District communities,Karaga District communities,signed
254,Mohammed Issahaku,F,Medical Assistant,Karaga District communities,Karaga District communities,signed
255,Salamatu Mahama,F,Enrolled Nurse,Karaga District communities,Karaga District communities,signed
256,Sulemana Fuseini,F,Midwife,Karaga District communities,Karaga District communities,signed
257,Rahinatu Tia,F,Medical Assistant,Karaga District communities,Karaga District communities,signed
258,Abu Tia,F,Medical Assistant,Karaga District communities,Karaga District communities,signed
259,Baba Seidu,F,Community Health Officer,Karaga District communities,Karaga District communities,signed
260,Issah Abdulai,F,Community Health Officer,Karaga District communities,Karaga District communities,signed
261,Rahinatu Fuseini,F,Community Health Officer,Karaga District communities,Karaga District communities,signed
262,Mariam Yakubu,F,Disease Control Officer,Karaga District communities,Karaga District communities,signed
263,Zuweira Dauda,F,Enrolled Nurse,Karaga District communities,Karaga District communities,signed
264,Adiza Abdulai,F,Community Health Officer,Karaga District communities,Karaga District communities,signed
265,Mariam Wumbei,F,Midwife,Karaga District communities,Karaga District communities,signed
266,Hawa Yakubu,F,Midwife,Karaga District communities,Karaga District communities,signed
267,Hawa Dauda,F,Medical Assistant,Karaga District communities,Karaga District communities,signed
268,Memunatu Alhassan,F,Midwife,Karaga District communities,Karaga District communities,signed
269,Mariam Yakubu,F,Medical Assistant,Karaga District communities,Karaga District communities,signed
270,Mariam Mahama,F,Disease Control Officer,Karaga District communities,Karaga District communities,signed
271,Fati Abdulai,F,Medical Assistant,Karaga District communities,Karaga District communities,signed
272,Salamatu Issahaku,F,Midwife,Karaga District communities,Karaga District communities,signed
273,Abu Dauda,F,Enrolled Nurse,Karaga District communities,Karaga District communities,signed
274,Baba Wumbei,F,Community Health Officer,Karaga District communities,Karaga District communities,signed
275,Sulemana Tia,F,Medical Assistant,Karaga District communities,Karaga District communities,signed
276,Adiza Wumbei,F,Enrolled Nurse,Karaga District communities,Karaga District communities,signed
277,Mohammed Issahaku,F,Medical Assistant,Karaga District communities,Karaga District communities,signed
278,Hawa Napari,F,Community Health Officer,Karaga District communities,Karaga District communities,signed
279,Alhassan Napari,F,Disease Control Officer,Karaga District communities,Karaga District communities,signed
280,Adiza Abdulai,F,Enrolled Nurse,Karaga District communities,Karaga District communities,signed
281,Sulemana Seidu,F,Enrolled Nurse,Karaga District communities,Karaga District communities,signed
282,Mariam Abdulai,F,Medical Assistant,Karaga District communities,Karaga District communities,signed
283,Rahinatu Wumbei,F,Disease Control Officer,Karaga District communities,Karaga District communities,signed
284,Ayishetu Seidu,F,Medical Assistant,Karaga District communities,Karaga District communities,signed
285,Salamatu Tia,F,Disease Control Officer,Karaga District communities,Karaga District communities,signed
286,Sanatu Issahaku,F,Enrolled Nurse,Karaga District communities,Karaga District communities,signed
287,Rahinatu Alhassan,F,Community Health Officer,Karaga District communities,Karaga District communities,signed
288,Baba Mahama,F,Midwife,Karaga District communities,Karaga District communities,signed
289,Salamatu Dauda,F,Enrolled Nurse,Karaga District communities,Karaga District communities,signed
290,Abdul Tia,F,Enrolled Nurse,Karaga District communities,Karaga District communities,signed
291,Mohammed Issahaku,F,Medical Assistant,Karaga District communities,Karaga District communities,signed
292,Mariam Yakubu,F,Midwife,Karaga District communities,Karaga District communities,signed
293,Adiza Mahama,F,Disease Control Officer,Karaga District communities,Karaga District communities,signed
294,Rahinatu Iddrisu,F,Disease Control Officer,Karaga District communities,Karaga District communities,signed
295,Salamatu Abdulai,F,Disease Control Officer,Karaga District communities,Karaga District communities,signed
296,Hawa Abdulai,F,Midwife,Karaga District communities,Karaga District communities,signed
297,Issah Dauda,F,Community Health Officer,Karaga District communities,Karaga District communities,signed
298,Sulemana Mahama,F,Disease Control Officer,Karaga District communities,Karaga District communities,signed
299,Fuseini Yakubu,F,Disease Control Officer,Karaga District communities,Karaga District communities,signed
300,Mohammed Abdulai,F,Medical Assistant,Karaga District communities,Karaga District communities,signed
301,Mariam Iddrisu,F,Community Health Officer,Karaga District communities,Karaga District communities,signed
302,Issah Seidu,F,Midwife,Karaga District communities,Karaga District communities,signed
303,Salamatu Dauda,F,Community Health Officer,Karaga District communities,Karaga District communities,signed
304,Memunatu Abdulai,F,Medical Assistant,Karaga District communities,Karaga District communities,signed
305,Salamatu Napari,F,Enrolled Nurse,Karaga District communities,Karaga District communities,signed
306,Fuseini Yakubu,F,Medical Assistant,Karaga District communities,Karaga District communities,signed
307,Fuseini Yakubu,F,Medical Assistant,Karaga District communities,Karaga District communities,signed
308,Sulemana Alhassan,F,Community Health Officer,Karaga District communities,Karaga District communities,signed
309,Hawa Wumbei,F,Disease Control Officer,Karaga District communities,Karaga District communities,signed
310,Zuweira Wumbei,F,Disease Control Officer,Karaga District communities,Karaga District communities,signed
311,Fuseini Dauda,F,Disease Control Officer,Karaga District communities,Karaga District communities,signed
312,Baba Issahaku,F,Enrolled Nurse,Karaga District communities,Karaga District communities,signed
313,Zuweira Tia,F,Midwife,Karaga District communities,Karaga District communities,signed
314,Sanatu Mahama,F,Medical Assistant,Karaga District communities,Karaga District communities,signed
315,Adiza Napari,F,Midwife,Karaga District communities,Karaga District communities,signed
316,Zuweira Tia,F,Disease Control Officer,Karaga District communities,Karaga District communities,signed
317,Memunatu Dauda,F,Disease Control Officer,Karaga District communities,Karaga District communities,signed
318,Fati Iddrisu,F,Disease Control Officer,Karaga District communities,Karaga District communities,signed
319,Sanatu Mahama,F,Disease Control Officer,Karaga District communities,Karaga District communities,signed
320,Abdul Mahama,F,Medical Assistant,Karaga District communities,Karaga District communities,signed
321,Issah Dauda,F,Enrolled Nurse,Karaga District communities,Karaga District communities,signed
322,Iddrisu Seidu,F,Enrolled Nurse,Karaga District communities,Karaga District communities,signed
323,Abu Yakubu,F,Medical Assistant,Karaga District communities,Karaga District communities,signed
324,Mohammed Iddrisu,F,Midwife,Karaga District communities,Karaga District communities,signed
325,Mohammed Seidu,F,Disease Control Officer,Karaga District communities,Karaga District communities,signed
326,Adiza Seidu,F,Midwife,Karaga District communities,Karaga District communities,signed
327,Mohammed Fuseini,F,Disease Control Officer,Karaga District communities,Karaga District communities,signed
328,Issah Seidu,F,Midwife,Karaga District communities,Karaga District communities,signed
329,Fuseini Wumbei,F,Medical Assistant,Karaga District communities,Karaga District communities,signed
330,Sanatu Seidu,F,Enrolled Nurse,Karaga District communities,Karaga District communities,signed
331,Sanatu Dauda,F,Medical Assistant,Karaga District communities,Karaga District communities,signed
332,Ayishetu Tia,F,Enrolled Nurse,Karaga District communities,Karaga District communities,signed
333,Alhassan Seidu,F,Midwife,Karaga District communities,Karaga District communities,signed
334,Abdul Mahama,F,Midwife,Karaga District communities,Karaga District communities,signed
335,Hawa Seidu,F,Midwife,Karaga District communities,Karaga District communities,signed
336,Fuseini Iddrisu,F,Midwife,Karaga District communities,Karaga District communities,signed
337,Iddrisu Yakubu,F,Midwife,Karaga District communities,Karaga District communities,signed
338,Hawa Napari,F,Community Health Officer,Karaga District communities,Karaga District communities,signed
339,Hawa Issahaku,F,Community Health Officer,Karaga District communities,Karaga District communities,signed
340,Zuweira Dauda,F,Enrolled Nurse,Karaga District communities,Karaga District communities,signed
341,Rahinatu Yakubu,F,Medical Assistant,Karaga District communities,Karaga District communities,signed
342,Salamatu Mahama,F,Community Health Officer,Karaga District communities,Karaga District communities,signed
343,Baba Yakubu,F,Community Health Officer,Karaga District communities,Karaga District communities,signed
344,Mariam Issahaku,F,Medical Assistant,Karaga District communities,Karaga District communities,signed
345,Salamatu Wumbei,F,Disease Control Officer,Karaga District communities,Karaga District communities,signed
346,Mariam Yakubu,F,Midwife,Karaga District communities,Karaga District communities,signed
347,Alhassan Yakubu,F,Midwife,Karaga District communities,Karaga District communities,signed
348,Mariam Mahama,F,Disease Control Officer,Karaga District communities,Karaga District communities,signed
349,Mariam Yakubu,F,Midwife,Karaga District communities,Karaga District communities,signed
350,Alhassan Mahama,F,Community Health Officer,Karaga District communities,Karaga District communities,signed
351,Mohammed Alhassan,F,Community Health Officer,Karaga District communities,Karaga District communities,signed
352,Alhassan Napari,F,Midwife,Karaga District communities,Karaga District communities,signed
353,Mariam Fuseini,F,Disease Control Officer,Karaga District communities,Karaga District communities,signed
354,Mohammed Abdulai,F,Community Health Officer,Karaga District communities,Karaga District communities,signed
355,Baba Issahaku,F,Enrolled Nurse,Karaga District communities,Karaga District communities,signed
356,Fati Mahama,F,Community Health Officer,Karaga District communities,Karaga District communities,signed
357,Baba Dauda,F,Midwife,Karaga District communities,Karaga District communities,signed
358,Adiza Dauda,F,Midwife,Karaga District communities,Karaga District communities,signed
359,Ayishetu Issahaku,F,Midwife,Karaga District communities,Karaga District communities,signed
360,Issah Alhassan,F,Midwife,Karaga District communities,Karaga District communities,signed
361,Fati Wumbei,F,Medical Assistant,Karaga District communities,Karaga District communities,signed
362,Rahinatu Alhassan,F,Disease Control Officer,Karaga District communities,Karaga District communities,signed
363,Abdul Yakubu,F,Enrolled Nurse,Karaga District communities,Karaga District communities,signed
364,Fati Iddrisu,F,Enrolled Nurse,Karaga District communities,Karaga District communities,signed
365,Sanatu Mahama,F,Midwife,Karaga District communities,Karaga District communities,signed
366,Memunatu Seidu,F,Disease Control Officer,Karaga District communities,Karaga District communities,signed
367,Salamatu Napari,F,Medical Assistant,Karaga District communities,Karaga District communities,signed
368,Adiza Iddrisu,F,Medical Assistant,Karaga District communities,Karaga District communities,signed
369,Fati Yakubu,F,Disease Control Officer,Karaga District communities,Karaga District communities,signed
370,Fuseini Fuseini,F,Midwife,Karaga District communities,Karaga District communities,signed
371,Hawa Fuseini,F,Community Health Officer,Karaga District communities,Karaga District communities,signed
372,Yakubu Issahaku,F,Midwife,Karaga District communities,Karaga District communities,signed
373,Sanatu Yakubu,F,Disease Control Officer,Karaga District communities,Karaga District communities,signed
374,Salamatu Abdulai,F,Disease Control Officer,Karaga District communities,Karaga District communities,signed
375,Zuweira Dauda,F,Community Health Officer,Karaga District communities,Karaga District communities,signed
376,Ayishetu Iddrisu,F,Midwife,Karaga District communities,Karaga District communities,signed
377,Sulemana Iddrisu,F,Community Health Officer,Karaga District communities,Karaga District communities,signed
378,Abu Abdulai,F,Community Health Officer,Karaga District communities,Karaga District communities,signed
379,Memunatu Alhassan,F,Medical Assistant,Karaga District communities,Karaga District communities,signed
380,Mohammed Napari,F,Midwife,Karaga District communities,Karaga District communities,signed
381,Baba Wumbei,F,Disease Control Officer,Karaga District communities,Karaga District communities,signed
382,Sulemana Alhassan,F,Midwife,Karaga District communities,Karaga District communities,signed
383,Memunatu Wumbei,F,Disease Control Officer,Karaga District communities,Karaga District communities,signed
384,Salamatu Yakubu,F,Community Health Officer,Karaga District communities,Karaga District communities,signed
385,Rahinatu Dauda,F,Disease Control Officer,Karaga District communities,Karaga District communities,signed
386,Rahinatu Iddrisu,F,Enrolled Nurse,Karaga District communities,Karaga District communities,signed
387,Ayishetu Abdulai,F,Enrolled Nurse,Karaga District communities,Karaga District communities,signed
388,Fati Mahama,F,Enrolled Nurse,Karaga District communities,Karaga District communities,signed
389,Baba Abdulai,F,Enrolled Nurse,Karaga District communities,Karaga District communities,signed
390,Iddrisu Dauda,F,Community Health Officer,Karaga District communities,Karaga District communities,signed
391,Mariam Tia,F,Disease Control Officer,Karaga District communities,Karaga District communities,signed
392,Issah Napari,F,Disease Control Officer,Karaga District communities,Karaga District communities,signed
393,Hawa Tia,F,Midwife,Karaga District communities,Karaga District communities,signed
394,Salamatu Alhassan,F,Midwife,Karaga District communities,Karaga District communities,signed
395,Iddrisu Alhassan,F,Enrolled Nurse,Karaga District communities,Karaga District communities,signed
396,Baba Alhassan,F,Medical Assistant,Karaga District communities,Karaga District communities,signed
397,Iddrisu Dauda,F,Community Health Officer,Karaga District communities,Karaga District communities,signed
398,Mariam Fuseini,F,Community Health Officer,Karaga District communities,Karaga District communities,signed
399,Abdul Abdulai,F,Midwife,Karaga District communities,Karaga District communities,signed
400,Alhassan Abdulai,F,Enrolled Nurse,Karaga District communities,Karaga District communities,signed
401,Memunatu Tia,F,Enrolled Nurse,Karaga District communities,Karaga District communities,signed
402,Adiza Yakubu,F,Community Health Officer,Karaga District communities,Karaga District communities,signed
403,Adiza Abdulai,F,Midwife,Karaga District communities,Karaga District communities,signed
404,Zuweira Fuseini,F,Community Health Officer,Karaga District communities,Karaga District communities,signed
405,Mariam Wumbei,F,Medical Assistant,Karaga District communities,Karaga District communities,signed
406,Abu Mahama,F,Disease Control Officer,Karaga District communities,Karaga District communities,signed
407,Alhassan Abdulai,F,Community Health Officer,Karaga District communities,Karaga District communities,signed
408,Memunatu Tia,F,Disease Control Officer,Karaga District communities,Karaga District communities,signed
409,Abdul Fuseini,F,Community Health Officer,Karaga District communities,Karaga District communities,signed
410,Yakubu Tia,F,Disease Control Officer,Karaga District communities,Karaga District communities,signed
411,Abu Issahaku,F,Community Health Officer,Karaga District communities,Karaga District communities,signed
412,Sulemana Iddrisu,F,Enrolled Nurse,Karaga District communities,Karaga District communities,signed
413,Iddrisu Issahaku,F,Disease Control Officer,Karaga District communities,Karaga District communities,signed
414,Baba Fuseini,F,Community Health Officer,Karaga District communities,Karaga District communities,signed
415,Memunatu Fuseini,F,Community Health Officer,Karaga District communities,Karaga District communities,signed
416,Iddrisu Alhassan,F,Community Health Officer,Karaga District communities,Karaga District communities,signed
417,Ayishetu Tia,F,Disease Control Officer,Karaga District communities,Karaga District communities,signed
418,Rahinatu Fuseini,F,Community Health Officer,Karaga District communities,Karaga District communities,signed
419,Ayishetu Mahama,F,Midwife,Karaga District communities,Karaga District communities,signed
420,Yakubu Wumbei,F,Midwife,Karaga District communities,Karaga District communities,signed
421,Abdul Wumbei,F,Midwife,Karaga District communities,Karaga District communities,signed
422,Alhassan Issahaku,F,Enrolled Nurse,Karaga District communities,Karaga District communities,signed
423,Issah Mahama,F,Community Health Officer,Karaga District communities,Karaga District communities,signed
424,Issah Seidu,F,Disease Control Officer,Karaga District communities,Karaga District communities,signed
425,Mariam Wumbei,F,Medical Assistant,Karaga District communities,Karaga District communities,signed
426,Abdul Mahama,F,Midwife,Karaga District communities,Karaga District communities,signed
427,Hawa Seidu,F,Midwife,Karaga District communities,Karaga District communities,signed
428,Abdul Abdulai,F,Community Health Officer,Karaga District communities,Karaga District communities,signed
429,Adiza Fuseini,F,Disease Control Officer,Karaga District communities,Karaga District communities,signed
430,Adiza Napari,F,Medical Assistant,Karaga District communities,Karaga District communities,signed
431,Alhassan Wumbei,F,Enrolled Nurse,Karaga District communities,Karaga District communities,signed
432,Zuweira Issahaku,F,Midwife,Karaga District communities,Karaga District communities,signed
433,Hawa Napari,F,Medical Assistant,Karaga District communities,Karaga District communities,signed
434,Iddrisu Iddrisu,F,Disease Control Officer,Karaga District communities,Karaga District communities,signed
435,Issah Yakubu,F,Community Health Officer,Karaga District communities,Karaga District communities,signed
436,Memunatu Issahaku,F,Midwife,Karaga District communities,Karaga District communities,signed
437,Fuseini Seidu,F,Disease Control Officer,Karaga District communities,Karaga District communities,signed
438,Fuseini Wumbei,F,Medical Assistant,Karaga District communities,Karaga District communities,signed
439,Fuseini Yakubu,F,Community Health Officer,Karaga District communities,Karaga District communities,signed
440,Memunatu Issahaku,F,Midwife,Karaga District communities,Karaga District communities,signed
441,Fati Fuseini,F,Enrolled Nurse,Karaga District communities,Karaga District communities,signed
442,Rahinatu Fuseini,F,Disease Control Officer,Karaga District communities,Karaga District communities,signed
443,Salamatu Tia,F,Enrolled Nurse,Karaga District communities,Karaga District communities,signed
444,Iddrisu Tia,F,Midwife,Karaga District communities,Karaga District communities,signed
445,Adiza Wumbei,F,Enrolled Nurse,Karaga District communities,Karaga District communities,signed
446,Zuweira Iddrisu,F,Enrolled Nurse,Karaga District communities,Karaga District communities,signed
447,Iddrisu Wumbei,F,Enrolled Nurse,Karaga District communities,Karaga District communities,signed
448,Fati Tia,F,Midwife,Karaga District communities,Karaga District communities,signed
449,Salamatu Wumbei,F,Medical Assistant,Karaga District communities,Karaga District communities,signed
450,Fati Abdulai,F,Midwife,Karaga District communities,Karaga District communities,signed
451,Ayishetu Dauda,F,Midwife,Karaga District communities,Karaga District communities,signed
452,Iddrisu Seidu,F,Community Health Officer,Karaga District communities,Karaga District communities,signed
453,Sulemana Issahaku,F,Midwife,Karaga District communities,Karaga District communities,signed
454,Memunatu Yakubu,F,Midwife,Karaga District communities,Karaga District communities,signed
455,Hawa Mahama,F,Disease Control Officer,Karaga District communities,Karaga District communities,signed
456,Memunatu Abdulai,F,Medical Assistant,Karaga District communities,Karaga District communities,signed
457,Iddrisu Seidu,F,Community Health Officer,Karaga District communities,Karaga District communities,signed
458,Abu Fuseini,F,Disease Control Officer,Karaga District communities,Karaga District communities,signed
459,Fuseini Seidu,F,Midwife,Karaga District communities,Karaga District communities,signed
460,Hawa Dauda,F,Midwife,Karaga District communities,Karaga District communities,signed
461,Yakubu Seidu,F,Medical Assistant,Karaga District communities,Karaga District communities,signed
462,Abu Iddrisu,F,Community Health Officer,Karaga District communities,Karaga District communities,signed
463,Iddrisu Yakubu,F,Community Health Officer,Karaga District communities,Karaga District communities,signed
464,Fuseini Abdulai,F,Medical Assistant,Karaga District communities,Karaga District communities,signed
465,Sulemana Dauda,F,Medical Assistant,Karaga District communities,Karaga District communities,signed
466,Baba Iddrisu,F,Community Health Officer,Karaga District communities,Karaga District communities,signed
467,Issah Dauda,F,Enrolled Nurse,Karaga District communities,Karaga District communities,signed
468,Adiza Wumbei,F,Midwife,Karaga District communities,Karaga District communities,signed
469,Sulemana Mahama,F,Medical Assistant,Karaga District communities,Karaga District communities,signed
470,Zuweira Issahaku,F,Medical Assistant,Karaga District communities,Karaga District communities,signed
471,Abu Alhassan,F,Midwife,Karaga District communities,Karaga District communities,signed
472,Rahinatu Seidu,F,Enrolled Nurse,Karaga District communities,Karaga District communities,signed
473,Sulemana Seidu,F,Community Health Officer,Karaga District communities,Karaga District communities,signed
474,Yakubu Abdulai,F,Enrolled Nurse,Karaga District communities,Karaga District communities,signed
475,Hawa Abdulai,F,Midwife,Karaga District communities,Karaga District communities,signed
476,Memunatu Yakubu,F,Community Health Officer,Karaga District communities,Karaga District communities,signed
477,Fuseini Fuseini,F,Midwife,Karaga District communities,Karaga District communities,signed
478,Alhassan Abdulai,F,Medical Assistant,Karaga District communities,Karaga District communities,signed
479,Yakubu Fuseini,F,Disease Control Officer,Karaga District communities,Karaga District communities,signed
480,Memunatu Alhassan,F,Community Health Officer,Karaga District communities,Karaga District communities,signed
481,Mohammed Alhassan,F,Community Health Officer,Karaga District communities,Karaga District communities,signed
482,Fuseini Mahama,F,Midwife,Karaga District communities,Karaga District communities,signed
483,Sanatu Yakubu,F,Enrolled Nurse,Karaga District communities,Karaga District communities,signed
484,Zuweira Issahaku,F,Medical Assistant,Karaga District communities,Karaga District communities,signed
485,Sulemana Tia,F,Midwife,Karaga District communities,Karaga District communities,signed
486,Adiza Mahama,F,Enrolled Nurse,Karaga District communities,Karaga District communities,signed
487,Abdul Mahama,F,Medical Assistant,Karaga District communities,Karaga District communities,signed
488,Issah Alhassan,F,Disease Control Officer,Karaga District communities,Karaga District communities,signed
489,Alhassan Fuseini,F,Community Health Officer,Karaga District communities,Karaga District communities,signed
490,Fati Napari,F,Enrolled Nurse,Karaga District communities,Karaga District communities,signed
491,Zuweira Wumbei,F,Disease Control Officer,Karaga District communities,Karaga District communities,signed
492,Fuseini Seidu,F,Enrolled Nurse,Karaga District communities,Karaga District communities,signed
493,Issah Issahaku,F,Enrolled Nurse,Karaga District communities,Karaga District communities,signed
494,Mariam Tia,F,Community Health Officer,Karaga District communities,Karaga District communities,signed
495,Adiza Wumbei,F,Midwife,Karaga District communities,Karaga District communities,signed
496,Fati Wumbei,F,Enrolled Nurse,Karaga District communities,Karaga District communities,signed
497,Yakubu Alhassan,F,Community Health Officer,Karaga District communities,Karaga District communities,signed
498,Memunatu Dauda,F,Enrolled Nurse,Karaga District communities,Karaga District communities,signed
499,Sanatu Iddrisu,F,Community Health Officer,Karaga District communities,Karaga District communities,signed
500,Abdul Tia,F,Community Health Officer,Karaga District communities,Karaga District communities,signed
501,Rahinatu Iddrisu,F,Enrolled Nurse,Karaga District communities,Karaga District communities,signed
502,Hawa Seidu,F,Disease Control Officer,Karaga District communities,Karaga District communities,signed
503,Baba Fuseini,F,Enrolled Nurse,Karaga District communities,Karaga District communities,signed
504,Sanatu Dauda,F,Medical Assistant,Karaga District communities,Karaga District communities,signed
505,Yakubu Seidu,F,Enrolled Nurse,Karaga District communities,Karaga District communities,signed
506,Fati Fuseini,F,Enrolled Nurse,Karaga District communities,Karaga District communities,signed
507,Zuweira Yakubu,F,Community Health Officer,Karaga District communities,Karaga District communities,signed
508,Alhassan Napari,F,Enrolled Nurse,Karaga District communities,Karaga District communities,signed
509,Salamatu Seidu,F,Medical Assistant,Karaga District communities,Karaga District communities,signed
510,Mariam Dauda,F,Enrolled Nurse,Karaga District communities,Karaga District communities,signed
511,Salamatu Iddrisu,F,Midwife,Karaga District communities,Karaga District communities,signed
512,Iddrisu Issahaku,F,Medical Assistant,Karaga District communities,Karaga District communities,signed
513,Adiza Alhassan,F,Disease Control Officer,Karaga District communities,Karaga District communities,signed
514,Adiza Issahaku,F,Community Health Officer,Karaga District communities,Karaga District communities,signed
515,Fati Napari,F,Disease Control Officer,Karaga District communities,Karaga District communities,signed
516,Mariam Fuseini,F,Medical Assistant,Karaga District communities,Karaga District communities,signed
517,Abdul Alhassan,F,Midwife,Karaga District communities,Karaga District communities,signed
518,Abdul Yakubu,F,Disease Control Officer,Karaga District communities,Karaga District communities,signed
519,Rahinatu Tia,F,Midwife,Karaga District communities,Karaga District communities,signed
520,Yakubu Tia,F,Medical Assistant,Karaga District communities,Karaga District communities,signed
521,Abdul Iddrisu,F,Community Health Officer,Karaga District communities,Karaga District communities,signed
522,Fuseini Wumbei,F,Community Health Officer,Karaga District communities,Karaga District communities,signed
523,Ayishetu Napari,F,Disease Control Officer,Karaga District communities,Karaga District communities,signed
524,Adiza Seidu,F,Disease Control Officer,Karaga District communities,Karaga District communities,signed
525,Yakubu Napari,F,Midwife,Karaga District communities,Karaga District communities,signed
526,Iddrisu Abdulai,F,Midwife,Karaga District communities,Karaga District communities,signed
527,Issah Seidu,F,Enrolled Nurse,Karaga District communities,Karaga District communities,signed
528,Iddrisu Dauda,F,Medical Assistant,Karaga District communities,Karaga District communities,signed
529,Fati Tia,F,Midwife,Karaga District communities,Karaga District communities,signed
530,Fati Seidu,F,Disease Control Officer,Karaga District communities,Karaga District communities,signed
531,Memunatu Mahama,F,Enrolled Nurse,Karaga District communities,Karaga District communities,signed
532,Memunatu Wumbei,F,Enrolled Nurse,Karaga District communities,Karaga District communities,signed
533,Ayishetu Issahaku,F,Community Health Officer,Karaga District communities,Karaga District communities,signed
534,Abu Alhassan,F,Disease Control Officer,Karaga District communities,Karaga District communities,signed
535,Fuseini Fuseini,F,Enrolled Nurse,Karaga District communities,Karaga District communities,signed
536,Mohammed Fuseini,F,Medical Assistant,Karaga District communities,Karaga District communities,signed
537,Sulemana Napari,F,Medical Assistant,Karaga District communities,Karaga District communities,signed
538,Salamatu Seidu,F,Midwife,Karaga District communities,Karaga District communities,signed
539,Adiza Abdulai,F,Midwife,Karaga District communities,Karaga District communities,signed
540,Iddrisu Mahama,F,Enrolled Nurse,Karaga District communities,Karaga District communities,signed
541,Ayishetu Napari,F,Disease Control Officer,Karaga District communities,Karaga District communities,signed
542,Mariam Issahaku,F,Midwife,Karaga District communities,Karaga District communities,signed
543,Memunatu Iddrisu,F,Enrolled Nurse,Karaga District communities,Karaga District communities,signed
544,Abdul Abdulai,F,Midwife,Karaga District communities,Karaga District communities,signed
545,Hawa Napari,F,Midwife,Karaga District communities,Karaga District communities,signed
546,Alhassan Yakubu,F,Medical Assistant,Karaga District communities,Karaga District communities,signed
547,Salamatu Issahaku,F,Disease Control Officer,Karaga District communities,Karaga District communities,signed
548,Hawa Dauda,F,Enrolled Nurse,Karaga District communities,Karaga District communities,signed
549,Adiza Alhassan,F,Enrolled Nurse,Karaga District communities,Karaga District communities,signed
550,Sulemana Napari,F,Community Health Officer,Karaga District communities,Karaga District communities,signed
551,Iddrisu Napari,F,Medical Assistant,Karaga District communities,Karaga District communities,signed
552,Baba Issahaku,F,Medical Assistant,Karaga District communities,Karaga District communities,signed
553,Abu Napari,F,Community Health Officer,Karaga District communities,Karaga District communities,signed
554,Yakubu Iddrisu,F,Disease Control Officer,Karaga District communities,Karaga District communities,signed
555,Abdul Iddrisu,F,Midwife,Karaga District communities,Karaga District communities,signed
556,Sanatu Wumbei,F,Medical Assistant,Karaga District communities,Karaga District communities,signed
557,Fuseini Seidu,F,Community Health Officer,Karaga District communities,Karaga District communities,signed
558,Yakubu Iddrisu,F,Midwife,Karaga District communities,Karaga District communities,signed
559,Hawa Mahama,F,Enrolled Nurse,Karaga District communities,Karaga District communities,signed
560,Rahinatu Fuseini,F,Disease Control Officer,Karaga District communities,Karaga District communities,signed
561,Mohammed Iddrisu,F,Enrolled Nurse,Karaga District communities,Karaga District communities,signed
562,Mariam Wumbei,F,Community Health Officer,Karaga District communities,Karaga District communities,signed
563,Abu Wumbei,F,Midwife,Karaga District communities,Karaga District communities,signed
564,Ayishetu Alhassan,F,Enrolled Nurse,Karaga District communities,Karaga District communities,signed
565,Yakubu Fuseini,F,Midwife,Karaga District communities,Karaga District communities,signed
566,Adiza Iddrisu,F,Enrolled Nurse,Karaga District communities,Karaga District communities,signed
567,Memunatu Napari,F,Disease Control Officer,Karaga District communities,Karaga District communities,signed
568,Mariam Napari,F,Community Health Officer,Karaga District communities,Karaga District communities,signed
569,Abdul Abdulai,F,Medical Assistant,Karaga District communities,Karaga District communities,signed
570,Mohammed Iddrisu,F,Midwife,Karaga District communities,Karaga District communities,signed
571,Salamatu Fuseini,F,Midwife,Karaga District communities,Karaga District communities,signed
572,Abu Iddrisu,F,Community Health Officer,Karaga District communities,Karaga District communities,signed
573,Iddrisu Dauda,F,Midwife,Karaga District communities,Karaga District communities,signed
574,Fuseini Wumbei,F,Midwife,Karaga District communities,Karaga District communities,signed
575,Abdul Issahaku,F,Midwife,Karaga District communities,Karaga District communities,signed
576,Alhassan Alhassan,F,Community Health Officer,Karaga District communities,Karaga District communities,signed
577,Mariam Dauda,F,Disease Control Officer,Karaga District communities,Karaga District communities,signed
578,Mohammed Mahama,F,Community Health Officer,Karaga District communities,Karaga District communities,signed
579,Mohammed Seidu,F,Enrolled Nurse,Karaga District communities,Karaga District communities,signed
580,Abdul Issahaku,F,Community Health Officer,Karaga District communities,Karaga District communities,signed
581,Sulemana Issahaku,F,Enrolled Nurse,Karaga District communities,Karaga District communities,signed
582,Memunatu Seidu,F,Midwife,Karaga District communities,Karaga District communities,signed
583,Ayishetu Seidu,F,Midwife,Karaga District communities,Karaga District communities,signed
584,Zuweira Dauda,F,Medical Assistant,Karaga District communities,Karaga District communities,signed
585,Memunatu Iddrisu,F,Medical Assistant,Karaga District communities,Karaga District communities,signed
586,Mohammed Dauda,F,Midwife,Karaga District communities,Karaga District communities,signed
587,Fuseini Yakubu,F,Community Health Officer,Karaga District communities,Karaga District communities,signed
588,Ayishetu Issahaku,F,Medical Assistant,Karaga District communities,Karaga District communities,signed
589,Abu Seidu,F,Midwife,Karaga District communities,Karaga District communities,signed
590,Baba Fuseini,F,Midwife,Karaga District communities,Karaga District communities,signed
591,Abdul Seidu,F,Disease Control Officer,Karaga District communities,Karaga District communities,signed
592,Mohammed Seidu,F,Community Health Officer,Karaga District communities,Karaga District communities,signed
593,Salamatu Mahama,F,Enrolled Nurse,Karaga District communities,Karaga District communities,signed
594,Sanatu Issahaku,F,Community Health Officer,Karaga District communities,Karaga District communities,signed
595,Abu Mahama,F,Enrolled Nurse,Karaga District communities,Karaga District communities,signed
596,Fuseini Abdulai,F,Midwife,Karaga District communities,Karaga District communities,signed
597,Memunatu Dauda,F,Medical Assistant,Karaga District communities,Karaga District communities,signed
598,Baba Alhassan,F,Medical Assistant,Karaga District communities,Karaga District communities,signed
599,Fuseini Seidu,F,Medical Assistant,Karaga District communities,Karaga District communities,signed
600,Memunatu Iddrisu,F,Medical Assistant,Karaga District communities,Karaga District communities,signed
601,Hawa Wumbei,F,Midwife,Karaga District communities,Karaga District communities,signed
602,Ayishetu Napari,F,Medical Assistant,Karaga District communities,Karaga District communities,signed
603,Abdul Dauda,F,Community Health Officer,Karaga District communities,Karaga District communities,signed
604,Ayishetu Seidu,F,Medical Assistant,Karaga District communities,Karaga District communities,signed
605,Sulemana Wumbei,F,Community Health Officer,Karaga District communities,Karaga District communities,signed
606,Baba Issahaku,F,Disease Control Officer,Karaga District communities,Karaga District communities,signed
607,Mariam Wumbei,F,Midwife,Karaga District communities,Karaga District communities,signed
608,Abu Dauda,F,Medical Assistant,Karaga District communities,Karaga District communities,signed
609,Fati Iddrisu,F,Medical Assistant,Karaga District communities,Karaga District communities,signed
610,Sulemana Abdulai,F,Midwife,Karaga District communities,Karaga District communities,signed
611,Baba Alhassan,F,Midwife,Karaga District communities,Karaga District communities,signed
612,Sulemana Iddrisu,F,Medical Assistant,Karaga District communities,Karaga District communities,signed
613,Adiza Seidu,F,Medical Assistant,Karaga District communities,Karaga District communities,signed
614,Sanatu Fuseini,F,Medical Assistant,Karaga District communities,Karaga District communities,signed
615,Yakubu Dauda,F,Midwife,Karaga District communities,Karaga District communities,signed
616,Yakubu Mahama,F,Medical Assistant,Karaga District communities,Karaga District communities,signed
617,Sulemana Wumbei,F,Disease Control Officer,Karaga District communities,Karaga District communities,signed
618,Hawa Issahaku,F,Disease Control Officer,Karaga District communities,Karaga District communities,signed
619,Zuweira Seidu,F,Medical Assistant,Karaga District communities,Karaga District communities,signed
620,Memunatu Napari,F,Community Health Officer,Karaga District communities,Karaga District communities,signed
621,Rahinatu Yakubu,F,Community Health Officer,Karaga District communities,Karaga District communities,signed
622,Mohammed Mahama,F,Disease Control Officer,Karaga District communities,Karaga District communities,signed
623,Mariam Napari,F,Midwife,Karaga District communities,Karaga District communities,signed
624,Ayishetu Iddrisu,F,Medical Assistant,Karaga District communities,Karaga District communities,signed
625,Ayishetu Iddrisu,F,Midwife,Karaga District communities,Karaga District communities,signed
626,Abu Fuseini,F,Enrolled Nurse,Karaga District communities,Karaga District communities,signed
627,Abu Seidu,F,Midwife,Karaga District communities,Karaga District communities,signed
628,Iddrisu Yakubu,F,Community Health Officer,Karaga District communities,Karaga District communities,signed
629,Alhassan Abdulai,F,Disease Control Officer,Karaga District communities,Karaga District communities,signed
630,Adiza Napari,F,Disease Control Officer,Karaga District communities,Karaga District communities,signed
631,Mohammed Alhassan,F,Medical Assistant,Karaga District communities,Karaga District communities,signed
632,Fuseini Yakubu,F,Enrolled Nurse,Karaga District communities,Karaga District communities,signed
633,Issah Tia,F,Disease Control Officer,Karaga District communities,Karaga District communities,signed
634,Sanatu Dauda,F,Midwife,Karaga District communities,Karaga District communities,signed
635,Abdul Seidu,F,Disease Control Officer,Karaga District communities,Karaga District communities,signed
636,Rahinatu Alhassan,F,Community Health Officer,Karaga District communities,Karaga District communities,signed
637,Baba Mahama,F,Enrolled Nurse,Karaga District communities,Karaga District communities,signed
638,Rahinatu Wumbei,F,Enrolled Nurse,Karaga District communities,Karaga District communities,signed
639,Zuweira Dauda,F,Medical Assistant,Karaga District communities,Karaga District communities,signed
640,Zuweira Mahama,F,Disease Control Officer,Karaga District communities,Karaga District communities,signed
641,Mariam Tia,F,Disease Control Officer,Karaga District communities,Karaga District communities,signed
642,Iddrisu Napari,F,Disease Control Officer,Karaga District communities,Karaga District communities,signed
643,Iddrisu Mahama,F,Disease Control Officer,Karaga District communities,Karaga District communities,signed
644,Iddrisu Wumbei,F,Disease Control Officer,Karaga District communities,Karaga District communities,signed
645,Iddrisu Seidu,F,Midwife,Karaga District communities,Karaga District communities,signed
646,Iddrisu Wumbei,F,Midwife,Karaga District communities,Karaga District communities,signed
647,Abdul Wumbei,F,Midwife,Karaga District communities,Karaga District communities,signed
648,Iddrisu Wumbei,F,Midwife,Karaga District communities,Karaga District communities,signed
649,Fuseini Yakubu,F,Enrolled Nurse,Karaga District communities,Karaga District communities,signed
650,Zuweira Issahaku,F,Community Health Officer,Karaga District communities,Karaga District communities,signed
651,Fati Abdulai,F,Enrolled Nurse,Karaga District communities,Karaga District communities,signed
652,Rahinatu Seidu,F,Disease Control Officer,Karaga District communities,Karaga District communities,signed
653,Alhassan Iddrisu,F,Enrolled Nurse,Karaga District communities,Karaga District communities,signed
654,Mariam Seidu,F,Community Health Officer,Karaga District communities,Karaga District communities,signed
655,Hawa Seidu,F,Disease Control Officer,Karaga District communities,Karaga District communities,signed
656,Salamatu Issahaku,F,Community Health Officer,Karaga District communities,Karaga District communities,signed
657,Iddrisu Wumbei,F,Medical Assistant,Karaga District communities,Karaga District communities,signed
658,Issah Alhassan,F,Community Health Officer,Karaga District communities,Karaga District communities,signed
659,Hawa Napari,F,Enrolled Nurse,Karaga District communities,Karaga District communities,signed
660,Mariam Issahaku,F,Midwife,Karaga District communities,Karaga District communities,signed
661,Issah Alhassan,F,Medical Assistant,Karaga District communities,Karaga District communities,signed
662,Iddrisu Dauda,F,Community Health Officer,Karaga District communities,Karaga District communities,signed
663,Mariam Seidu,F,Community Health Officer,Karaga District communities,Karaga District communities,signed
664,Sanatu Wumbei,F,Enrolled Nurse,Karaga District communities,Karaga District communities,signed
665,Adiza Tia,F,Medical Assistant,Karaga District communities,Karaga District communities,signed
666,Ayishetu Issahaku,F,Medical Assistant,Karaga District communities,Karaga District communities,signed
667,Memunatu Napari,F,Disease Control Officer,Karaga District communities,Karaga District communities,signed
668,Abu Seidu,F,Enrolled Nurse,Karaga District communities,Karaga District communities,signed
669,Iddrisu Fuseini,F,Midwife,Karaga District communities,Karaga District communities,signed
670,Mariam Seidu,F,Midwife,Karaga District communities,Karaga District communities,signed
671,Fuseini Yakubu,F,Enrolled Nurse,Karaga District communities,Karaga District communities,signed
672,Issah Wumbei,F,Disease Control Officer,Karaga District communities,Karaga District communities,signed
673,Yakubu Abdulai,F,Disease Control Officer,Karaga District communities,Karaga District communities,signed
674,Fuseini Napari,F,Midwife,Karaga District communities,Karaga District communities,signed
675,Yakubu Napari,F,Midwife,Karaga District communities,Karaga District communities,signed
676,Fuseini Yakubu,F,Disease Control Officer,Karaga District communities,Karaga District communities,signed
677,Mohammed Seidu,F,Enrolled Nurse,Karaga District communities,Karaga District communities,signed
678,Ayishetu Iddrisu,F,Midwife,Karaga District communities,Karaga District communities,signed
679,Sanatu Napari,F,Medical Assistant,Karaga District communities,Karaga District communities,signed
680,Mariam Fuseini,F,Disease Control Officer,Karaga District communities,Karaga District communities,signed
681,Zuweira Dauda,F,Enrolled Nurse,Karaga District communities,Karaga District communities,signed
682,Adiza Iddrisu,F,Disease Control Officer,Karaga District communities,Karaga District communities,signed
683,Fati Yakubu,F,Disease Control Officer,Karaga District communities,Karaga District communities,signed
684,Ayishetu Dauda,F,Medical Assistant,Karaga District communities,Karaga District communities,signed
685,Rahinatu Iddrisu,F,Enrolled Nurse,Karaga District communities,Karaga District communities,signed
686,Mohammed Wumbei,F,Community Health Officer,Karaga District communities,Karaga District communities,signed
687,Yakubu Iddrisu,F,Enrolled Nurse,Karaga District communities,Karaga District communities,signed
688,Mariam Tia,F,Community Health Officer,Karaga District communities,Karaga District communities,signed
689,Issah Wumbei,F,Community Health Officer,Karaga District communities,Karaga District communities,signed
690,Fuseini Iddrisu,F,Medical Assistant,Karaga District communities,Karaga District communities,signed
691,Issah Wumbei,F,Enrolled Nurse,Karaga District communities,Karaga District communities,signed
692,Zuweira Tia,F,Disease Control Officer,Karaga District communities,Karaga District communities,signed
693,Mariam Iddrisu,F,Community Health Officer,Karaga District communities,Karaga District communities,signed
694,Rahinatu Iddrisu,F,Disease Control Officer,Karaga District communities,Karaga District communities,signed
695,Fati Tia,F,Disease Control Officer,Karaga District communities,Karaga District communities,signed
696,Abdul Yakubu,F,Midwife,Karaga District communities,Karaga District communities,signed
697,Sanatu Alhassan,F,Community Health Officer,Karaga District communities,Karaga District communities,signed
698,Issah Tia,F,Disease Control Officer,Karaga District communities,Karaga District communities,signed
699,Issah Dauda,F,Midwife,Karaga District communities,Karaga District communities,signed
700,Sulemana Dauda,F,Disease Control Officer,Karaga District communities,Karaga District communities,signed
701,Fati Abdulai,F,Enrolled Nurse,Karaga District communities,Karaga District communities,signed
702,Alhassan Napari,F,Medical Assistant,Karaga District communities,Karaga District communities,signed
703,Yakubu Mahama,F,Community Health Officer,Karaga District communities,Karaga District communities,signed
704,Salamatu Alhassan,F,Disease Control Officer,Karaga District communities,Karaga District communities,signed
705,Hawa Iddrisu,F,Enrolled Nurse,Karaga District communities,Karaga District communities,signed
706,Sanatu Tia,F,Community Health Officer,Karaga District communities,Karaga District communities,signed
707,Adiza Issahaku,F,Enrolled Nurse,Karaga District communities,Karaga District communities,signed
708,Mariam Mahama,F,Community Health Officer,Karaga District communities,Karaga District communities,signed
709,Salamatu Fuseini,F,Midwife,Karaga District communities,Karaga District communities,signed
710,Sanatu Alhassan,F,Community Health Officer,Karaga District communities,Karaga District communities,signed
711,Adiza Seidu,F,Disease Control Officer,Karaga District communities,Karaga District communities,signed
712,Mariam Abdulai,F,Midwife,Karaga District communities,Karaga District communities,signed
713,Fuseini Alhassan,F,Disease Control Officer,Karaga District communities,Karaga District communities,signed
714,Baba Abdulai,F,Enrolled Nurse,Karaga District communities,Karaga District communities,signed
715,Iddrisu Mahama,F,Disease Control Officer,Karaga District communities,Karaga District communities,signed
716,Fuseini Alhassan,F,Medical Assistant,Karaga District communities,Karaga District communities,signed
717,Fati Issahaku,F,Community Health Officer,Karaga District communities,Karaga District communities,signed
718,Fati Issahaku,F,Midwife,Karaga District communities,Karaga District communities,signed
719,Adiza Alhassan,F,Midwife,Karaga District communities,Karaga District communities,signed
720,Mohammed Yakubu,F,Enrolled Nurse,Karaga District communities,Karaga District communities,signed
721,Yakubu Dauda,F,Community Health Officer,Karaga District communities,Karaga District communities,signed
722,Iddrisu Tia,F,Community Health Officer,Karaga District communities,Karaga District communities,signed
723,Abu Issahaku,F,Enrolled Nurse,Karaga District communities,Karaga District communities,signed
724,Salamatu Fuseini,F,Disease Control Officer,Karaga District communities,Karaga District communities,signed
725,Rahinatu Wumbei,F,Community Health Officer,Karaga District communities,Karaga District communities,signed
726,Mohammed Abdulai,F,Midwife,Karaga District communities,Karaga District communities,signed
727,Sulemana Mahama,F,Enrolled Nurse,Karaga District communities,Karaga District communities,signed
728,Abu Fuseini,F,Community Health Officer,Karaga District communities,Karaga District communities,signed
729,Hawa Tia,F,Enrolled Nurse,Karaga District communities,Karaga District communities,signed
730,Issah Fuseini,F,Disease Control Officer,Karaga District communities,Karaga District communities,signed
731,Issah Dauda,F,Medical Assistant,Karaga District communities,Karaga District communities,signed
732,Abdul Dauda,F,Medical Assistant,Karaga District communities,Karaga District communities,signed
733,Alhassan Yakubu,F,Community Health Officer,Karaga District communities,Karaga District communities,signed
734,Ayishetu Abdulai,F,Enrolled Nurse,Karaga District communities,Karaga District communities,signed
735,Baba Abdulai,F,Enrolled Nurse,Karaga District communities,Karaga District communities,signed
736,Ayishetu Fuseini,F,Midwife,Karaga District communities,Karaga District communities,signed
737,Iddrisu Mahama,F,Midwife,Karaga District communities,Karaga District communities,signed
738,Iddrisu Wumbei,F,Disease Control Officer,Karaga District communities,Karaga District communities,signed
739,Abu Wumbei,F,Enrolled Nurse,Karaga District communities,Karaga District communities,signed
740,Fati Mahama,F,Enrolled Nurse,Karaga District communities,Karaga District communities,signed
741,Fati Napari,F,Midwife,Karaga District communities,Karaga District communities,signed
742,Rahinatu Alhassan,F,Disease Control Officer,Karaga District communities,Karaga District communities,signed
743,Issah Seidu,F,Midwife,Karaga District communities,Karaga District communities,signed
744,Mariam Issahaku,F,Disease Control Officer,Karaga District communities,Karaga District communities,signed
745,Rahinatu Fuseini,F,Medical Assistant,Karaga District communities,Karaga District communities,signed
746,Sulemana Tia,F,Medical Assistant,Karaga District communities,Karaga District communities,signed
747,Fati Issahaku,F,Medical Assistant,Karaga District communities,Karaga District communities,signed
748,Memunatu Issahaku,F,Midwife,Karaga District communities,Karaga District communities,signed
749,Baba Tia,F,Community Health Officer,Karaga District communities,Karaga District communities,signed
750,Yakubu Mahama,F,Medical Assistant,Karaga District communities,Karaga District communities,signed
751,Issah Alhassan,F,Enrolled Nurse,Karaga District communities,Karaga District communities,signed
752,Alhassan Fuseini,F,Community Health Officer,Karaga District communities,Karaga District communities,signed
753,Ayishetu Dauda,F,Community Health Officer,Karaga District communities,Karaga District communities,signed
754,Sanatu Tia,F,Disease Control Officer,Karaga District communities,Karaga District communities,signed
755,Issah Napari,F,Disease Control Officer,Karaga District communities,Karaga District communities,signed
756,Mariam Wumbei,F,Community Health Officer,Karaga District communities,Karaga District communities,signed
757,Issah Dauda,F,Enrolled Nurse,Karaga District communities,Karaga District communities,signed
758,Zuweira Iddrisu,F,Community Health Officer,Karaga District communities,Karaga District communities,signed
759,Alhassan Alhassan,F,Enrolled Nurse,Karaga District communities,Karaga District communities,signed
760,Fuseini Napari,F,Disease Control Officer,Karaga District communities,Karaga District communities,signed
761,Iddrisu Dauda,F,Community Health Officer,Karaga District communities,Karaga District communities,signed
762,Adiza Seidu,F,Medical Assistant,Karaga District communities,Karaga District communities,signed
763,Salamatu Seidu,F,Community Health Officer,Karaga District communities,Karaga District communities,signed
764,Alhassan Napari,F,Medical Assistant,Karaga District communities,Karaga District communities,signed
765,Salamatu Tia,F,Medical Assistant,Karaga District communities,Karaga District communities,signed
766,Baba Abdulai,F,Enrolled Nurse,Karaga District communities,Karaga District communities,signed
767,Fati Yakubu,F,Medical Assistant,Karaga District communities,Karaga District communities,signed
768,Issah Alhassan,F,Disease Control Officer,Karaga District communities,Karaga District communities,signed
769,Zuweira Yakubu,F,Disease Control Officer,Karaga District communities,Karaga District communities,signed
770,Baba Fuseini,F,Disease Control Officer,Karaga District communities,Karaga District communities,signed
771,Alhassan Wumbei,F,Medical Assistant,Karaga District communities,Karaga District communities,signed
772,Ayishetu Wumbei,F,Midwife,Karaga District communities,Karaga District communities,signed
773,Hawa Fuseini,F,Community Health Officer,Karaga District communities,Karaga District communities,signed
774,Memunatu Iddrisu,F,Disease Control Officer,Karaga District communities,Karaga District communities,signed
775,Adiza Fuseini,F,Community Health Officer,Karaga District communities,Karaga District communities,signed
776,Issah Wumbei,F,Medical Assistant,Karaga District communities,Karaga District communities,signed
777,Mohammed Fuseini,F,Medical Assistant,Karaga District communities,Karaga District communities,signed
778,Fuseini Mahama,F,Medical Assistant,Karaga District communities,Karaga District communities,signed
779,Mariam Fuseini,F,Enrolled Nurse,Karaga District communities,Karaga District communities,signed
780,Zuweira Seidu,F,Midwife,Karaga District communities,Karaga District communities,signed
781,Mariam Issahaku,F,Enrolled Nurse,Karaga District communities,Karaga District communities,signed
782,Abu Tia,F,Disease Control Officer,Karaga District communities,Karaga District communities,signed
783,Adiza Yakubu,F,Enrolled Nurse,Karaga District communities,Karaga District communities,signed
784,Memunatu Mahama,F,Disease Control Officer,Karaga District communities,Karaga District communities,signed
785,Salamatu Dauda,F,Medical Assistant,Karaga District communities,Karaga District communities,signed
786,Salamatu Fuseini,F,Community Health Officer,Karaga District communities,Karaga District communities,signed
787,Sulemana Mahama,F,Enrolled Nurse,Karaga District communities,Karaga District communities,signed
788,Iddrisu Alhassan,F,Disease Control Officer,Karaga District communities,Karaga District communities,signed
789,Adiza Wumbei,F,Enrolled Nurse,Karaga District communities,Karaga District communities,signed
790,Issah Mahama,F,Enrolled Nurse,Karaga District communities,Karaga District communities,signed
791,Mariam Seidu,F,Medical Assistant,Karaga District communities,Karaga District communities,signed
792,Hawa Seidu,F,Community Health Officer,Karaga District communities,Karaga District communities,signed
793,Alhassan Iddrisu,F,Enrolled Nurse,Karaga District communities,Karaga District communities,signed
794,Alhassan Alhassan,F,Enrolled Nurse,Karaga District communities,Karaga District communities,signed
795,Sulemana Dauda,F,Community Health Officer,Karaga District communities,Karaga District communities,signed
796,Abu Dauda,F,Disease Control Officer,Karaga District communities,Karaga District communities,signed
797,Sanatu Abdulai,F,Disease Control Officer,Karaga District communities,Karaga District communities,signed
798,Issah Wumbei,F,Medical Assistant,Karaga District communities,Karaga District communities,signed
799,Hawa Fuseini,F,Disease Control Officer,Karaga District communities,Karaga District communities,signed
800,Sanatu Fuseini,F,Midwife,Karaga District communities,Karaga District communities,signed
801,Memunatu Alhassan,F,Disease Control Officer,Karaga District communities,Karaga District communities,signed
802,Fati Yakubu,F,Midwife,Karaga District communities,Karaga District communities,signed
803,Rahinatu Dauda,F,Enrolled Nurse,Karaga District communities,Karaga District communities,signed
804,Memunatu Abdulai,F,Enrolled Nurse,Karaga District communities,Karaga District communities,signed
805,Rahinatu Iddrisu,F,Enrolled Nurse,Karaga District communities,Karaga District communities,signed
806,Memunatu Issahaku,F,Medical Assistant,Karaga District communities,Karaga District communities,signed
807,Salamatu Alhassan,F,Midwife,Karaga District communities,Karaga District communities,signed
808,Iddrisu Tia,F,Midwife,Karaga District communities,Karaga District communities,signed
809,Alhassan Alhassan,F,Enrolled Nurse,Karaga District communities,Karaga District communities,signed
810,Abdul Mahama,F,Disease Control Officer,Karaga District communities,Karaga District communities,signed
811,Sulemana Iddrisu,F,Medical Assistant,Karaga District communities,Karaga District communities,signed
812,Baba Napari,F,Community Health Officer,Karaga District communities,Karaga District communities,signed
813,Fuseini Seidu,F,Community Health Officer,Karaga District communities,Karaga District communities,signed
814,Alhassan Tia,F,Enrolled Nurse,Karaga District communities,Karaga District communities,signed
815,Salamatu Abdulai,F,Disease Control Officer,Karaga District communities,Karaga District communities,signed
816,Salamatu Fuseini,F,Enrolled Nurse,Karaga District communities,Karaga District communities,signed
817,Fuseini Abdulai,F,Disease Control Officer,Karaga District communities,Karaga District communities,signed
818,Zuweira Fuseini,F,Enrolled Nurse,Karaga District communities,Karaga District communities,signed
819,Fuseini Fuseini,F,Enrolled Nurse,Karaga District communities,Karaga District communities,signed
820,Hawa Tia,F,Disease Control Officer,Karaga District communities,Karaga District communities,signed
821,Mohammed Abdulai,F,Enrolled Nurse,Karaga District communities,Karaga District communities,signed
822,Sulemana Napari,F,Community Health Officer,Karaga District communities,Karaga District communities,signed
823,Memunatu Mahama,F,Medical Assistant,Karaga District communities,Karaga District communities,signed
824,Ayishetu Wumbei,F,Medical Assistant,Karaga District communities,Karaga District communities,signed
825,Sanatu Iddrisu,F,Community Health Officer,Karaga District communities,Karaga District communities,signed
826,Memunatu Abdulai,F,Community Health Officer,Karaga District communities,Karaga District communities,signed
827,Hawa Issahaku,F,Midwife,Karaga District communities,Karaga District communities,signed
828,Salamatu Abdulai,F,Medical Assistant,Karaga District communities,Karaga District communities,signed
829,Mariam Yakubu,F,Community Health Officer,Karaga District communities,Karaga District communities,signed
830,Yakubu Fuseini,F,Midwife,Karaga District communities,Karaga District communities,signed
831,Sulemana Mahama,F,Midwife,Karaga District communities,Karaga District communities,signed
832,Abdul Wumbei,F,Enrolled Nurse,Karaga District communities,Karaga District communities,signed
833,Zuweira Issahaku,F,Medical Assistant,Karaga District communities,Karaga District communities,signed
834,Ayishetu Alhassan,F,Medical Assistant,Karaga District communities,Karaga District communities,signed
835,Memunatu Dauda,F,Midwife,Karaga District communities,Karaga District communities,signed
836,Mohammed Napari,F,Enrolled Nurse,Karaga District communities,Karaga District communities,signed
837,Sanatu Tia,F,Midwife,Karaga District communities,Karaga District communities,signed
838,Iddrisu Issahaku,F,Disease Control Officer,Karaga District communities,Karaga District communities,signed
839,Alhassan Mahama,F,Midwife,Karaga District communities,Karaga District communities,signed
840,Abu Wumbei,F,Community Health Officer,Karaga District communities,Karaga District communities,signed
841,Yakubu Fuseini,F,Medical Assistant,Karaga District communities,Karaga District communities,signed
842,Baba Mahama,F,Enrolled Nurse,Karaga District communities,Karaga District communities,signed
843,Issah Alhassan,F,Midwife,Karaga District communities,Karaga District communities,signed
844,Mariam Issahaku,F,Midwife,Karaga District communities,Karaga District communities,signed
845,Issah Tia,F,Disease Control Officer,Karaga District communities,Karaga District communities,signed
846,Zuweira Fuseini,F,Midwife,Karaga District communities,Karaga District communities,signed
847,Hawa Mahama,F,Enrolled Nurse,Karaga District communities,Karaga District communities,signed
848,Zuweira Abdulai,F,Disease Control Officer,Karaga District communities,Karaga District communities,signed
849,Abu Fuseini,F,Medical Assistant,Karaga District communities,Karaga District communities,signed
850,Hawa Wumbei,F,Disease Control Officer,Karaga District communities,Karaga District communities,signed
851,Yakubu Issahaku,F,Midwife,Karaga District communities,Karaga District communities,signed
852,Ayishetu Seidu,F,Medical Assistant,Karaga District communities,Karaga District communities,signed
853,Adiza Iddrisu,F,Community Health Officer,Karaga District communities,Karaga District communities,signed
854,Hawa Iddrisu,F,Community Health Officer,Karaga District communities,Karaga District communities,signed
855,Mohammed Iddrisu,F,Midwife,Karaga District communities,Karaga District communities,signed
856,Iddrisu Issahaku,F,Disease Control Officer,Karaga District communities,Karaga District communities,signed
857,Ayishetu Dauda,F,Medical Assistant,Karaga District communities,Karaga District communities,signed
858,Iddrisu Fuseini,F,Community Health Officer,Karaga District communities,Karaga District communities,signed
859,Hawa Alhassan,F,Enrolled Nurse,Karaga District communities,Karaga District communities,signed
860,Sanatu Iddrisu,F,Medical Assistant,Karaga District communities,Karaga District communities,signed
861,Sanatu Mahama,F,Midwife,Karaga District communities,Karaga District communities,signed
862,Abdul Dauda,F,Medical Assistant,Karaga District communities,Karaga District communities,signed
863,Sanatu Issahaku,F,Disease Control Officer,Karaga District communities,Karaga District communities,signed
864,Adiza Tia,F,Community Health Officer,Karaga District communities,Karaga District communities,signed
865,Mohammed Fuseini,F,Disease Control Officer,Karaga District communities,Karaga District communities,signed
866,Baba Iddrisu,F,Community Health Officer,Karaga District communities,Karaga District communities,signed
867,Fati Alhassan,F,Midwife,Karaga District communities,Karaga District communities,signed
868,Issah Wumbei,F,Enrolled Nurse,Karaga District communities,Karaga District communities,signed
869,Adiza Fuseini,F,Medical Assistant,Karaga District communities,Karaga District communities,signed
870,Mohammed Iddrisu,F,Midwife,Karaga District communities,Karaga District communities,signed
871,Sanatu Napari,F,Community Health Officer,Karaga District communities,Karaga District communities,signed
872,Abdul Fuseini,F,Community Health Officer,Karaga District communities,Karaga District communities,signed
873,Yakubu Mahama,F,Enrolled Nurse,Karaga District communities,Karaga District communities,signed
874,Abdul Seidu,F,Medical Assistant,Karaga District communities,Karaga District communities,signed
875,Abu Abdulai,F,Community Health Officer,Karaga District communities,Karaga District communities,signed
876,Memunatu Abdulai,F,Disease Control Officer,Karaga District communities,Karaga District communities,signed
877,Rahinatu Tia,F,Enrolled Nurse,Karaga District communities,Karaga District communities,signed
878,Mariam Iddrisu,F,Medical Assistant,Karaga District communities,Karaga District communities,signed
879,Issah Iddrisu,F,Enrolled Nurse,Karaga District communities,Karaga District communities,signed
880,Mariam Yakubu,F,Enrolled Nurse,Karaga District communities,Karaga District communities,signed
881,Yakubu Issahaku,F,Medical Assistant,Karaga District communities,Karaga District communities,signed
882,Ayishetu Dauda,F,Community Health Officer,Karaga District communities,Karaga District communities,signed
883,Fati Napari,F,Midwife,Karaga District communities,Karaga District communities,signed
884,Issah Yakubu,F,Medical Assistant,Karaga District communities,Karaga District communities,signed
885,Hawa Issahaku,F,Community Health Officer,Karaga District communities,Karaga District communities,signed
886,Adiza Seidu,F,Enrolled Nurse,Karaga District communities,Karaga District communities,signed
887,Baba Fuseini,F,Medical Assistant,Karaga District communities,Karaga District communities,signed
888,Abu Seidu,F,Midwife,Karaga District communities,Karaga District communities,signed
889,Sulemana Dauda,F,Medical Assistant,Karaga District communities,Karaga District communities,signed
890,Hawa Alhassan,F,Medical Assistant,Karaga District communities,Karaga District communities,signed
891,Adiza Seidu,F,Disease Control Officer,Karaga District communities,Karaga District communities,signed
892,Abu Napari,F,Midwife,Karaga District communities,Karaga District communities,signed
893,Iddrisu Tia,F,Medical Assistant,Karaga District communities,Karaga District communities,signed
894,Rahinatu Seidu,F,Disease Control Officer,Karaga District communities,Karaga District communities,signed
895,Alhassan Wumbei,F,Medical Assistant,Karaga District communities,Karaga District communities,signed
896,Hawa Yakubu,F,Disease Control Officer,Karaga District communities,Karaga District communities,signed
897,Mariam Dauda,F,Midwife,Karaga District communities,Karaga District communities,signed
898,Yakubu Wumbei,F,Medical Assistant,Karaga District communities,Karaga District communities,signed
899,Sulemana Alhassan,F,Midwife,Karaga District communities,Karaga District communities,signed
900,Mariam Napari,F,Community Health Officer,Karaga District communities,Karaga District communities,signed
901,Mohammed Fuseini,F,Midwife,Karaga District communities,Karaga District communities,signed
902,Adiza Dauda,F,Enrolled Nurse,Karaga District communities,Karaga District communities,signed
903,Abu Tia,F,Community Health Officer,Karaga District communities,Karaga District communities,signed
904,Fati Fuseini,F,Enrolled Nurse,Karaga District communities,Karaga District communities,signed
905,Abdul Fuseini,F,Medical Assistant,Karaga District communities,Karaga District communities,signed
906,Sulemana Tia,F,Enrolled Nurse,Karaga District communities,Karaga District communities,signed
907,Fati Seidu,F,Midwife,Karaga District communities,Karaga District communities,signed
908,Abu Wumbei,F,Medical Assistant,Karaga District communities,Karaga District communities,signed
909,Iddrisu Alhassan,F,Community Health Officer,Karaga District communities,Karaga District communities,signed
910,Fuseini Fuseini,F,Enrolled Nurse,Karaga District communities,Karaga District communities,signed
911,Iddrisu Wumbei,F,Disease Control Officer,Karaga District communities,Karaga District communities,signed
912,Abu Issahaku,F,Disease Control Officer,Karaga District communities,Karaga District communities,signed
913,Ayishetu Fuseini,F,Community Health Officer,Karaga District communities,Karaga District communities,signed
914,Issah Alhassan,F,Community Health Officer,Karaga District communities,Karaga District communities,signed
915,Sanatu Iddrisu,F,Medical Assistant,Karaga District communities,Karaga District communities,signed
916,Sanatu Issahaku,F,Community Health Officer,Karaga District communities,Karaga District communities,signed
917,Issah Dauda,F,Community Health Officer,Karaga District communities,Karaga District communities,signed
918,Fuseini Mahama,F,Medical Assistant,Karaga District communities,Karaga District communities,signed
919,Hawa Dauda,F,Medical Assistant,Karaga District communities,Karaga District communities,signed
920,Fati Wumbei,F,Disease Control Officer,Karaga District communities,Karaga District communities,signed
921,Yakubu Dauda,F,Enrolled Nurse,Karaga District communities,Karaga District communities,signed
922,Yakubu Fuseini,F,Community Health Officer,Karaga District communities,Karaga District communities,signed
923,Mohammed Dauda,F,Community Health Officer,Karaga District communities,Karaga District communities,signed
924,Iddrisu Issahaku,F,Midwife,Karaga District communities,Karaga District communities,signed
925,Zuweira Mahama,F,Enrolled Nurse,Karaga District communities,Karaga District communities,signed
926,Rahinatu Dauda,F,Medical Assistant,Karaga District communities,Karaga District communities,signed
927,Alhassan Mahama,F,Disease Control Officer,Karaga District communities,Karaga District communities,signed
928,Fati Iddrisu,F,Disease Control Officer,Karaga District communities,Karaga District communities,signed
929,Adiza Fuseini,F,Community Health Officer,Karaga District communities,Karaga District communities,signed
930,Mariam Tia,F,Community Health Officer,Karaga District communities,Karaga District communities,signed
931,Abu Seidu,F,Medical Assistant,Karaga District communities,Karaga District communities,signed
932,Fuseini Wumbei,F,Midwife,Karaga District communities,Karaga District communities,signed
933,Mariam Iddrisu,F,Community Health Officer,Karaga District communities,Karaga District communities,signed
934,Abdul Alhassan,F,Medical Assistant,Karaga District communities,Karaga District communities,signed
935,Iddrisu Iddrisu,F,Midwife,Karaga District communities,Karaga District communities,signed
936,Adiza Iddrisu,F,Disease Control Officer,Karaga District communities,Karaga District communities,signed
937,Iddrisu Seidu,F,Midwife,Karaga District communities,Karaga District communities,signed
938,Abdul Dauda,F,Midwife,Karaga District communities,Karaga District communities,signed
939,Alhassan Wumbei,F,Community Health Officer,Karaga District communities,Karaga District communities,signed
940,Adiza Issahaku,F,Community Health Officer,Karaga District communities,Karaga District communities,signed
941,Adiza Mahama,F,Enrolled Nurse,Karaga District communities,Karaga District communities,signed
942,Alhassan Dauda,F,Disease Control Officer,Karaga District communities,Karaga District communities,signed
943,Ayishetu Alhassan,F,Community Health Officer,Karaga District communities,Karaga District communities,signed
944,Yakubu Fuseini,F,Medical Assistant,Karaga District communities,Karaga District communities,signed
945,Issah Iddrisu,F,Community Health Officer,Karaga District communities,Karaga District communities,signed
946,Salamatu Dauda,F,Enrolled Nurse,Karaga District communities,Karaga District communities,signed
947,Hawa Dauda,F,Midwife,Karaga District communities,Karaga District communities,signed
948,Salamatu Issahaku,F,Community Health Officer,Karaga District communities,Karaga District communities,signed
949,Memunatu Iddrisu,F,Midwife,Karaga District communities,Karaga District communities,signed
950,Zuweira Iddrisu,F,Community Health Officer,Karaga District communities,Karaga District communities,signed
951,Zuweira Dauda,F,Community Health Officer,Karaga District communities,Karaga District communities,signed
952,Salamatu Yakubu,F,Community Health Officer,Karaga District communities,Karaga District communities,signed
953,Issah Wumbei,F,Community Health Officer,Karaga District communities,Karaga District communities,signed
954,Salamatu Dauda,F,Enrolled Nurse,Karaga District communities,Karaga District communities,signed
955,Baba Fuseini,F,Community Health Officer,Karaga District communities,Karaga District communities,signed
956,Ayishetu Napari,F,Disease Control Officer,Karaga District communities,Karaga District communities,signed
957,Yakubu Issahaku,F,Disease Control Officer,Karaga District communities,Karaga District communities,signed
958,Fati Iddrisu,F,Disease Control Officer,Karaga District communities,Karaga District communities,signed
959,Issah Iddrisu,F,Enrolled Nurse,Karaga District communities,Karaga District communities,signed
960,Ayishetu Mahama,F,Midwife,Karaga District communities,Karaga District communities,signed
961,Mohammed Tia,F,Medical Assistant,Karaga District communities,Karaga District communities,signed
962,Adiza Alhassan,F,Medical Assistant,Karaga District communities,Karaga District communities,signed
963,Alhassan Iddrisu,F,Medical Assistant,Karaga District communities,Karaga District communities,signed
964,Mohammed Issahaku,F,Medical Assistant,Karaga District communities,Karaga District communities,signed
965,Zuweira Yakubu,F,Enrolled Nurse,Karaga District communities,Karaga District communities,signed
966,Iddrisu Napari,F,Midwife,Karaga District communities,Karaga District communities,signed
967,Mohammed Dauda,F,Enrolled Nurse,Karaga District communities,Karaga District communities,signed
968,Adiza Fuseini,F,Enrolled Nurse,Karaga District communities,Karaga District communities,signed
969,Fuseini Yakubu,F,Enrolled Nurse,Karaga District communities,Karaga District communities,signed
970,Abu Issahaku,F,Midwife,Karaga District communities,Karaga District communities,signed
971,Sanatu Mahama,F,Medical Assistant,Karaga District communities,Karaga District communities,signed
972,Adiza Dauda,F,Disease Control Officer,Karaga District communities,Karaga District communities,signed
973,Adiza Yakubu,F,Enrolled Nurse,Karaga District communities,Karaga District communities,signed
974,Baba Fuseini,F,Midwife,Karaga District communities,Karaga District communities,signed
975,Mariam Fuseini,F,Medical Assistant,Karaga District communities,Karaga District communities,signed
976,Abu Seidu,F,Midwife,Karaga District communities,Karaga District communities,signed
977,Baba Iddrisu,F,Community Health Officer,Karaga District communities,Karaga District communities,signed
978,Sulemana Fuseini,F,Enrolled Nurse,Karaga District communities,Karaga District communities,signed
979,Yakubu Alhassan,F,Disease Control Officer,Karaga District communities,Karaga District communities,signed
980,Iddrisu Tia,F,Medical Assistant,Karaga District communities,Karaga District communities,signed
981,Salamatu Issahaku,F,Medical Assistant,Karaga District communities,Karaga District communities,signed
982,Issah Issahaku,F,Disease Control Officer,Karaga District communities,Karaga District communities,signed
983,Baba Mahama,F,Enrolled Nurse,Karaga District communities,Karaga District communities,signed
984,Salamatu Napari,F,Enrolled Nurse,Karaga District communities,Karaga District communities,signed
985,Iddrisu Seidu,F,Disease Control Officer,Karaga District communities,Karaga District communities,signed
986,Ayishetu Dauda,F,Disease Control Officer,Karaga District communities,Karaga District communities,signed
987,Memunatu Dauda,F,Medical Assistant,Karaga District communities,Karaga District communities,signed
988,Zuweira Alhassan,F,Enrolled Nurse,Karaga District communities,Karaga District communities,signed
989,Abu Iddrisu,F,Enrolled Nurse,Karaga District communities,Karaga District communities,signed
990,Abdul Iddrisu,F,Medical Assistant,Karaga District communities,Karaga District communities,signed
991,Adiza Iddrisu,F,Midwife,Karaga District communities,Karaga District communities,signed
992,Abdul Abdulai,F,Disease Control Officer,Karaga District communities,Karaga District communities,signed
993,Salamatu Wumbei,F,Disease Control Officer,Karaga District communities,Karaga District communities,signed
994,Fati Dauda,F,Medical Assistant,Karaga District communities,Karaga District communities,signed
995,Adiza Fuseini,F,Enrolled Nurse,Karaga District communities,Karaga District communities,signed
996,Zuweira Fuseini,F,Medical Assistant,Karaga District communities,Karaga District communities,signed
997,Hawa Tia,F,Medical Assistant,Karaga District communities,Karaga District communities,signed
998,Abu Yakubu,F,Medical Assistant,Karaga District communities,Karaga District communities,signed
999,Adiza Mahama,F,Enrolled Nurse,Karaga District communities,Karaga District communities,signed
1000,Adiza Seidu,F,Disease Control Officer,Karaga District communities,Karaga District communities,signed
1001,Fuseini Wumbei,F,Midwife,Karaga District communities,Karaga District communities,signed
1002,Iddrisu Iddrisu,F,Disease Control Officer,Karaga District communities,Karaga District communities,signed
1003,Baba Tia,F,Community Health Officer,Karaga District communities,Karaga District communities,signed
1004,Memunatu Napari,F,Midwife,Karaga District communities,Karaga District communities,signed
1005,Yakubu Issahaku,F,Enrolled Nurse,Karaga District communities,Karaga District communities,signed
1006,Rahinatu Wumbei,F,Disease Control Officer,Karaga District communities,Karaga District communities,signed
1007,Fati Mahama,F,Midwife,Karaga District communities,Karaga District communities,signed
1008,Adiza Wumbei,F,Midwife,Karaga District communities,Karaga District communities,signed
1009,Mohammed Issahaku,F,Disease Control Officer,Karaga District communities,Karaga District communities,signed
1010,Alhassan Dauda,F,Disease Control Officer,Karaga District communities,Karaga District communities,signed
1011,Alhassan Fuseini,F,Community Health Officer,Karaga District communities,Karaga District communities,signed
1012,Alhassan Yakubu,F,Enrolled Nurse,Karaga District communities,Karaga District communities,signed
1013,Ayishetu Abdulai,F,Enrolled Nurse,Karaga District communities,Karaga District communities,signed
1014,Abu Dauda,F,Disease Control Officer,Karaga District communities,Karaga District communities,signed
1015,Alhassan Alhassan,F,Medical Assistant,Karaga District communities,Karaga District communities,signed
1016,Sulemana Yakubu,F,Enrolled Nurse,Karaga District communities,Karaga District communities,signed
1017,Yakubu Napari,F,Midwife,Karaga District communities,Karaga District communities,signed
1018,Salamatu Mahama,F,Disease Control Officer,Karaga District communities,Karaga District communities,signed
1019,Baba Alhassan,F,Disease Control Officer,Karaga District communities,Karaga District communities,signed
1020,Fuseini Yakubu,F,Midwife,Karaga District communities,Karaga District communities,signed
1021,Zuweira Wumbei,F,Medical Assistant,Karaga District communities,Karaga District communities,signed
1022,Issah Dauda,F,Disease Control Officer,Karaga District communities,Karaga District communities,signed
1023,Zuweira Dauda,F,Enrolled Nurse,Karaga District communities,Karaga District communities,signed
1024,Iddrisu Abdulai,F,Midwife,Karaga District communities,Karaga District communities,signed
1025,Adiza Seidu,F,Medical Assistant,Karaga District communities,Karaga District communities,signed
1026,Zuweira Tia,F,Midwife,Karaga District communities,Karaga District communities,signed
1027,Alhassan Iddrisu,F,Medical Assistant,Karaga District communities,Karaga District communities,signed
1028,Salamatu Issahaku,F,Midwife,Karaga District communities,Karaga District communities,signed
1029,Abdul Dauda,F,Community Health Officer,Karaga District communities,Karaga District communities,signed
1030,Iddrisu Wumbei,F,Midwife,Karaga District communities,Karaga District communities,signed
1031,Iddrisu Dauda,F,Medical Assistant,Karaga District communities,Karaga District communities,signed
1032,Rahinatu Fuseini,F,Medical Assistant,Karaga District communities,Karaga District communities,signed
1033,Fuseini Yakubu,F,Midwife,Karaga District communities,Karaga District communities,signed
1034,Abdul Abdulai,F,Enrolled Nurse,Karaga District communities,Karaga District communities,signed
1035,Abu Issahaku,F,Medical Assistant,Karaga District communities,Karaga District communities,signed
1036,Abu Fuseini,F,Disease Control Officer,Karaga District communities,Karaga District communities,signed
1037,Yakubu Alhassan,F,Community Health Officer,Karaga District communities,Karaga District communities,signed
1038,Iddrisu Dauda,F,Enrolled Nurse,Karaga District communities,Karaga District communities,signed
1039,Iddrisu Yakubu,F,Midwife,Karaga District communities,Karaga District communities,signed
1040,Fati Yakubu,F,Midwife,Karaga District communities,Karaga District communities,signed
1041,Ayishetu Napari,F,Disease Control Officer,Karaga District communities,Karaga District communities,signed
1042,Adiza Seidu,F,Midwife,Karaga District communities,Karaga District communities,signed
1043,Abdul Yakubu,F,Disease Control Officer,Karaga District communities,Karaga District communities,signed
1044,Sulemana Iddrisu,F,Medical Assistant,Karaga District communities,Karaga District communities,signed
1045,Fati Alhassan,F,Midwife,Karaga District communities,Karaga District communities,signed
1046,Alhassan Napari,F,Midwife,Karaga District communities,Karaga District communities,signed
1047,Baba Fuseini,F,Medical Assistant,Karaga District communities,Karaga District communities,signed
1048,Fati Yakubu,F,Disease Control Officer,Karaga District communities,Karaga District communities,signed
1049,Salamatu Seidu,F,Medical Assistant,Karaga District communities,Karaga District communities,signed
1050,Abu Mahama,F,Disease Control Officer,Karaga District communities,Karaga District communities,signed
1051,Fati Seidu,F,Enrolled Nurse,Karaga District communities,Karaga District communities,signed
1052,Iddrisu Alhassan,F,Community Health Officer,Karaga District communities,Karaga District communities,signed
1053,Iddrisu Fuseini,F,Midwife,Karaga District communities,Karaga District communities,signed
1054,Abdul Alhassan,F,Enrolled Nurse,Karaga District communities,Karaga District communities,signed
1055,Yakubu Yakubu,F,Midwife,Karaga District communities,Karaga District communities,signed
1056,Baba Iddrisu,F,Midwife,Karaga District communities,Karaga District communities,signed
1057,Abdul Alhassan,F,Disease Control Officer,Karaga District communities,Karaga District communities,signed
1058,Iddrisu Fuseini,F,Medical Assistant,Karaga District communities,Karaga District communities,signed
1059,Hawa Abdulai,F,Midwife,Karaga District communities,Karaga District communities,signed
1060,Rahinatu Napari,F,Midwife,Karaga District communities,Karaga District communities,signed
1061,Mohammed Issahaku,F,Community Health Officer,Karaga District communities,Karaga District communities,signed
1062,Salamatu Fuseini,F,Midwife,Karaga District communities,Karaga District communities,signed
1063,Mohammed Issahaku,F,Midwife,Karaga District communities,Karaga District communities,signed
1064,Adiza Mahama,F,Disease Control Officer,Karaga District communities,Karaga District communities,signed
1065,Baba Dauda,F,Disease Control Officer,Karaga District communities,Karaga District communities,signed
1066,Issah Yakubu,F,Medical Assistant,Karaga District communities,Karaga District communities,signed
1067,Rahinatu Napari,F,Enrolled Nurse,Karaga District communities,Karaga District communities,signed
1068,Alhassan Mahama,F,Medical Assistant,Karaga District communities,Karaga District communities,signed
1069,Hawa Fuseini,F,Midwife,Karaga District communities,Karaga District communities,signed
1070,Fuseini Wumbei,F,Enrolled Nurse,Karaga District communities,Karaga District communities,signed
1071,Issah Abdulai,F,Disease Control Officer,Karaga District communities,Karaga District communities,signed
1072,Ayishetu Issahaku,F,Medical Assistant,Karaga District communities,Karaga District communities,signed
1073,Yakubu Napari,F,Medical Assistant,Karaga District communities,Karaga District communities,signed
1074,Mariam Seidu,F,Disease Control Officer,Karaga District communities,Karaga District communities,signed
1075,Memunatu Napari,F,Midwife,Karaga District communities,Karaga District communities,signed
1076,Sanatu Wumbei,F,Community Health Officer,Karaga District communities,Karaga District communities,signed
1077,Mohammed Napari,F,Disease Control Officer,Karaga District communities,Karaga District communities,signed
1078,Issah Tia,F,Community Health Officer,Karaga District communities,Karaga District communities,signed
1079,Issah Fuseini,F,Medical Assistant,Karaga District communities,Karaga District communities,signed
1080,Salamatu Dauda,F,Disease Control Officer,Karaga District communities,Karaga District communities,signed
1081,Fuseini Wumbei,F,Enrolled Nurse,Karaga District communities,Karaga District communities,signed
1082,Hawa Wumbei,F,Medical Assistant,Karaga District communities,Karaga District communities,signed
1083,Issah Abdulai,F,Disease Control Officer,Karaga District communities,Karaga District communities,signed
1084,Sulemana Wumbei,F,Medical Assistant,Karaga District communities,Karaga District communities,signed
1085,Rahinatu Tia,F,Enrolled Nurse,Karaga District communities,Karaga District communities,signed
1086,Iddrisu Alhassan,F,Disease Control Officer,Karaga District communities,Karaga District communities,signed
1087,Fuseini Abdulai,F,Medical Assistant,Karaga District communities,Karaga District communities,signed
1088,Memunatu Tia,F,Enrolled Nurse,Karaga District communities,Karaga District communities,signed
1089,Abu Dauda,F,Community Health Officer,Karaga District communities,Karaga District communities,signed
1090,Memunatu Fuseini,F,Disease Control Officer,Karaga District communities,Karaga District communities,signed
1091,Baba Fuseini,F,Midwife,Karaga District communities,Karaga District communities,signed
1092,Adiza Mahama,F,Medical Assistant,Karaga District communities,Karaga District communities,signed
1093,Sulemana Yakubu,F,Midwife,Karaga District communities,Karaga District communities,signed
1094,Memunatu Seidu,F,Midwife,Karaga District communities,Karaga District communities,signed
1095,Hawa Tia,F,Disease Control Officer,Karaga District communities,Karaga District communities,signed
1096,Yakubu Fuseini,F,Community Health Officer,Karaga District communities,Karaga District communities,signed
1097,Iddrisu Alhassan,F,Midwife,Karaga District communities,Karaga District communities,signed
1098,Sulemana Napari,F,Medical Assistant,Karaga District communities,Karaga District communities,signed
1099,Sulemana Alhassan,F,Midwife,Karaga District communities,Karaga District communities,signed
1100,Fati Seidu,F,Disease Control Officer,Karaga District communities,Karaga District communities,signed
1101,Abu Napari,F,Medical Assistant,Karaga District communities,Karaga District communities,signed
1102,Memunatu Fuseini,F,Enrolled Nurse,Karaga District communities,Karaga District communities,signed
1103,Mohammed Wumbei,F,Disease Control Officer,Karaga District communities,Karaga District communities,signed
1104,Memunatu Seidu,F,Enrolled Nurse,Karaga District communities,Karaga District communities,signed
1105,Fuseini Issahaku,F,Medical Assistant,Karaga District communities,Karaga District communities,signed
1106,Mohammed Mahama,F,Midwife,Karaga District communities,Karaga District communities,signed
1107,Sanatu Dauda,F,Community Health Officer,Karaga District communities,Karaga District communities,signed
1108,Abu Napari,F,Community Health Officer,Karaga District communities,Karaga District communities,signed
1109,Mariam Wumbei,F,Disease Control Officer,Karaga District communities,Karaga District communities,signed
1110,Hawa Dauda,F,Disease Control Officer,Karaga District communities,Karaga District communities,signed
1111,Fati Napari,F,Community Health Officer,Karaga District communities,Karaga District communities,signed
1112,Issah Mahama,F,Enrolled Nurse,Karaga District communities,Karaga District communities,signed
1113,Rahinatu Tia,F,Community Health Officer,Karaga District communities,Karaga District communities,signed
1114,Yakubu Napari,F,Medical Assistant,Karaga District communities,Karaga District communities,signed
1115,Fuseini Abdulai,F,Enrolled Nurse,Karaga District communities,Karaga District communities,signed
1116,Sanatu Abdulai,F,Community Health Officer,Karaga District communities,Karaga District communities,signed
1117,Fati Wumbei,F,Medical Assistant,Karaga District communities,Karaga District communities,signed
1118,Adiza Seidu,F,Enrolled Nurse,Karaga District communities,Karaga District communities,signed
1119,Yakubu Wumbei,F,Community Health Officer,Karaga District communities,Karaga District communities,signed
1120,Rahinatu Alhassan,F,Disease Control Officer,Karaga District communities,Karaga District communities,signed
1121,Zuweira Fuseini,F,Medical Assistant,Karaga District communities,Karaga District communities,signed
1122,Memunatu Seidu,F,Medical Assistant,Karaga District communities,Karaga District communities,signed
1123,Hawa Iddrisu,F,Enrolled Nurse,Karaga District communities,Karaga District communities,signed
1124,Alhassan Seidu,F,Enrolled Nurse,Karaga District communities,Karaga District communities,signed
1125,Memunatu Issahaku,F,Enrolled Nurse,Karaga District communities,Karaga District communities,signed
1126,Alhassan Abdulai,F,Disease Control Officer,Karaga District communities,Karaga District communities,signed
1127,Iddrisu Issahaku,F,Enrolled Nurse,Karaga District communities,Karaga District communities,signed
1128,Abdul Tia,F,Community Health Officer,Karaga District communities,Karaga District communities,signed
1129,Sulemana Iddrisu,F,Enrolled Nurse,Karaga District communities,Karaga District communities,signed
1130,Abdul Issahaku,F,Disease Control Officer,Karaga District communities,Karaga District communities,signed
1131,Sanatu Tia,F,Enrolled Nurse,Karaga District communities,Karaga District communities,signed
1132,Mohammed Napari,F,Enrolled Nurse,Karaga District communities,Karaga District communities,signed
1133,Mohammed Dauda,F,Community Health Officer,Karaga District communities,Karaga District communities,signed
1134,Hawa Alhassan,F,Community Health Officer,Karaga District communities,Karaga District communities,signed
1135,Rahinatu Dauda,F,Midwife,Karaga District communities,Karaga District communities,signed
1136,Memunatu Fuseini,F,Enrolled Nurse,Karaga District communities,Karaga District communities,signed
1137,Zuweira Seidu,F,Disease Control Officer,Karaga District communities,Karaga District communities,signed
1138,Abdul Mahama,F,Disease Control Officer,Karaga District communities,Karaga District communities,signed
1139,Baba Mahama,F,Midwife,Karaga District communities,Karaga District communities,signed
1140,Baba Fuseini,F,Community Health Officer,Karaga District communities,Karaga District communities,signed
1141,Zuweira Iddrisu,F,Enrolled Nurse,Karaga District communities,Karaga District communities,signed
1142,Sulemana Mahama,F,Disease Control Officer,Karaga District communities,Karaga District communities,signed
1143,Fuseini Yakubu,F,Medical Assistant,Karaga District communities,Karaga District communities,signed
1144,Sanatu Alhassan,F,Community Health Officer,Karaga District communities,Karaga District communities,signed
1145,Fuseini Seidu,F,Community Health Officer,Karaga District communities,Karaga District communities,signed
1146,Baba Yakubu,F,Medical Assistant,Karaga District communities,Karaga District communities,signed
1147,Mariam Alhassan,F,Midwife,Karaga District communities,Karaga District communities,signed
1148,Hawa Iddrisu,F,Disease Control Officer,Karaga District communities,Karaga District communities,signed
1149,Zuweira Seidu,F,Enrolled Nurse,Karaga District communities,Karaga District communities,signed
1150,Abdul Fuseini,F,Community Health Officer,Karaga District communities,Karaga District communities,signed
1151,Adiza Yakubu,F,Disease Control Officer,Karaga District communities,Karaga District communities,signed
1152,Rahinatu Seidu,F,Disease Control Officer,Karaga District communities,Karaga District communities,signed
1153,Sulemana Fuseini,F,Midwife,Karaga District communities,Karaga District communities,signed
1154,Memunatu Fuseini,F,Enrolled Nurse,Karaga District communities,Karaga District communities,signed
1155,Hawa Dauda,F,Enrolled Nurse,Karaga District communities,Karaga District communities,signed
1156,Iddrisu Napari,F,Midwife,Karaga District communities,Karaga District communities,signed
1157,Ayishetu Abdulai,F,Medical Assistant,Karaga District communities,Karaga District communities,signed
1158,Abu Seidu,F,Midwife,Karaga District communities,Karaga District communities,signed
1159,Adiza Abdulai,F,Community Health Officer,Karaga District communities,Karaga District communities,signed
1160,Baba Mahama,F,Midwife,Karaga District communities,Karaga District communities,signed
1161,Hawa Issahaku,F,Enrolled Nurse,Karaga District communities,Karaga District communities,signed
1162,Mohammed Abdulai,F,Enrolled Nurse,Karaga District communities,Karaga District communities,signed
1163,Baba Fuseini,F,Medical Assistant,Karaga District communities,Karaga District communities,signed
1164,Adiza Tia,F,Disease Control Officer,Karaga District communities,Karaga District communities,signed
1165,Ayishetu Mahama,F,Disease Control Officer,Karaga District communities,Karaga District communities,signed
1166,Fuseini Napari,F,Disease Control Officer,Karaga District communities,Karaga District communities,signed
1167,Adiza Wumbei,F,Enrolled Nurse,Karaga District communities,Karaga District communities,signed
1168,Issah Alhassan,F,Midwife,Karaga District communities,Karaga District communities,signed
1169,Salamatu Abdulai,F,Community Health Officer,Karaga District communities,Karaga District communities,signed
1170,Mohammed Mahama,F,Community Health Officer,Karaga District communities,Karaga District communities,signed
1171,Baba Fuseini,F,Community Health Officer,Karaga District communities,Karaga District communities,signed
1172,Memunatu Abdulai,F,Midwife,Karaga District communities,Karaga District communities,signed
1173,Adiza Iddrisu,F,Enrolled Nurse,Karaga District communities,Karaga District communities,signed
1174,Sulemana Mahama,F,Medical Assistant,Karaga District communities,Karaga District communities,signed
1175,Mohammed Napari,F,Disease Control Officer,Karaga District communities,Karaga District communities,signed
1176,Issah Tia,F,Enrolled Nurse,Karaga District communities,Karaga District communities,signed
1177,Salamatu Dauda,F,Medical Assistant,Karaga District communities,Karaga District communities,signed
1178,Abu Yakubu,F,Enrolled Nurse,Karaga District communities,Karaga District communities,signed
1179,Fati Napari,F,Medical Assistant,Karaga District communities,Karaga District communities,signed
1180,Issah Issahaku,F,Medical Assistant,Karaga District communities,Karaga District communities,signed
1181,Fati Fuseini,F,Enrolled Nurse,Karaga District communities,Karaga District communities,signed
1182,Iddrisu Seidu,F,Midwife,Karaga District communities,Karaga District communities,signed
1183,Fuseini Seidu,F,Community Health Officer,Karaga District communities,Karaga District communities,signed
1184,Yakubu Yakubu,F,Enrolled Nurse,Karaga District communities,Karaga District communities,signed
1185,Abdul Tia,F,Enrolled Nurse,Karaga District communities,Karaga District communities,signed
1186,Sulemana Wumbei,F,Midwife,Karaga District communities,Karaga District communities,signed
1187,Alhassan Abdulai,F,Midwife,Karaga District communities,Karaga District communities,signed
1188,Rahinatu Seidu,F,Disease Control Officer,Karaga District communities,Karaga District communities,signed
1189,Iddrisu Fuseini,F,Disease Control Officer,Karaga District communities,Karaga District communities,signed
1190,Mariam Alhassan,F,Community Health Officer,Karaga District communities,Karaga District communities,signed
1191,Zuweira Wumbei,F,Disease Control Officer,Karaga District communities,Karaga District communities,signed
1192,Fati Tia,F,Disease Control Officer,Karaga District communities,Karaga District communities,signed
1193,Sulemana Mahama,F,Enrolled Nurse,Karaga District communities,Karaga District communities,signed
1194,Mohammed Mahama,F,Medical Assistant,Karaga District communities,Karaga District communities,signed
1195,Memunatu Wumbei,F,Enrolled Nurse,Karaga District communities,Karaga District communities,signed
1196,Fuseini Fuseini,F,Midwife,Karaga District communities,Karaga District communities,signed
1197,Hawa Abdulai,F,Enrolled Nurse,Karaga District communities,Karaga District communities,signed
1198,Sanatu Napari,F,Disease Control Officer,Karaga District communities,Karaga District communities,signed
1199,Adiza Abdulai,F,Disease Control Officer,Karaga District communities,Karaga District communities,signed
1200,Fuseini Napari,F,Enrolled Nurse,Karaga District communities,Karaga District communities,signed
1201,Fuseini Iddrisu,F,Disease Control Officer,Karaga District communities,Karaga District communities,signed
1202,Yakubu Issahaku,F,Enrolled Nurse,Karaga District communities,Karaga District communities,signed
1203,Fuseini Napari,F,Midwife,Karaga District communities,Karaga District communities,signed
1204,Baba Issahaku,F,Enrolled Nurse,Karaga District communities,Karaga District communities,signed
1205,Alhassan Napari,F,Medical Assistant,Karaga District communities,Karaga District communities,signed
1206,Iddrisu Alhassan,F,Medical Assistant,Karaga District communities,Karaga District communities,signed
1207,Salamatu Issahaku,F,Medical Assistant,Karaga District communities,Karaga District communities,signed
1208,Baba Wumbei,F,Community Health Officer,Karaga District communities,Karaga District communities,signed
1209,Issah Napari,F,Midwife,Karaga District communities,Karaga District communities,signed
1210,Yakubu Mahama,F,Community Health Officer,Karaga District communities,Karaga District communities,signed
1211,Alhassan Iddrisu,F,Community Health Officer,Karaga District communities,Karaga District communities,signed
1212,Adiza Fuseini,F,Community Health Officer,Karaga District communities,Karaga District communities,signed
1213,Memunatu Abdulai,F,Disease Control Officer,Karaga District communities,Karaga District communities,signed
1214,Fati Alhassan,F,Community Health Officer,Karaga District communities,Karaga District communities,signed
1215,Adiza Wumbei,F,Enrolled Nurse,Karaga District communities,Karaga District communities,signed
1216,Memunatu Iddrisu,F,Enrolled Nurse,Karaga District communities,Karaga District communities,signed
1217,Hawa Alhassan,F,Disease Control Officer,Karaga District communities,Karaga District communities,signed
1218,Sulemana Fuseini,F,Enrolled Nurse,Karaga District communities,Karaga District communities,signed
1219,Mariam Seidu,F,Enrolled Nurse,Karaga District communities,Karaga District communities,signed
1220,Yakubu Dauda,F,Medical Assistant,Karaga District communities,Karaga District communities,signed
1221,Abdul Fuseini,F,Midwife,Karaga District communities,Karaga District communities,signed
1222,Rahinatu Fuseini,F,Midwife,Karaga District communities,Karaga District communities,signed
1223,Abdul Abdulai,F,Midwife,Karaga District communities,Karaga District communities,signed
1224,Ayishetu Tia,F,Midwife,Karaga District communities,Karaga District communities,signed
1225,Mariam Fuseini,F,Enrolled Nurse,Karaga District communities,Karaga District communities,signed
1226,Ayishetu Iddrisu,F,Enrolled Nurse,Karaga District communities,Karaga District communities,signed
1227,Abdul Mahama,F,Midwife,Karaga District communities,Karaga District communities,signed
1228,Adiza Fuseini,F,Enrolled Nurse,Karaga District communities,Karaga District communities,signed
1229,Alhassan Mahama,F,Midwife,Karaga District communities,Karaga District communities,signed
1230,Memunatu Napari,F,Disease Control Officer,Karaga District communities,Karaga District communities,signed
1231,Adiza Napari,F,Community Health Officer,Karaga District communities,Karaga District communities,signed
1232,Alhassan Issahaku,F,Midwife,Karaga District communities,Karaga District communities,signed
1233,Memunatu Dauda,F,Medical Assistant,Karaga District communities,Karaga District communities,signed
1234,Sulemana Yakubu,F,Enrolled Nurse,Karaga District communities,Karaga District communities,signed
1235,Mariam Alhassan,F,Enrolled Nurse,Karaga District communities,Karaga District communities,signed
1236,Mohammed Issahaku,F,Medical Assistant,Karaga District communities,Karaga District communities,signed
1237,Salamatu Mahama,F,Community Health Officer,Karaga District communities,Karaga District communities,signed
1238,Yakubu Dauda,F,Community Health Officer,Karaga District communities,Karaga District communities,signed
1239,Mohammed Fuseini,F,Disease Control Officer,Karaga District communities,Karaga District communities,signed
1240,Zuweira Seidu,F,Medical Assistant,Karaga District communities,Karaga District communities,signed
1241,Abu Fuseini,F,Disease Control Officer,Karaga District communities,Karaga District communities,signed
1242,Baba Iddrisu,F,Disease Control Officer,Karaga District communities,Karaga District communities,signed
1243,Adiza Fuseini,F,Community Health Officer,Karaga District communities,Karaga District communities,signed
1244,Rahinatu Issahaku,F,Disease Control Officer,Karaga District communities,Karaga District communities,signed
1245,Abu Dauda,F,Midwife,Karaga District communities,Karaga District communities,signed
1246,Zuweira Issahaku,F,Midwife,Karaga District communities,Karaga District communities,signed
1247,Mariam Abdulai,F,Enrolled Nurse,Karaga District communities,Karaga District communities,signed
1248,Adiza Seidu,F,Disease Control Officer,Karaga District communities,Karaga District communities,signed
1249,Alhassan Dauda,F,Medical Assistant,Karaga District communities,Karaga District communities,signed
1250,Fuseini Tia,F,Disease Control Officer,Karaga District communities,Karaga District communities,signed
