No,Name,Sex,Cadre/Role,Facility/Community,District,Signature
1,Adiza Alhassan,F,Enrolled Nurse,Kumbungu District communities,Kumbungu District communities,signed
2,Fuseini Seidu,F,Midwife,Kumbungu District communities,Kumbungu District communities,signed
3,Abu Issahaku,F,Midwife,Kumbungu District communities,Kumbungu District communities,signed
4,Iddrisu Alhassan,F,Enrolled Nurse,Kumbungu District communities,Kumbungu District communities,signed
5,Zuweira Abdulai,F,Disease Control Officer,Kumbungu District communities,Kumbungu District communities,signed
6,Abdul Issahaku,F,Community Health Officer,Kumbungu District communities,Kumbungu District communities,signed
7,Abu Dauda,F,Disease Control Officer,Kumbungu District communities,Kumbungu District communities,signed
8,Alhassan Issahaku,F,Medical Assistant,Kumbungu District communities,Kumbungu District communities,signed
9,Iddrisu Iddrisu,F,Community Health Officer,Kumbungu District communities,Kumbungu District communities,signed
10,Memunatu Dauda,F,Midwife,Kumbungu District communities,Kumbungu District communities,signed
11,Baba Yakubu,F,Midwife,Kumbungu District communities,Kumbungu District communities,signed
12,Hawa Alhassan,F,Disease Control Officer,Kumbungu District communities,Kumbungu District communities,signed
13,Memunatu Alhassan,F,Enrolled Nurse,Kumbungu District communities,Kumbungu District communities,signed
14,Hawa Issahaku,F,Midwife,Kumbungu District communities,Kumbungu District communities,signed
15,Issah Mahama,F,Enrolled Nurse,Kumbungu District communities,Kumbungu District communities,signed
16,Fati Seidu,F,Community Health Officer,Kumbungu District communities,Kumbungu District communities,signed
17,Yakubu Tia,F,Disease Control Officer,Kumbungu District communities,Kumbungu District communities,signed
18,Alhassan Seidu,F,Midwife,Kumbungu District communities,Kumbungu District communities,signed
19,Fuseini Dauda,F,Community Health Officer,Kumbungu District communities,Kumbungu District communities,signed
20,Alhassan Yakubu,F,Enrolled Nurse,Kumbungu District communities,Kumbungu District communities,signed
21,Issah Alhassan,F,Midwife,Kumbungu District communities,Kumbungu District communities,signed
22,Zuweira Wumbei,F,Midwife,Kumbungu District communities,Kumbungu District communities,signed
23,Hawa Tia,F,Enrolled Nurse,Kumbungu District communities,Kumbungu District communities,signed
24,Ayishetu Tia,F,Community Health Officer,Kumbungu District communities,Kumbungu District communities,signed
25,Mariam Iddrisu,F,Community Health Officer,Kumbungu District communities,Kumbungu District communities,signed
26,Issah Dauda,F,Enrolled Nurse,Kumbungu District communities,Kumbungu District communities,signed
27,Sanatu Alhassan,F,Disease Control Officer,Kumbungu District communities,Kumbungu District communities,signed
28,Alhassan Dauda,F,Medical Assistant,Kumbungu District communities,Kumbungu District communities,signed
29,Ayishetu Iddrisu,F,Medical Assistant,Kumbungu District communities,Kumbungu District communities,signed
30,Sanatu Napari,F,Midwife,Kumbungu District communities,Kumbungu District communities,signed
31,Memunatu Seidu,F,Enrolled Nurse,Kumbungu District communities,Kumbungu District communities,signed
32,Hawa Issahaku,F,Community Health Officer,Kumbungu District communities,Kumbungu District communities,signed
33,Mariam Yakubu,F,Medical Assistant,Kumbungu District communities,Kumbungu District communities,signed
34,Rahinatu Dauda,F,Community Health Officer,Kumbungu District communities,Kumbungu District communities,signed
35,Fati Wumbei,F,Disease Control Officer,Kumbungu District communities,Kumbungu District communities,signed
36,Zuweira Yakubu,F,Enrolled Nurse,Kumbungu District communities,Kumbungu District communities,signed
37,Alhassan Alhassan,F,Community Health Officer,Kumbungu District communities,Kumbungu District communities,signed
38,Sanatu Mahama,F,Midwife,Kumbungu District communities,Kumbungu District communities,signed
39,Mariam Alhassan,F,Disease Control Officer,Kumbungu District communities,Kumbungu District communities,signed
40,Issah Yakubu,F,Enrolled Nurse,Kumbungu District communities,Kumbungu District communities,signed
41,Salamatu Seidu,F,Disease Control Officer,Kumbungu District communities,Kumbungu District communities,signed
42,Fati Tia,F,Enrolled Nurse,Kumbungu District communities,Kumbungu District communities,signed
43,Issah Fuseini,F,Community Health Officer,Kumbungu District communities,Kumbungu District communities,signed
44,Alhassan Napari,F,Community Health Officer,Kumbungu District communities,Kumbungu District communities,signed
45,Yakubu Tia,F,Enrolled Nurse,Kumbungu District communities,Kumbungu District communities,signed
46,Salamatu Seidu,F,Enrolled Nurse,Kumbungu District communities,Kumbungu District communities,signed
47,Adiza Tia,F,Enrolled Nurse,Kumbungu District communities,Kumbungu District communities,signed
48,Baba Iddrisu,F,Community Health Officer,Kumbungu District communities,Kumbungu District communities,signed
49,Baba Fuseini,F,Medical Assistant,Kumbungu District communities,Kumbungu District communities,signed
50,Rahinatu Dauda,F,Enrolled Nurse,Kumbungu District communities,Kumbungu District communities,signed
51,Iddrisu Abdulai,F,Enrolled Nurse,Kumbungu District communities,Kumbungu District communities,signed
52,Yakubu Iddrisu,F,Community Health Officer,Kumbungu District communities,Kumbungu District communities,signed
53,Baba Fuseini,F,Enrolled Nurse,Kumbungu District communities,Kumbungu District communities,signed
54,Adiza Mahama,F,Medical Assistant,Kumbungu District communities,Kumbungu District communities,signed
55,Fuseini Abdulai,F,Enrolled Nurse,Kumbungu District communities,Kumbungu District communities,signed
56,Iddrisu Tia,F,Disease Control Officer,Kumbungu District communities,Kumbungu District communities,signed
57,Sulemana Tia,F,Enrolled Nurse,Kumbungu District communities,Kumbungu District communities,signed
58,Sanatu Issahaku,F,Disease Control Officer,Kumbungu District communities,Kumbungu District communities,signed
59,Memunatu Mahama,F,Community Health Officer,Kumbungu District communities,Kumbungu District communities,signed
60,Salamatu Tia,F,Enrolled Nurse,Kumbungu District communities,Kumbungu District communities,signed
61,Zuweira Alhassan,F,Disease Control Officer,Kumbungu District communities,Kumbungu District communities,signed
62,Alhassan Mahama,F,Midwife,Kumbungu District communities,Kumbungu District communities,signed
63,Yakubu Yakubu,F,Disease Control Officer,Kumbungu District communities,Kumbungu District communities,signed
64,Hawa Iddrisu,F,Community Health Officer,Kumbungu District communities,Kumbungu District communities,signed
65,Hawa Alhassan,F,Community Health Officer,Kumbungu District communities,Kumbungu District communities,signed
66,Rahinatu Mahama,F,Enrolled Nurse,Kumbungu District communities,Kumbungu District communities,signed
67,Fuseini Dauda,F,Medical Assistant,Kumbungu District communities,Kumbungu District communities,signed
68,Fati Fuseini,F,Medical Assistant,Kumbungu District communities,Kumbungu District communities,signed
69,Memunatu Seidu,F,Medical Assistant,Kumbungu District communities,Kumbungu District communities,signed
70,Mariam Mahama,F,Community Health Officer,Kumbungu District communities,Kumbungu District communities,signed
71,Adiza Yakubu,F,Midwife,Kumbungu District communities,Kumbungu District communities,signed
72,Zuweira Yakubu,F,Medical Assistant,Kumbungu District communities,Kumbungu District communities,signed
73,Fati Fuseini,F,Midwife,Kumbungu District communities,Kumbungu District communities,signed
74,Memunatu Fuseini,F,Enrolled Nurse,Kumbungu District communities,Kumbungu District communities,signed
75,Mariam Tia,F,Enrolled Nurse,Kumbungu District communities,Kumbungu District communities,signed
76,Hawa Tia,F,Medical Assistant,Kumbungu District communities,Kumbungu District communities,signed
77,Adiza Alhassan,F,Midwife,Kumbungu District communities,Kumbungu District communities,signed
78,Issah Fuseini,F,Midwife,Kumbungu District communities,Kumbungu District communities,signed
79,Issah Dauda,F,Enrolled Nurse,Kumbungu District communities,Kumbungu District communities,signed
80,Abdul Issahaku,F,Medical Assistant,Kumbungu District communities,Kumbungu District communities,signed
81,Mariam Fuseini,F,Midwife,Kumbungu District communities,Kumbungu District communities,signed
82,Adiza Tia,F,Medical Assistant,Kumbungu District communities,Kumbungu District communities,signed
83,Salamatu Dauda,F,Community Health Officer,Kumbungu District communities,Kumbungu District communities,signed
84,Iddrisu Alhassan,F,Medical Assistant,Kumbungu District communities,Kumbungu District communities,signed
85,Sanatu Tia,F,Community Health Officer,Kumbungu District communities,Kumbungu District communities,signed
86,Alhassan Dauda,F,Community Health Officer,Kumbungu District communities,Kumbungu District communities,signed
87,Baba Abdulai,F,Midwife,Kumbungu District communities,Kumbungu District communities,signed
88,Fuseini Fuseini,F,Midwife,Kumbungu District communities,Kumbungu District communities,signed
89,Issah Dauda,F,Disease Control Officer,Kumbungu District communities,Kumbungu District communities,signed
90,Mohammed Alhassan,F,Community Health Officer,Kumbungu District communities,Kumbungu District communities,signed
91,Fuseini Alhassan,F,Midwife,Kumbungu District communities,Kumbungu District communities,signed
92,Alhassan Fuseini,F,Medical Assistant,Kumbungu District communities,Kumbungu District communities,signed
93,Salamatu Mahama,F,Medical Assistant,Kumbungu District communities,Kumbungu District communities,signed
94,Fati Seidu,F,Disease Control Officer,Kumbungu District communities,Kumbungu District communities,signed
95,Sulemana Dauda,F,Midwife,Kumbungu District communities,Kumbungu District communities,signed
96,Fuseini Wumbei,F,Enrolled Nurse,Kumbungu District communities,Kumbungu District communities,signed
97,Sanatu Issahaku,F,Community Health Officer,Kumbungu District communities,Kumbungu District communities,signed
98,Ayishetu Dauda,F,Medical Assistant,Kumbungu District communities,Kumbungu District communities,signed
99,Zuweira Seidu,F,Medical Assistant,Kumbungu District communities,Kumbungu District communities,signed
100,Baba Seidu,F,Enrolled Nurse,Kumbungu District communities,Kumbungu District communities,signed
101,Alhassan Dauda,F,Community Health Officer,Kumbungu District communities,Kumbungu District communities,signed
102,Alhassan Abdulai,F,Midwife,Kumbungu District communities,Kumbungu District communities,signed
103,Issah Tia,F,Community Health Officer,Kumbungu District communities,Kumbungu District communities,signed
104,Mariam Abdulai,F,Enrolled Nurse,Kumbungu District communities,Kumbungu District communities,signed
105,Yakubu Seidu,F,Enrolled Nurse,Kumbungu District communities,Kumbungu District communities,signed
106,Ayishetu Seidu,F,Midwife,Kumbungu District communities,Kumbungu District communities,signed
107,Salamatu Iddrisu,F,Midwife,Kumbungu District communities,Kumbungu District communities,signed
108,Alhassan Iddrisu,F,Enrolled Nurse,Kumbungu District communities,Kumbungu District communities,signed
109,Sulemana Dauda,F,Midwife,Kumbungu District communities,Kumbungu District communities,signed
110,Adiza Dauda,F,Disease Control Officer,Kumbungu District communities,Kumbungu District communities,signed
111,Hawa Dauda,F,Disease Control Officer,Kumbungu District communities,Kumbungu District communities,signed
112,Abu Seidu,F,Medical Assistant,Kumbungu District communities,Kumbungu District communities,signed
113,Baba Tia,F,Midwife,Kumbungu District communities,Kumbungu District communities,signed
114,Salamatu Seidu,F,Community Health Officer,Kumbungu District communities,Kumbungu District communities,signed
115,Yakubu Dauda,F,Medical Assistant,Kumbungu District communities,Kumbungu District communities,signed
116,Sulemana Tia,F,Community Health Officer,Kumbungu District communities,Kumbungu District communities,signed
117,Iddrisu Dauda,F,Midwife,Kumbungu District communities,Kumbungu District communities,signed
118,Abu Iddrisu,F,Midwife,Kumbungu District communities,Kumbungu District communities,signed
119,Mohammed Iddrisu,F,Medical Assistant,Kumbungu District communities,Kumbungu District communities,signed
120,Zuweira Seidu,F,Midwife,Kumbungu District communities,Kumbungu District communities,signed
121,Abu Wumbei,F,Enrolled Nurse,Kumbungu District communities,Kumbungu District communities,signed
122,Abdul Tia,F,Enrolled Nurse,Kumbungu District communities,Kumbungu District communities,signed
123,Mohammed Napari,F,Disease Control Officer,Kumbungu District communities,Kumbungu District communities,signed
124,Sanatu Napari,F,Community Health Officer,Kumbungu District communities,Kumbungu District communities,signed
125,Fati Tia,F,Medical Assistant,Kumbungu District communities,Kumbungu District communities,signed
126,Baba Yakubu,F,Medical Assistant,Kumbungu District communities,Kumbungu District communities,signed
127,Mohammed Iddrisu,F,Enrolled Nurse,Kumbungu District communities,Kumbungu District communities,signed
128,Ayishetu Mahama,F,Disease Control Officer,Kumbungu District communities,Kumbungu District communities,signed
129,Yakubu Seidu,F,Disease Control Officer,Kumbungu District communities,Kumbungu District communities,signed
130,Rahinatu Fuseini,F,Community Health Officer,Kumbungu District communities,Kumbungu District communities,signed
131,Zuweira Dauda,F,Community Health Officer,Kumbungu District communities,Kumbungu District communities,signed
132,Mariam Seidu,F,Community Health Officer,Kumbungu District communities,Kumbungu District communities,signed
133,Zuweira Tia,F,Disease Control Officer,Kumbungu District communities,Kumbungu District communities,signed
134,Alhassan Tia,F,Midwife,Kumbungu District communities,Kumbungu District communities,signed
135,Baba Seidu,F,Medical Assistant,Kumbungu District communities,Kumbungu District communities,signed
136,Abu Fuseini,F,Enrolled Nurse,Kumbungu District communities,Kumbungu District communities,signed
137,Zuweira Abdulai,F,Disease Control Officer,Kumbungu District communities,Kumbungu District communities,signed
138,Memunatu Fuseini,F,Midwife,Kumbungu District communities,Kumbungu District communities,signed
139,Fati Wumbei,F,Community Health Officer,Kumbungu District communities,Kumbungu District communities,signed
140,Alhassan Tia,F,Enrolled Nurse,Kumbungu District communities,Kumbungu District communities,signed
141,Salamatu Tia,F,Enrolled Nurse,Kumbungu District communities,Kumbungu District communities,signed
142,Rahinatu Iddrisu,F,Midwife,Kumbungu District communities,Kumbungu District communities,signed
143,Alhassan Fuseini,F,Disease Control Officer,Kumbungu District communities,Kumbungu District communities,signed
144,Memunatu Iddrisu,F,Enrolled Nurse,Kumbungu District communities,Kumbungu District communities,signed
145,Fati Seidu,F,Medical Assistant,Kumbungu District communities,Kumbungu District communities,signed
146,Ayishetu Mahama,F,Medical Assistant,Kumbungu District communities,Kumbungu District communities,signed
147,Memunatu Fuseini,F,Disease Control Officer,Kumbungu District communities,Kumbungu District communities,signed
148,Rahinatu Dauda,F,Midwife,Kumbungu District communities,Kumbungu District communities,signed
149,Fati Napari,F,Enrolled Nurse,Kumbungu District communities,Kumbungu District communities,signed
150,Adiza Issahaku,F,Medical Assistant,Kumbungu District communities,Kumbungu District communities,signed
151,Abdul Napari,F,Disease Control Officer,Kumbungu District communities,Kumbungu District communities,signed
152,Mohammed Alhassan,F,Enrolled Nurse,Kumbungu District communities,Kumbungu District communities,signed
153,Issah Tia,F,Medical Assistant,Kumbungu District communities,Kumbungu District communities,signed
154,Mohammed Seidu,F,Medical Assistant,Kumbungu District communities,Kumbungu District communities,signed
155,Ayishetu Wumbei,F,Enrolled Nurse,Kumbungu District communities,Kumbungu District communities,signed
156,Memunatu Alhassan,F,Disease Control Officer,Kumbungu District communities,Kumbungu District communities,signed
157,Zuweira Iddrisu,F,Community Health Officer,Kumbungu District communities,Kumbungu District communities,signed
158,Issah Wumbei,F,Medical Assistant,Kumbungu District communities,Kumbungu District communities,signed
159,Yakubu Abdulai,F,Enrolled Nurse,Kumbungu District communities,Kumbungu District communities,signed
160,Rahinatu Fuseini,F,Medical Assistant,Kumbungu District communities,Kumbungu District communities,signed
161,Memunatu Tia,F,Community Health Officer,Kumbungu District communities,Kumbungu District communities,signed
162,Abdul Dauda,F,Community Health Officer,Kumbungu District communities,Kumbungu District communities,signed
163,Mariam Yakubu,F,Midwife,Kumbungu District communities,Kumbungu District communities,signed
164,Sulemana Abdulai,F,Enrolled Nurse,Kumbungu District communities,Kumbungu District communities,signed
165,Alhassan Iddrisu,F,Midwife,Kumbungu District communities,Kumbungu District communities,signed
166,Yakubu Napari,F,Disease Control Officer,Kumbungu District communities,Kumbungu District communities,signed
167,Fuseini Abdulai,F,Community Health Officer,Kumbungu District communities,Kumbungu District communities,signed
168,Adiza Dauda,F,Community Health Officer,Kumbungu District communities,Kumbungu District communities,signed
169,Sulemana Issahaku,F,Medical Assistant,Kumbungu District communities,Kumbungu District communities,signed
170,Adiza Seidu,F,Disease Control Officer,Kumbungu District communities,Kumbungu District communities,signed
171,Hawa Wumbei,F,Community Health Officer,Kumbungu District communities,Kumbungu District communities,signed
172,Mariam Yakubu,F,Disease Control Officer,Kumbungu District communities,Kumbungu District communities,signed
173,Baba Abdulai,F,Disease Control Officer,Kumbungu District communities,Kumbungu District communities,signed
174,Ayishetu Yakubu,F,Medical Assistant,Kumbungu District communities,Kumbungu District communities,signed
175,Abu Dauda,F,Disease Control Officer,Kumbungu District communities,Kumbungu District communities,signed
176,Abu Alhassan,F,Enrolled Nurse,Kumbungu District communities,Kumbungu District communities,signed
177,Fati Napari,F,Midwife,Kumbungu District communities,Kumbungu District communities,signed
178,Alhassan Dauda,F,Disease Control Officer,Kumbungu District communities,Kumbungu District communities,signed
179,Zuweira Yakubu,F,Community Health Officer,Kumbungu District communities,Kumbungu District communities,signed
180,Yakubu Napari,F,Community Health Officer,Kumbungu District communities,Kumbungu District communities,signed
181,Fati Alhassan,F,Disease Control Officer,Kumbungu District communities,Kumbungu District communities,signed
182,Mariam Dauda,F,Community Health Officer,Kumbungu District communities,Kumbungu District communities,signed
183,Salamatu Napari,F,Community Health Officer,Kumbungu District communities,Kumbungu District communities,signed
184,Abdul Wumbei,F,Community Health Officer,Kumbungu District communities,Kumbungu District communities,signed
185,Memunatu Dauda,F,Community Health Officer,Kumbungu District communities,Kumbungu District communities,signed
186,Abdul Iddrisu,F,Midwife,Kumbungu District communities,Kumbungu District communities,signed
187,Mariam Mahama,F,Medical Assistant,Kumbungu District communities,Kumbungu District communities,signed
188,Fati Seidu,F,Midwife,Kumbungu District communities,Kumbungu District communities,signed
189,Alhassan Wumbei,F,Community Health Officer,Kumbungu District communities,Kumbungu District communities,signed
190,Fati Napari,F,Enrolled Nurse,Kumbungu District communities,Kumbungu District communities,signed
191,Salamatu Dauda,F,Community Health Officer,Kumbungu District communities,Kumbungu District communities,signed
192,Salamatu Yakubu,F,Disease Control Officer,Kumbungu District communities,Kumbungu District communities,signed
193,Rahinatu Iddrisu,F,Midwife,Kumbungu District communities,Kumbungu District communities,signed
194,Abdul Tia,F,Community Health Officer,Kumbungu District communities,Kumbungu District communities,signed
195,Iddrisu Wumbei,F,Medical Assistant,Kumbungu District communities,Kumbungu District communities,signed
196,Ayishetu Abdulai,F,Enrolled Nurse,Kumbungu District communities,Kumbungu District communities,signed
197,Baba Tia,F,Enrolled Nurse,Kumbungu District communities,Kumbungu District communities,signed
198,Yakubu Mahama,F,Medical Assistant,Kumbungu District communities,Kumbungu District communities,signed
199,Memunatu Wumbei,F,Medical Assistant,Kumbungu District communities,Kumbungu District communities,signed
200,Ayishetu Alhassan,F,Community Health Officer,Kumbungu District communities,Kumbungu District communities,signed
201,Sanatu Iddrisu,F,Medical Assistant,Kumbungu District communities,Kumbungu District communities,signed
202,Salamatu Alhassan,F,Community Health Officer,Kumbungu District communities,Kumbungu District communities,signed
203,Fati Alhassan,F,Midwife,Kumbungu District communities,Kumbungu District communities,signed
204,Memunatu Abdulai,F,Enrolled Nurse,Kumbungu District communities,Kumbungu District communities,signed
205,Memunatu Dauda,F,Enrolled Nurse,Kumbungu District communities,Kumbungu District communities,signed
206,Issah Napari,F,Community Health Officer,Kumbungu District communities,Kumbungu District communities,signed
207,Zuweira Tia,F,Midwife,Kumbungu District communities,Kumbungu District communities,signed
208,Alhassan Fuseini,F,Disease Control Officer,Kumbungu District communities,Kumbungu District communities,signed
209,Sulemana Yakubu,F,Disease Control Officer,Kumbungu District communities,Kumbungu District communities,signed
210,Memunatu Issahaku,F,Midwife,Kumbungu District communities,Kumbungu District communities,signed
211,Salamatu Wumbei,F,Community Health Officer,Kumbungu District communities,Kumbungu District communities,signed
212,Iddrisu Mahama,F,Community Health Officer,Kumbungu District communities,Kumbungu District communities,signed
213,Memunatu Fuseini,F,Disease Control Officer,Kumbungu District communities,Kumbungu District communities,signed
214,Sanatu Tia,F,Midwife,Kumbungu District communities,Kumbungu District communities,signed
215,Zuweira Mahama,F,Disease Control Officer,Kumbungu District communities,Kumbungu District communities,signed
216,Ayishetu Iddrisu,F,Disease Control Officer,Kumbungu District communities,Kumbungu District communities,signed
217,Adiza Iddrisu,F,Enrolled Nurse,Kumbungu District communities,Kumbungu District communities,signed
218,Fati Yakubu,F,Medical Assistant,Kumbungu District communities,Kumbungu District communities,signed
219,Fati Yakubu,F,Midwife,Kumbungu District communities,Kumbungu District communities,signed
220,Fuseini Yakubu,F,Medical Assistant,Kumbungu District communities,Kumbungu District communities,signed
221,Sanatu Alhassan,F,Midwife,Kumbungu District communities,Kumbungu District communities,signed
222,Mohammed Wumbei,F,Enrolled Nurse,Kumbungu District communities,Kumbungu District communities,signed
223,Mariam Seidu,F,Enrolled Nurse,Kumbungu District communities,Kumbungu District communities,signed
224,Baba Abdulai,F,Medical Assistant,Kumbungu District communities,Kumbungu District communities,signed
225,Sulemana Yakubu,F,Medical Assistant,Kumbungu District communities,Kumbungu District communities,signed
226,Fati Iddrisu,F,Midwife,Kumbungu District communities,Kumbungu District communities,signed
227,Memunatu Yakubu,F,Medical Assistant,Kumbungu District communities,Kumbungu District communities,signed
228,Fati Issahaku,F,Midwife,Kumbungu District communities,Kumbungu District communities,signed
229,Zuweira Napari,F,Disease Control Officer,Kumbungu District communities,Kumbungu District communities,signed
230,Sanatu Seidu,F,Medical Assistant,Kumbungu District communities,Kumbungu District communities,signed
231,Fati Wumbei,F,Midwife,Kumbungu District communities,Kumbungu District communities,signed
232,Fati Dauda,F,Medical Assistant,Kumbungu District communities,Kumbungu District communities,signed
233,Hawa Fuseini,F,Disease Control Officer,Kumbungu District communities,Kumbungu District communities,signed
234,Iddrisu Seidu,F,Medical Assistant,Kumbungu District communities,Kumbungu District communities,signed
235,Sulemana Yakubu,F,Medical Assistant,Kumbungu District communities,Kumbungu District communities,signed
236,Fuseini Fuseini,F,Enrolled Nurse,Kumbungu District communities,Kumbungu District communities,signed
237,Alhassan Yakubu,F,Midwife,Kumbungu District communities,Kumbungu District communities,signed
238,Mohammed Dauda,F,Enrolled Nurse,Kumbungu District communities,Kumbungu District communities,signed
239,Abu Tia,F,Medical Assistant,Kumbungu District communities,Kumbungu District communities,signed
240,Fuseini Seidu,F,Midwife,Kumbungu District communities,Kumbungu District communities,signed
241,Salamatu Fuseini,F,Midwife,Kumbungu District communities,Kumbungu District communities,signed
242,Fati Iddrisu,F,Medical Assistant,Kumbungu District communities,Kumbungu District communities,signed
243,Fuseini Issahaku,F,Medical Assistant,Kumbungu District communities,Kumbungu District communities,signed
244,Ayishetu Yakubu,F,Enrolled Nurse,Kumbungu District communities,Kumbungu District communities,signed
245,Mariam Alhassan,F,Disease Control Officer,Kumbungu District communities,Kumbungu District communities,signed
246,Iddrisu Tia,F,Enrolled Nurse,Kumbungu District communities,Kumbungu District communities,signed
247,Fati Mahama,F,Community Health Officer,Kumbungu District communities,Kumbungu District communities,signed
248,Iddrisu Napari,F,Community Health Officer,Kumbungu District communities,Kumbungu District communities,signed
249,Fuseini Iddrisu,F,Medical Assistant,Kumbungu District communities,Kumbungu District communities,signed
250,Rahinatu Napari,F,Disease Control Officer,Kumbungu District communities,Kumbungu District communities,signed
251,Zuweira Wumbei,F,Midwife,Kumbungu District communities,Kumbungu District communities,signed
252,Adiza Fuseini,F,Community Health Officer,Kumbungu District communities,Kumbungu District communities,signed
253,Yakubu Tia,F,Community Health Officer,Kumbungu District communities,Kumbungu District communities,signed
254,Rahinatu Alhassan,F,Medical Assistant,Kumbungu District communities,Kumbungu District communities,signed
255,Mohammed Dauda,F,Medical Assistant,Kumbungu District communities,Kumbungu District communities,signed
256,Salamatu Yakubu,F,Enrolled Nurse,Kumbungu District communities,Kumbungu District communities,signed
257,Mohammed Wumbei,F,Midwife,Kumbungu District communities,Kumbungu District communities,signed
258,Mariam Issahaku,F,Medical Assistant,Kumbungu District communities,Kumbungu District communities,signed
259,Zuweira Napari,F,Disease Control Officer,Kumbungu District communities,Kumbungu District communities,signed
260,Mohammed Wumbei,F,Disease Control Officer,Kumbungu District communities,Kumbungu District communities,signed
261,Alhassan Wumbei,F,Enrolled Nurse,Kumbungu District communities,Kumbungu District communities,signed
262,Ayishetu Issahaku,F,Midwife,Kumbungu District communities,Kumbungu District communities,signed
263,Fati Napari,F,Disease Control Officer,Kumbungu District communities,Kumbungu District communities,signed
264,Rahinatu Issahaku,F,Disease Control Officer,Kumbungu District communities,Kumbungu District communities,signed
265,Abdul Wumbei,F,Disease Control Officer,Kumbungu District communities,Kumbungu District communities,signed
266,Adiza Yakubu,F,Medical Assistant,Kumbungu District communities,Kumbungu District communities,signed
267,Abdul Issahaku,F,Medical Assistant,Kumbungu District communities,Kumbungu District communities,signed
268,Sulemana Tia,F,Disease Control Officer,Kumbungu District communities,Kumbungu District communities,signed
269,Abdul Iddrisu,F,Enrolled Nurse,Kumbungu District communities,Kumbungu District communities,signed
270,Zuweira Dauda,F,Medical Assistant,Kumbungu District communities,Kumbungu District communities,signed
271,Zuweira Wumbei,F,Medical Assistant,Kumbungu District communities,Kumbungu District communities,signed
272,Mohammed Mahama,F,Midwife,Kumbungu District communities,Kumbungu District communities,signed
273,Fuseini Abdulai,F,Community Health Officer,Kumbungu District communities,Kumbungu District communities,signed
274,Fuseini Issahaku,F,Midwife,Kumbungu District communities,Kumbungu District communities,signed
275,Adiza Alhassan,F,Midwife,Kumbungu District communities,Kumbungu District communities,signed
276,Alhassan Wumbei,F,Enrolled Nurse,Kumbungu District communities,Kumbungu District communities,signed
277,Sanatu Wumbei,F,Midwife,Kumbungu District communities,Kumbungu District communities,signed
278,Issah Fuseini,F,Midwife,Kumbungu District communities,Kumbungu District communities,signed
279,Fati Tia,F,Community Health Officer,Kumbungu District communities,Kumbungu District communities,signed
280,Rahinatu Alhassan,F,Midwife,Kumbungu District communities,Kumbungu District communities,signed
281,Issah Iddrisu,F,Disease Control Officer,Kumbungu District communities,Kumbungu District communities,signed
282,Alhassan Mahama,F,Midwife,Kumbungu District communities,Kumbungu District communities,signed
283,Issah Abdulai,F,Enrolled Nurse,Kumbungu District communities,Kumbungu District communities,signed
284,Abdul Napari,F,Midwife,Kumbungu District communities,Kumbungu District communities,signed
285,Mohammed Alhassan,F,Medical Assistant,Kumbungu District communities,Kumbungu District communities,signed
286,Zuweira Wumbei,F,Enrolled Nurse,Kumbungu District communities,Kumbungu District communities,signed
287,Mariam Mahama,F,Midwife,Kumbungu District communities,Kumbungu District communities,signed
288,Hawa Fuseini,F,Midwife,Kumbungu District communities,Kumbungu District communities,signed
289,Mohammed Dauda,F,Community Health Officer,Kumbungu District communities,Kumbungu District communities,signed
290,Rahinatu Napari,F,Midwife,Kumbungu District communities,Kumbungu District communities,signed
291,Mariam Dauda,F,Medical Assistant,Kumbungu District communities,Kumbungu District communities,signed
292,Ayishetu Dauda,F,Disease Control Officer,Kumbungu District communities,Kumbungu District communities,signed
293,Abdul Issahaku,F,Midwife,Kumbungu District communities,Kumbungu District communities,signed
294,Sanatu Wumbei,F,Medical Assistant,Kumbungu District communities,Kumbungu District communities,signed
295,Abdul Wumbei,F,Disease Control Officer,Kumbungu District communities,Kumbungu District communities,signed
296,Abdul Yakubu,F,Enrolled Nurse,Kumbungu District communities,Kumbungu District communities,signed
297,Fuseini Dauda,F,Medical Assistant,Kumbungu District communities,Kumbungu District communities,signed
298,Fati Napari,F,Midwife,Kumbungu District communities,Kumbungu District communities,signed
299,Abdul Issahaku,F,Community Health Officer,Kumbungu District communities,Kumbungu District communities,signed
300,Memunatu Yakubu,F,Disease Control Officer,Kumbungu District communities,Kumbungu District communities,signed
301,Iddrisu Issahaku,F,Enrolled Nurse,Kumbungu District communities,Kumbungu District communities,signed
302,Hawa Napari,F,Enrolled Nurse,Kumbungu District communities,Kumbungu District communities,signed
303,Alhassan Fuseini,F,Medical Assistant,Kumbungu District communities,Kumbungu District communities,signed
304,Memunatu Tia,F,Community Health Officer,Kumbungu District communities,Kumbungu District communities,signed
305,Zuweira Mahama,F,Medical Assistant,Kumbungu District communities,Kumbungu District communities,signed
306,Abu Wumbei,F,Midwife,Kumbungu District communities,Kumbungu District communities,signed
307,Mohammed Mahama,F,Community Health Officer,Kumbungu District communities,Kumbungu District communities,signed
308,Iddrisu Dauda,F,Enrolled Nurse,Kumbungu District communities,Kumbungu District communities,signed
309,Ayishetu Fuseini,F,Disease Control Officer,Kumbungu District communities,Kumbungu District communities,signed
310,Sanatu Napari,F,Medical Assistant,Kumbungu District communities,Kumbungu District communities,signed
311,Fuseini Seidu,F,Midwife,Kumbungu District communities,Kumbungu District communities,signed
312,Baba Napari,F,Disease Control Officer,Kumbungu District communities,Kumbungu District communities,signed
313,Sanatu Mahama,F,Disease Control Officer,Kumbungu District communities,Kumbungu District communities,signed
314,Alhassan Yakubu,F,Medical Assistant,Kumbungu District communities,Kumbungu District communities,signed
315,Mariam Tia,F,Medical Assistant,Kumbungu District communities,Kumbungu District communities,signed
316,Abu Issahaku,F,Community Health Officer,Kumbungu District communities,Kumbungu District communities,signed
317,Baba Abdulai,F,Disease Control Officer,Kumbungu District communities,Kumbungu District communities,signed
318,Zuweira Wumbei,F,Midwife,Kumbungu District communities,Kumbungu District communities,signed
319,Yakubu Napari,F,Midwife,Kumbungu District communities,Kumbungu District communities,signed
320,Hawa Wumbei,F,Midwife,Kumbungu District communities,Kumbungu District communities,signed
321,Yakubu Alhassan,F,Medical Assistant,Kumbungu District communities,Kumbungu District communities,signed
322,Rahinatu Yakubu,F,Disease Control Officer,Kumbungu District communities,Kumbungu District communities,signed
323,Ayishetu Mahama,F,Enrolled Nurse,Kumbungu District communities,Kumbungu District communities,signed
324,Hawa Napari,F,Enrolled Nurse,Kumbungu District communities,Kumbungu District communities,signed
325,Abdul Napari,F,Midwife,Kumbungu District communities,Kumbungu District communities,signed
326,Rahinatu Iddrisu,F,Enrolled Nurse,Kumbungu District communities,Kumbungu District communities,signed
327,Abu Yakubu,F,Medical Assistant,Kumbungu District communities,Kumbungu District communities,signed
328,Mariam Iddrisu,F,Community Health Officer,Kumbungu District communities,Kumbungu District communities,signed
329,Ayishetu Yakubu,F,Midwife,Kumbungu District communities,Kumbungu District communities,signed
330,Fati Abdulai,F,Medical Assistant,Kumbungu District communities,Kumbungu District communities,signed
331,Salamatu Alhassan,F,Enrolled Nurse,Kumbungu District communities,Kumbungu District communities,signed
332,Fati Issahaku,F,Medical Assistant,Kumbungu District communities,Kumbungu District communities,signed
333,Yakubu Napari,F,Disease Control Officer,Kumbungu District communities,Kumbungu District communities,signed
334,Abdul Napari,F,Community Health Officer,Kumbungu District communities,Kumbungu District communities,signed
335,Sulemana Dauda,F,Disease Control Officer,Kumbungu District communities,Kumbungu District communities,signed
336,Abu Mahama,F,Medical Assistant,Kumbungu District communities,Kumbungu District communities,signed
337,Salamatu Abdulai,F,Community Health Officer,Kumbungu District communities,Kumbungu District communities,signed
338,Alhassan Napari,F,Disease Control Officer,Kumbungu District communities,Kumbungu District communities,signed
339,Sanatu Napari,F,Midwife,Kumbungu District communities,Kumbungu District communities,signed
340,Mohammed Mahama,F,Enrolled Nurse,Kumbungu District communities,Kumbungu District communities,signed
341,Alhassan Mahama,F,Medical Assistant,Kumbungu District communities,Kumbungu District communities,signed
342,Memunatu Dauda,F,Enrolled Nurse,Kumbungu District communities,Kumbungu District communities,signed
343,Fati Seidu,F,Midwife,Kumbungu District communities,Kumbungu District communities,signed
344,Ayishetu Wumbei,F,Community Health Officer,Kumbungu District communities,Kumbungu District communities,signed
345,Sulemana Dauda,F,Disease Control Officer,Kumbungu District communities,Kumbungu District communities,signed
346,Memunatu Abdulai,F,Midwife,Kumbungu District communities,Kumbungu District communities,signed
347,Fuseini Dauda,F,Midwife,Kumbungu District communities,Kumbungu District communities,signed
348,Fati Seidu,F,Enrolled Nurse,Kumbungu District communities,Kumbungu District communities,signed
349,Fati Issahaku,F,Medical Assistant,Kumbungu District communities,Kumbungu District communities,signed
350,Adiza Wumbei,F,Community Health Officer,Kumbungu District communities,Kumbungu District communities,signed
351,Abdul Mahama,F,Medical Assistant,Kumbungu District communities,Kumbungu District communities,signed
352,Rahinatu Yakubu,F,Disease Control Officer,Kumbungu District communities,Kumbungu District communities,signed
353,Fati Mahama,F,Medical Assistant,Kumbungu District communities,Kumbungu District communities,signed
354,Hawa Napari,F,Disease Control Officer,Kumbungu District communities,Kumbungu District communities,signed
355,Ayishetu Dauda,F,Midwife,Kumbungu District communities,Kumbungu District communities,signed
356,Mariam Napari,F,Community Health Officer,Kumbungu District communities,Kumbungu District communities,signed
357,Fati Fuseini,F,Enrolled Nurse,Kumbungu District communities,Kumbungu District communities,signed
358,Baba Tia,F,Midwife,Kumbungu District communities,Kumbungu District communities,signed
359,Zuweira Mahama,F,Community Health Officer,Kumbungu District communities,Kumbungu District communities,signed
360,Sulemana Iddrisu,F,Medical Assistant,Kumbungu District communities,Kumbungu District communities,signed
361,Alhassan Issahaku,F,Medical Assistant,Kumbungu District communities,Kumbungu District communities,signed
362,Rahinatu Seidu,F,Enrolled Nurse,Kumbungu District communities,Kumbungu District communities,signed
363,Mariam Wumbei,F,Disease Control Officer,Kumbungu District communities,Kumbungu District communities,signed
364,Rahinatu Tia,F,Disease Control Officer,Kumbungu District communities,Kumbungu District communities,signed
365,Sulemana Seidu,F,Midwife,Kumbungu District communities,Kumbungu District communities,signed
366,Issah Iddrisu,F,Disease Control Officer,Kumbungu District communities,Kumbungu District communities,signed
367,Ayishetu Napari,F,Disease Control Officer,Kumbungu District communities,Kumbungu District communities,signed
368,Alhassan Napari,F,Enrolled Nurse,Kumbungu District communities,Kumbungu District communities,signed
369,Iddrisu Tia,F,Disease Control Officer,Kumbungu District communities,Kumbungu District communities,signed
370,Alhassan Dauda,F,Midwife,Kumbungu District communities,Kumbungu District communities,signed
371,Fuseini Mahama,F,Midwife,Kumbungu District communities,Kumbungu District communities,signed
372,Abdul Iddrisu,F,Medical Assistant,Kumbungu District communities,Kumbungu District communities,signed
373,Sulemana Tia,F,Enrolled Nurse,Kumbungu District communities,Kumbungu District communities,signed
374,Abu Dauda,F,Disease Control Officer,Kumbungu District communities,Kumbungu District communities,signed
375,Mariam Fuseini,F,Community Health Officer,Kumbungu District communities,Kumbungu District communities,signed
376,Mariam Iddrisu,F,Midwife,Kumbungu District communities,Kumbungu District communities,signed
377,Alhassan Dauda,F,Midwife,Kumbungu District communities,Kumbungu District communities,signed
378,Adiza Issahaku,F,Disease Control Officer,Kumbungu District communities,Kumbungu District communities,signed
379,Fuseini Dauda,F,Community Health Officer,Kumbungu District communities,Kumbungu District communities,signed
380,Mariam Issahaku,F,Enrolled Nurse,Kumbungu District communities,Kumbungu District communities,signed
381,Sanatu Mahama,F,Medical Assistant,Kumbungu District communities,Kumbungu District communities,signed
382,Rahinatu Fuseini,F,Enrolled Nurse,Kumbungu District communities,Kumbungu District communities,signed
383,Mohammed Napari,F,Midwife,Kumbungu District communities,Kumbungu District communities,signed
384,Sulemana Iddrisu,F,Disease Control Officer,Kumbungu District communities,Kumbungu District communities,signed
385,Salamatu Issahaku,F,Enrolled Nurse,Kumbungu District communities,Kumbungu District communities,signed
386,Hawa Abdulai,F,Medical Assistant,Kumbungu District communities,Kumbungu District communities,signed
387,Zuweira Tia,F,Enrolled Nurse,Kumbungu District communities,Kumbungu District communities,signed
388,Hawa Mahama,F,Community Health Officer,Kumbungu District communities,Kumbungu District communities,signed
389,Baba Dauda,F,Community Health Officer,Kumbungu District communities,Kumbungu District communities,signed
390,Zuweira Fuseini,F,Enrolled Nurse,Kumbungu District communities,Kumbungu District communities,signed
391,Yakubu Mahama,F,Enrolled Nurse,Kumbungu District communities,Kumbungu District communities,signed
392,Sanatu Iddrisu,F,Midwife,Kumbungu District communities,Kumbungu District communities,signed
393,Rahinatu Yakubu,F,Medical Assistant,Kumbungu District communities,Kumbungu District communities,signed
394,Hawa Mahama,F,Community Health Officer,Kumbungu District communities,Kumbungu District communities,signed
395,Sanatu Seidu,F,Midwife,Kumbungu District communities,Kumbungu District communities,signed
396,Abu Wumbei,F,Midwife,Kumbungu District communities,Kumbungu District communities,signed
397,Fuseini Iddrisu,F,Enrolled Nurse,Kumbungu District communities,Kumbungu District communities,signed
398,Sulemana Iddrisu,F,Community Health Officer,Kumbungu District communities,Kumbungu District communities,signed
399,Mariam Yakubu,F,Disease Control Officer,Kumbungu District communities,Kumbungu District communities,signed
400,Yakubu Napari,F,Midwife,Kumbungu District communities,Kumbungu District communities,signed
401,Sulemana Seidu,F,Community Health Officer,Kumbungu District communities,Kumbungu District communities,signed
402,Mohammed Yakubu,F,Disease Control Officer,Kumbungu District communities,Kumbungu District communities,signed
403,Zuweira Iddrisu,F,Disease Control Officer,Kumbungu District communities,Kumbungu District communities,signed
404,Rahinatu Wumbei,F,Enrolled Nurse,Kumbungu District communities,Kumbungu District communities,signed
405,Adiza Iddrisu,F,Medical Assistant,Kumbungu District communities,Kumbungu District communities,signed
406,Iddrisu Dauda,F,Community Health Officer,Kumbungu District communities,Kumbungu District communities,signed
407,Fuseini Alhassan,F,Disease Control Officer,Kumbungu District communities,Kumbungu District communities,signed
408,Mohammed Issahaku,F,Midwife,Kumbungu District communities,Kumbungu District communities,signed
409,Salamatu Yakubu,F,Midwife,Kumbungu District communities,Kumbungu District communities,signed
410,Memunatu Napari,F,Community Health Officer,Kumbungu District communities,Kumbungu District communities,signed
411,Alhassan Abdulai,F,Disease Control Officer,Kumbungu District communities,Kumbungu District communities,signed
412,Adiza Tia,F,Enrolled Nurse,Kumbungu District communities,Kumbungu District communities,signed
413,Iddrisu Abdulai,F,Midwife,Kumbungu District communities,Kumbungu District communities,signed
414,Alhassan Seidu,F,Medical Assistant,Kumbungu District communities,Kumbungu District communities,signed
415,Salamatu Napari,F,Disease Control Officer,Kumbungu District communities,Kumbungu District communities,signed
416,Rahinatu Yakubu,F,Enrolled Nurse,Kumbungu District communities,Kumbungu District communities,signed
417,Sulemana Seidu,F,Disease Control Officer,Kumbungu District communities,Kumbungu District communities,signed
418,Iddrisu Dauda,F,Medical Assistant,Kumbungu District communities,Kumbungu District communities,signed
419,Salamatu Iddrisu,F,Midwife,Kumbungu District communities,Kumbungu District communities,signed
420,Hawa Napari,F,Community Health Officer,Kumbungu District communities,Kumbungu District communities,signed
421,Abu Abdulai,F,Midwife,Kumbungu District communities,Kumbungu District communities,signed
422,Zuweira Wumbei,F,Enrolled Nurse,Kumbungu District communities,Kumbungu District communities,signed
423,Baba Abdulai,F,Midwife,Kumbungu District communities,Kumbungu District communities,signed
424,Ayishetu Abdulai,F,Community Health Officer,Kumbungu District communities,Kumbungu District communities,signed
425,Alhassan Wumbei,F,Disease Control Officer,Kumbungu District communities,Kumbungu District communities,signed
426,Sulemana Dauda,F,Medical Assistant,Kumbungu District communities,Kumbungu District communities,signed
427,Salamatu Seidu,F,Enrolled Nurse,Kumbungu District communities,Kumbungu District communities,signed
428,Yakubu Iddrisu,F,Community Health Officer,Kumbungu District communities,Kumbungu District communities,signed
429,Mohammed Alhassan,F,Medical Assistant,Kumbungu District communities,Kumbungu District communities,signed
430,Rahinatu Yakubu,F,Disease Control Officer,Kumbungu District communities,Kumbungu District communities,signed
431,Iddrisu Issahaku,F,Medical Assistant,Kumbungu District communities,Kumbungu District communities,signed
432,Abu Alhassan,F,Community Health Officer,Kumbungu District communities,Kumbungu District communities,signed
433,Mohammed Seidu,F,Community Health Officer,Kumbungu District communities,Kumbungu District communities,signed
434,Fati Seidu,F,Enrolled Nurse,Kumbungu District communities,Kumbungu District communities,signed
435,Fuseini Abdulai,F,Community Health Officer,Kumbungu District communities,Kumbungu District communities,signed
436,Salamatu Iddrisu,F,Community Health Officer,Kumbungu District communities,Kumbungu District communities,signed
437,Mohammed Wumbei,F,Disease Control Officer,Kumbungu District communities,Kumbungu District communities,signed
438,Iddrisu Wumbei,F,Enrolled Nurse,Kumbungu District communities,Kumbungu District communities,signed
439,Mohammed Issahaku,F,Community Health Officer,Kumbungu District communities,Kumbungu District communities,signed
440,Rahinatu Yakubu,F,Disease Control Officer,Kumbungu District communities,Kumbungu District communities,signed
441,Sanatu Napari,F,Medical Assistant,Kumbungu District communities,Kumbungu District communities,signed
442,Ayishetu Dauda,F,Disease Control Officer,Kumbungu District communities,Kumbungu District communities,signed
443,Iddrisu Mahama,F,Medical Assistant,Kumbungu District communities,Kumbungu District communities,signed
444,Ayishetu Wumbei,F,Midwife,Kumbungu District communities,Kumbungu District communities,signed
445,Mohammed Seidu,F,Disease Control Officer,Kumbungu District communities,Kumbungu District communities,signed
446,Salamatu Iddrisu,F,Disease Control Officer,Kumbungu District communities,Kumbungu District communities,signed
447,Baba Yakubu,F,Community Health Officer,Kumbungu District communities,Kumbungu District communities,signed
448,Memunatu Iddrisu,F,Midwife,Kumbungu District communities,Kumbungu District communities,signed
449,Alhassan Seidu,F,Community Health Officer,Kumbungu District communities,Kumbungu District communities,signed
450,Abu Yakubu,F,Midwife,Kumbungu District communities,Kumbungu District communities,signed
451,Mohammed Issahaku,F,Disease Control Officer,Kumbungu District communities,Kumbungu District communities,signed
452,Fati Yakubu,F,Community Health Officer,Kumbungu District communities,Kumbungu District communities,signed
453,Abdul Wumbei,F,Medical Assistant,Kumbungu District communities,Kumbungu District communities,signed
454,Abdul Tia,F,Enrolled Nurse,Kumbungu District communities,Kumbungu District communities,signed
455,Salamatu Seidu,F,Medical Assistant,Kumbungu District communities,Kumbungu District communities,signed
456,Sanatu Tia,F,Midwife,Kumbungu District communities,Kumbungu District communities,signed
457,Zuweira Fuseini,F,Disease Control Officer,Kumbungu District communities,Kumbungu District communities,signed
458,Ayishetu Alhassan,F,Midwife,Kumbungu District communities,Kumbungu District communities,signed
459,Adiza Yakubu,F,Disease Control Officer,Kumbungu District communities,Kumbungu District communities,signed
460,Abdul Abdulai,F,Community Health Officer,Kumbungu District communities,Kumbungu District communities,signed
461,Memunatu Alhassan,F,Medical Assistant,Kumbungu District communities,Kumbungu District communities,signed
462,Abu Mahama,F,Enrolled Nurse,Kumbungu District communities,Kumbungu District communities,signed
463,Alhassan Napari,F,Community Health Officer,Kumbungu District communities,Kumbungu District communities,signed
464,Mariam Iddrisu,F,Enrolled Nurse,Kumbungu District communities,Kumbungu District communities,signed
465,Mohammed Seidu,F,Midwife,Kumbungu District communities,Kumbungu District communities,signed
466,Sulemana Alhassan,F,Medical Assistant,Kumbungu District communities,Kumbungu District communities,signed
467,Abu Seidu,F,Enrolled Nurse,Kumbungu District communities,Kumbungu District communities,signed
468,Salamatu Wumbei,F,Disease Control Officer,Kumbungu District communities,Kumbungu District communities,signed
469,Abu Fuseini,F,Community Health Officer,Kumbungu District communities,Kumbungu District communities,signed
470,Salamatu Seidu,F,Enrolled Nurse,Kumbungu District communities,Kumbungu District communities,signed
471,Baba Fuseini,F,Community Health Officer,Kumbungu District communities,Kumbungu District communities,signed
472,Fati Wumbei,F,Midwife,Kumbungu District communities,Kumbungu District communities,signed
473,Fati Yakubu,F,Midwife,Kumbungu District communities,Kumbungu District communities,signed
474,Abu Tia,F,Enrolled Nurse,Kumbungu District communities,Kumbungu District communities,signed
475,Alhassan Napari,F,Enrolled Nurse,Kumbungu District communities,Kumbungu District communities,signed
476,Fati Mahama,F,Community Health Officer,Kumbungu District communities,Kumbungu District communities,signed
477,Salamatu Issahaku,F,Midwife,Kumbungu District communities,Kumbungu District communities,signed
478,Alhassan Napari,F,Community Health Officer,Kumbungu District communities,Kumbungu District communities,signed
479,Abu Yakubu,F,Enrolled Nurse,Kumbungu District communities,Kumbungu District communities,signed
480,Sanatu Mahama,F,Midwife,Kumbungu District communities,Kumbungu District communities,signed
481,Ayishetu Dauda,F,Disease Control Officer,Kumbungu District communities,Kumbungu District communities,signed
482,Zuweira Seidu,F,Enrolled Nurse,Kumbungu District communities,Kumbungu District communities,signed
483,Abu Alhassan,F,Disease Control Officer,Kumbungu District communities,Kumbungu District communities,signed
484,Sanatu Tia,F,Community Health Officer,Kumbungu District communities,Kumbungu District communities,signed
485,Mariam Abdulai,F,Medical Assistant,Kumbungu District communities,Kumbungu District communities,signed
486,Iddrisu Yakubu,F,Enrolled Nurse,Kumbungu District communities,Kumbungu District communities,signed
487,Memunatu Issahaku,F,Medical Assistant,Kumbungu District communities,Kumbungu District communities,signed
488,Baba Iddrisu,F,Disease Control Officer,Kumbungu District communities,Kumbungu District communities,signed
489,Alhassan Tia,F,Enrolled Nurse,Kumbungu District communities,Kumbungu District communities,signed
490,Mohammed Fuseini,F,Midwife,Kumbungu District communities,Kumbungu District communities,signed
491,Mohammed Wumbei,F,Midwife,Kumbungu District communities,Kumbungu District communities,signed
492,Mohammed Alhassan,F,Midwife,Kumbungu District communities,Kumbungu District communities,signed
493,Mariam Seidu,F,Community Health Officer,Kumbungu District communities,Kumbungu District communities,signed
494,Fati Issahaku,F,Medical Assistant,Kumbungu District communities,Kumbungu District communities,signed
495,Abu Seidu,F,Community Health Officer,Kumbungu District communities,Kumbungu District communities,signed
496,Fati Alhassan,F,Medical Assistant,Kumbungu District communities,Kumbungu District communities,signed
497,Abu Issahaku,F,Midwife,Kumbungu District communities,Kumbungu District communities,signed
498,Ayishetu Yakubu,F,Disease Control Officer,Kumbungu District communities,Kumbungu District communities,signed
499,Mohammed Yakubu,F,Midwife,Kumbungu District communities,Kumbungu District communities,signed
500,Fuseini Fuseini,F,Midwife,Kumbungu District communities,Kumbungu District communities,signed
501,Mariam Tia,F,Medical Assistant,Kumbungu District communities,Kumbungu District communities,signed
502,Sulemana Dauda,F,Medical Assistant,Kumbungu District communities,Kumbungu District communities,signed
503,Ayishetu Abdulai,F,Community Health Officer,Kumbungu District communities,Kumbungu District communities,signed
504,Abu Mahama,F,Community Health Officer,Kumbungu District communities,Kumbungu District communities,signed
505,Alhassan Iddrisu,F,Medical Assistant,Kumbungu District communities,Kumbungu District communities,signed
506,Ayishetu Tia,F,Disease Control Officer,Kumbungu District communities,Kumbungu District communities,signed
507,Yakubu Wumbei,F,Enrolled Nurse,Kumbungu District communities,Kumbungu District communities,signed
508,Abdul Fuseini,F,Medical Assistant,Kumbungu District communities,Kumbungu District communities,signed
509,Mohammed Dauda,F,Medical Assistant,Kumbungu District communities,Kumbungu District communities,signed
510,Adiza Abdulai,F,Disease Control Officer,Kumbungu District communities,Kumbungu District communities,signed
511,Alhassan Alhassan,F,Midwife,Kumbungu District communities,Kumbungu District communities,signed
512,Fati Mahama,F,Community Health Officer,Kumbungu District communities,Kumbungu District communities,signed
513,Mohammed Dauda,F,Enrolled Nurse,Kumbungu District communities,Kumbungu District communities,signed
514,Zuweira Abdulai,F,Enrolled Nurse,Kumbungu District communities,Kumbungu District communities,signed
515,Yakubu Fuseini,F,Disease Control Officer,Kumbungu District communities,Kumbungu District communities,signed
516,Sulemana Napari,F,Community Health Officer,Kumbungu District communities,Kumbungu District communities,signed
517,Hawa Alhassan,F,Medical Assistant,Kumbungu District communities,Kumbungu District communities,signed
518,Baba Tia,F,Midwife,Kumbungu District communities,Kumbungu District communities,signed
519,Ayishetu Issahaku,F,Community Health Officer,Kumbungu District communities,Kumbungu District communities,signed
520,Issah Abdulai,F,Disease Control Officer,Kumbungu District communities,Kumbungu District communities,signed
521,Mohammed Yakubu,F,Medical Assistant,Kumbungu District communities,Kumbungu District communities,signed
522,Memunatu Fuseini,F,Midwife,Kumbungu District communities,Kumbungu District communities,signed
523,Hawa Fuseini,F,Midwife,Kumbungu District communities,Kumbungu District communities,signed
524,Abdul Tia,F,Enrolled Nurse,Kumbungu District communities,Kumbungu District communities,signed
525,Rahinatu Wumbei,F,Disease Control Officer,Kumbungu District communities,Kumbungu District communities,signed
526,Mohammed Seidu,F,Community Health Officer,Kumbungu District communities,Kumbungu District communities,signed
527,Rahinatu Issahaku,F,Medical Assistant,Kumbungu District communities,Kumbungu District communities,signed
528,Fati Fuseini,F,Enrolled Nurse,Kumbungu District communities,Kumbungu District communities,signed
529,Ayishetu Dauda,F,Medical Assistant,Kumbungu District communities,Kumbungu District communities,signed
530,Abu Tia,F,Medical Assistant,Kumbungu District communities,Kumbungu District communities,signed
531,Hawa Abdulai,F,Enrolled Nurse,Kumbungu District communities,Kumbungu District communities,signed
532,Issah Mahama,F,Disease Control Officer,Kumbungu District communities,Kumbungu District communities,signed
533,Abdul Dauda,F,Disease Control Officer,Kumbungu District communities,Kumbungu District communities,signed
534,Fati Wumbei,F,Midwife,Kumbungu District communities,Kumbungu District communities,signed
535,Mohammed Fuseini,F,Community Health Officer,Kumbungu District communities,Kumbungu District communities,signed
536,Iddrisu Seidu,F,Community Health Officer,Kumbungu District communities,Kumbungu District communities,signed
537,Zuweira Dauda,F,Disease Control Officer,Kumbungu District communities,Kumbungu District communities,signed
538,Sanatu Mahama,F,Disease Control Officer,Kumbungu District communities,Kumbungu District communities,signed
539,Sulemana Issahaku,F,Disease Control Officer,Kumbungu District communities,Kumbungu District communities,signed
540,Fuseini Yakubu,F,Midwife,Kumbungu District communities,Kumbungu District communities,signed
541,Ayishetu Napari,F,Enrolled Nurse,Kumbungu District communities,Kumbungu District communities,signed
542,Ayishetu Fuseini,F,Disease Control Officer,Kumbungu District communities,Kumbungu District communities,signed
543,Memunatu Fuseini,F,Midwife,Kumbungu District communities,Kumbungu District communities,signed
544,Adiza Issahaku,F,Community Health Officer,Kumbungu District communities,Kumbungu District communities,signed
545,Zuweira Issahaku,F,Medical Assistant,Kumbungu District communities,Kumbungu District communities,signed
546,Hawa Alhassan,F,Community Health Officer,Kumbungu District communities,Kumbungu District communities,signed
547,Mohammed Seidu,F,Medical Assistant,Kumbungu District communities,Kumbungu District communities,signed
548,Ayishetu Abdulai,F,Enrolled Nurse,Kumbungu District communities,Kumbungu District communities,signed
549,Memunatu Dauda,F,Enrolled Nurse,Kumbungu District communities,Kumbungu District communities,signed
550,Rahinatu Yakubu,F,Community Health Officer,Kumbungu District communities,Kumbungu District communities,signed
551,Fati Iddrisu,F,Medical Assistant,Kumbungu District communities,Kumbungu District communities,signed
552,Iddrisu Napari,F,Enrolled Nurse,Kumbungu District communities,Kumbungu District communities,signed
553,Mohammed Alhassan,F,Medical Assistant,Kumbungu District communities,Kumbungu District communities,signed
554,Memunatu Yakubu,F,Community Health Officer,Kumbungu District communities,Kumbungu District communities,signed
555,Sulemana Yakubu,F,Disease Control Officer,Kumbungu District communities,Kumbungu District communities,signed
556,Adiza Iddrisu,F,Enrolled Nurse,Kumbungu District communities,Kumbungu District communities,signed
557,Fati Iddrisu,F,Enrolled Nurse,Kumbungu District communities,Kumbungu District communities,signed
558,Abdul Mahama,F,Medical Assistant,Kumbungu District communities,Kumbungu District communities,signed
559,Salamatu Seidu,F,Medical Assistant,Kumbungu District communities,Kumbungu District communities,signed
560,Adiza Tia,F,Medical Assistant,Kumbungu District communities,Kumbungu District communities,signed
561,Alhassan Fuseini,F,Disease Control Officer,Kumbungu District communities,Kumbungu District communities,signed
562,Abdul Mahama,F,Community Health Officer,Kumbungu District communities,Kumbungu District communities,signed
563,Mariam Dauda,F,Enrolled Nurse,Kumbungu District communities,Kumbungu District communities,signed
564,Fati Seidu,F,Midwife,Kumbungu District communities,Kumbungu District communities,signed
565,Ayishetu Fuseini,F,Midwife,Kumbungu District communities,Kumbungu District communities,signed
566,Yakubu Dauda,F,Community Health Officer,Kumbungu District communities,Kumbungu District communities,signed
567,Salamatu Dauda,F,Enrolled Nurse,Kumbungu District communities,Kumbungu District communities,signed
568,Issah Alhassan,F,Enrolled Nurse,Kumbungu District communities,Kumbungu District communities,signed
569,Ayishetu Tia,F,Enrolled Nurse,Kumbungu District communities,Kumbungu District communities,signed
570,Issah Seidu,F,Disease Control Officer,Kumbungu District communities,Kumbungu District communities,signed
571,Abu Seidu,F,Enrolled Nurse,Kumbungu District communities,Kumbungu District communities,signed
572,Mohammed Abdulai,F,Disease Control Officer,Kumbungu District communities,Kumbungu District communities,signed
573,Adiza Yakubu,F,Community Health Officer,Kumbungu District communities,Kumbungu District communities,signed
574,Adiza Abdulai,F,Community Health Officer,Kumbungu District communities,Kumbungu District communities,signed
575,Salamatu Tia,F,Enrolled Nurse,Kumbungu District communities,Kumbungu District communities,signed
576,Alhassan Mahama,F,Midwife,Kumbungu District communities,Kumbungu District communities,signed
577,Hawa Yakubu,F,Disease Control Officer,Kumbungu District communities,Kumbungu District communities,signed
578,Fuseini Issahaku,F,Community Health Officer,Kumbungu District communities,Kumbungu District communities,signed
579,Mohammed Wumbei,F,Midwife,Kumbungu District communities,Kumbungu District communities,signed
580,Rahinatu Seidu,F,Community Health Officer,Kumbungu District communities,Kumbungu District communities,signed
581,Hawa Dauda,F,Midwife,Kumbungu District communities,Kumbungu District communities,signed
582,Zuweira Iddrisu,F,Community Health Officer,Kumbungu District communities,Kumbungu District communities,signed
583,Salamatu Alhassan,F,Disease Control Officer,Kumbungu District communities,Kumbungu District communities,signed
584,Memunatu Abdulai,F,Midwife,Kumbungu District communities,Kumbungu District communities,signed
585,Issah Alhassan,F,Enrolled Nurse,Kumbungu District communities,Kumbungu District communities,signed
586,Adiza Iddrisu,F,Medical Assistant,Kumbungu District communities,Kumbungu District communities,signed
587,Iddrisu Napari,F,Midwife,Kumbungu District communities,Kumbungu District communities,signed
588,Ayishetu Mahama,F,Disease Control Officer,Kumbungu District communities,Kumbungu District communities,signed
589,Mariam Dauda,F,Midwife,Kumbungu District communities,Kumbungu District communities,signed
590,Salamatu Dauda,F,Enrolled Nurse,Kumbungu District communities,Kumbungu District communities,signed
591,Ayishetu Issahaku,F,Midwife,Kumbungu District communities,Kumbungu District communities,signed
592,Iddrisu Iddrisu,F,Community Health Officer,Kumbungu District communities,Kumbungu District communities,signed
593,Fati Yakubu,F,Disease Control Officer,Kumbungu District communities,Kumbungu District communities,signed
594,Sanatu Dauda,F,Community Health Officer,Kumbungu District communities,Kumbungu District communities,signed
595,Salamatu Napari,F,Midwife,Kumbungu District communities,Kumbungu District communities,signed
596,Mariam Abdulai,F,Medical Assistant,Kumbungu District communities,Kumbungu District communities,signed
597,Iddrisu Alhassan,F,Disease Control Officer,Kumbungu District communities,Kumbungu District communities,signed
598,Adiza Issahaku,F,Community Health Officer,Kumbungu District communities,Kumbungu District communities,signed
599,Sanatu Abdulai,F,Midwife,Kumbungu District communities,Kumbungu District communities,signed
600,Sanatu Tia,F,Disease Control Officer,Kumbungu District communities,Kumbungu District communities,signed
601,Abu Fuseini,F,Medical Assistant,Kumbungu District communities,Kumbungu District communities,signed
602,Ayishetu Napari,F,Disease Control Officer,Kumbungu District communities,Kumbungu District communities,signed
603,Zuweira Fuseini,F,Disease Control Officer,Kumbungu District communities,Kumbungu District communities,signed
604,Alhassan Iddrisu,F,Community Health Officer,Kumbungu District communities,Kumbungu District communities,signed
605,Sanatu Yakubu,F,Medical Assistant,Kumbungu District communities,Kumbungu District communities,signed
606,Zuweira Abdulai,F,Disease Control Officer,Kumbungu District communities,Kumbungu District communities,signed
607,Sulemana Iddrisu,F,Community Health Officer,Kumbungu District communities,Kumbungu District communities,signed
608,Adiza Wumbei,F,Midwife,Kumbungu District communities,Kumbungu District communities,signed
609,Abu Abdulai,F,Midwife,Kumbungu District communities,Kumbungu District communities,signed
610,Rahinatu Issahaku,F,Medical Assistant,Kumbungu District communities,Kumbungu District communities,signed
611,Memunatu Abdulai,F,Midwife,Kumbungu District communities,Kumbungu District communities,signed
612,Fati Wumbei,F,Disease Control Officer,Kumbungu District communities,Kumbungu District communities,signed
613,Sulemana Abdulai,F,Midwife,Kumbungu District communities,Kumbungu District communities,signed
614,Ayishetu Abdulai,F,Community Health Officer,Kumbungu District communities,Kumbungu District communities,signed
615,Memunatu Mahama,F,Community Health Officer,Kumbungu District communities,Kumbungu District communities,signed
616,Ayishetu Fuseini,F,Community Health Officer,Kumbungu District communities,Kumbungu District communities,signed
617,Iddrisu Mahama,F,Enrolled Nurse,Kumbungu District communities,Kumbungu District communities,signed
618,Abu Iddrisu,F,Medical Assistant,Kumbungu District communities,Kumbungu District communities,signed
619,Rahinatu Dauda,F,Enrolled Nurse,Kumbungu District communities,Kumbungu District communities,signed
620,Issah Fuseini,F,Disease Control Officer,Kumbungu District communities,Kumbungu District communities,signed
621,Abu Mahama,F,Community Health Officer,Kumbungu District communities,Kumbungu District communities,signed
622,Abu Issahaku,F,Disease Control Officer,Kumbungu District communities,Kumbungu District communities,signed
623,Sanatu Fuseini,F,Disease Control Officer,Kumbungu District communities,Kumbungu District communities,signed
624,Ayishetu Mahama,F,Disease Control Officer,Kumbungu District communities,Kumbungu District communities,signed
625,Abdul Abdulai,F,Midwife,Kumbungu District communities,Kumbungu District communities,signed
626,Abdul Mahama,F,Midwife,Kumbungu District communities,Kumbungu District communities,signed
627,Hawa Alhassan,F,Community Health Officer,Kumbungu District communities,Kumbungu District communities,signed
628,Fati Tia,F,Disease Control Officer,Kumbungu District communities,Kumbungu District communities,signed
629,Ayishetu Yakubu,F,Midwife,Kumbungu District communities,Kumbungu District communities,signed
630,Ayishetu Iddrisu,F,Medical Assistant,Kumbungu District communities,Kumbungu District communities,signed
631,Zuweira Iddrisu,F,Community Health Officer,Kumbungu District communities,Kumbungu District communities,signed
632,Ayishetu Issahaku,F,Disease Control Officer,Kumbungu District communities,Kumbungu District communities,signed
633,Yakubu Seidu,F,Enrolled Nurse,Kumbungu District communities,Kumbungu District communities,signed
634,Ayishetu Fuseini,F,Community Health Officer,Kumbungu District communities,Kumbungu District communities,signed
635,Mariam Alhassan,F,Community Health Officer,Kumbungu District communities,Kumbungu District communities,signed
636,Abu Yakubu,F,Medical Assistant,Kumbungu District communities,Kumbungu District communities,signed
637,Sulemana Yakubu,F,Medical Assistant,Kumbungu District communities,Kumbungu District communities,signed
638,Ayishetu Dauda,F,Enrolled Nurse,Kumbungu District communities,Kumbungu District communities,signed
639,Sanatu Tia,F,Medical Assistant,Kumbungu District communities,Kumbungu District communities,signed
640,Mariam Fuseini,F,Disease Control Officer,Kumbungu District communities,Kumbungu District communities,signed
641,Rahinatu Alhassan,F,Medical Assistant,Kumbungu District communities,Kumbungu District communities,signed
642,Fati Wumbei,F,Enrolled Nurse,Kumbungu District communities,Kumbungu District communities,signed
643,Alhassan Abdulai,F,Enrolled Nurse,Kumbungu District communities,Kumbungu District communities,signed
644,Iddrisu Iddrisu,F,Community Health Officer,Kumbungu District communities,Kumbungu District communities,signed
645,Alhassan Wumbei,F,Medical Assistant,Kumbungu District communities,Kumbungu District communities,signed
646,Mariam Seidu,F,Medical Assistant,Kumbungu District communities,Kumbungu District communities,signed
647,Sanatu Napari,F,Disease Control Officer,Kumbungu District communities,Kumbungu District communities,signed
648,Hawa Dauda,F,Midwife,Kumbungu District communities,Kumbungu District communities,signed
649,Ayishetu Tia,F,Medical Assistant,Kumbungu District communities,Kumbungu District communities,signed
650,Issah Issahaku,F,Midwife,Kumbungu District communities,Kumbungu District communities,signed
651,Fuseini Yakubu,F,Midwife,Kumbungu District communities,Kumbungu District communities,signed
652,Rahinatu Issahaku,F,Midwife,Kumbungu District communities,Kumbungu District communities,signed
653,Mariam Fuseini,F,Disease Control Officer,Kumbungu District communities,Kumbungu District communities,signed
654,Yakubu Alhassan,F,Midwife,Kumbungu District communities,Kumbungu District communities,signed
655,Fati Abdulai,F,Enrolled Nurse,Kumbungu District communities,Kumbungu District communities,signed
656,Hawa Seidu,F,Midwife,Kumbungu District communities,Kumbungu District communities,signed
657,Fati Dauda,F,Disease Control Officer,Kumbungu District communities,Kumbungu District communities,signed
658,Adiza Wumbei,F,Medical Assistant,Kumbungu District communities,Kumbungu District communities,signed
659,Salamatu Wumbei,F,Midwife,Kumbungu District communities,Kumbungu District communities,signed
660,Baba Napari,F,Midwife,Kumbungu District communities,Kumbungu District communities,signed
661,Yakubu Seidu,F,Disease Control Officer,Kumbungu District communities,Kumbungu District communities,signed
662,Sulemana Issahaku,F,Medical Assistant,Kumbungu District communities,Kumbungu District communities,signed
663,Zuweira Dauda,F,Midwife,Kumbungu District communities,Kumbungu District communities,signed
664,Issah Alhassan,F,Enrolled Nurse,Kumbungu District communities,Kumbungu District communities,signed
665,Ayishetu Dauda,F,Medical Assistant,Kumbungu District communities,Kumbungu District communities,signed
666,Abdul Yakubu,F,Community Health Officer,Kumbungu District communities,Kumbungu District communities,signed
667,Abdul Issahaku,F,Community Health Officer,Kumbungu District communities,Kumbungu District communities,signed
668,Mohammed Yakubu,F,Community Health Officer,Kumbungu District communities,Kumbungu District communities,signed
669,Issah Dauda,F,Disease Control Officer,Kumbungu District communities,Kumbungu District communities,signed
670,Memunatu Abdulai,F,Enrolled Nurse,Kumbungu District communities,Kumbungu District communities,signed
671,Alhassan Dauda,F,Community Health Officer,Kumbungu District communities,Kumbungu District communities,signed
672,Yakubu Wumbei,F,Medical Assistant,Kumbungu District communities,Kumbungu District communities,signed
673,Adiza Dauda,F,Medical Assistant,Kumbungu District communities,Kumbungu District communities,signed
674,Baba Seidu,F,Disease Control Officer,Kumbungu District communities,Kumbungu District communities,signed
675,Fati Dauda,F,Enrolled Nurse,Kumbungu District communities,Kumbungu District communities,signed
676,Sulemana Dauda,F,Enrolled Nurse,Kumbungu District communities,Kumbungu District communities,signed
677,Issah Tia,F,Midwife,Kumbungu District communities,Kumbungu District communities,signed
678,Issah Seidu,F,Medical Assistant,Kumbungu District communities,Kumbungu District communities,signed
679,Iddrisu Yakubu,F,Community Health Officer,Kumbungu District communities,Kumbungu District communities,signed
680,Mohammed Iddrisu,F,Enrolled Nurse,Kumbungu District communities,Kumbungu District communities,signed
681,Sanatu Seidu,F,Disease Control Officer,Kumbungu District communities,Kumbungu District communities,signed
682,Yakubu Seidu,F,Midwife,Kumbungu District communities,Kumbungu District communities,signed
683,Mohammed Napari,F,Midwife,Kumbungu District communities,Kumbungu District communities,signed
684,Sanatu Abdulai,F,Medical Assistant,Kumbungu District communities,Kumbungu District communities,signed
685,Sulemana Fuseini,F,Community Health Officer,Kumbungu District communities,Kumbungu District communities,signed
686,Alhassan Wumbei,F,Community Health Officer,Kumbungu District communities,Kumbungu District communities,signed
687,Ayishetu Yakubu,F,Community Health Officer,Kumbungu District communities,Kumbungu District communities,signed
688,Mariam Napari,F,Medical Assistant,Kumbungu District communities,Kumbungu District communities,signed
689,Abu Abdulai,F,Midwife,Kumbungu District communities,Kumbungu District communities,signed
690,Zuweira Iddrisu,F,Disease Control Officer,Kumbungu District communities,Kumbungu District communities,signed
691,Baba Napari,F,Midwife,Kumbungu District communities,Kumbungu District communities,signed
692,Hawa Yakubu,F,Midwife,Kumbungu District communities,Kumbungu District communities,signed
693,Iddrisu Mahama,F,Midwife,Kumbungu District communities,Kumbungu District communities,signed
694,Hawa Mahama,F,Enrolled Nurse,Kumbungu District communities,Kumbungu District communities,signed
695,Abdul Mahama,F,Community Health Officer,Kumbungu District communities,Kumbungu District communities,signed
696,Abdul Tia,F,Enrolled Nurse,Kumbungu District communities,Kumbungu District communities,signed
697,Sanatu Iddrisu,F,Medical Assistant,Kumbungu District communities,Kumbungu District communities,signed
698,Fati Abdulai,F,Enrolled Nurse,Kumbungu District communities,Kumbungu District communities,signed
699,Salamatu Dauda,F,Enrolled Nurse,Kumbungu District communities,Kumbungu District communities,signed
700,Sulemana Yakubu,F,Medical Assistant,Kumbungu District communities,Kumbungu District communities,signed
701,Abu Fuseini,F,Medical Assistant,Kumbungu District communities,Kumbungu District communities,signed
702,Hawa Issahaku,F,Medical Assistant,Kumbungu District communities,Kumbungu District communities,signed
703,Salamatu Mahama,F,Medical Assistant,Kumbungu District communities,Kumbungu District communities,signed
704,Alhassan Fuseini,F,Community Health Officer,Kumbungu District communities,Kumbungu District communities,signed
705,Sulemana Yakubu,F,Disease Control Officer,Kumbungu District communities,Kumbungu District communities,signed
706,Issah Tia,F,Community Health Officer,Kumbungu District communities,Kumbungu District communities,signed
707,Issah Seidu,F,Midwife,Kumbungu District communities,Kumbungu District communities,signed
708,Adiza Alhassan,F,Midwife,Kumbungu District communities,Kumbungu District communities,signed
709,Fuseini Tia,F,Midwife,Kumbungu District communities,Kumbungu District communities,signed
710,Issah Iddrisu,F,Disease Control Officer,Kumbungu District communities,Kumbungu District communities,signed
711,Baba Iddrisu,F,Enrolled Nurse,Kumbungu District communities,Kumbungu District communities,signed
712,Salamatu Alhassan,F,Medical Assistant,Kumbungu District communities,Kumbungu District communities,signed
713,Baba Yakubu,F,Midwife,Kumbungu District communities,Kumbungu District communities,signed
714,Rahinatu Iddrisu,F,Midwife,Kumbungu District communities,Kumbungu District communities,signed
715,Iddrisu Fuseini,F,Medical Assistant,Kumbungu District communities,Kumbungu District communities,signed
716,Sulemana Wumbei,F,Midwife,Kumbungu District communities,Kumbungu District communities,signed
717,Adiza Abdulai,F,Disease Control Officer,Kumbungu District communities,Kumbungu District communities,signed
718,Abu Wumbei,F,Community Health Officer,Kumbungu District communities,Kumbungu District communities,signed
719,Mohammed Fuseini,F,Midwife,Kumbungu District communities,Kumbungu District communities,signed
720,Sulemana Yakubu,F,Enrolled Nurse,Kumbungu District communities,Kumbungu District communities,signed
721,Zuweira Iddrisu,F,Community Health Officer,Kumbungu District communities,Kumbungu District communities,signed
722,Mohammed Issahaku,F,Disease Control Officer,Kumbungu District communities,Kumbungu District communities,signed
723,Rahinatu Mahama,F,Medical Assistant,Kumbungu District communities,Kumbungu District communities,signed
724,Fuseini Issahaku,F,Enrolled Nurse,Kumbungu District communities,Kumbungu District communities,signed
725,Mariam Yakubu,F,Medical Assistant,Kumbungu District communities,Kumbungu District communities,signed
726,Fuseini Iddrisu,F,Disease Control Officer,Kumbungu District communities,Kumbungu District communities,signed
727,Mohammed Abdulai,F,Midwife,Kumbungu District communities,Kumbungu District communities,signed
728,Salamatu Iddrisu,F,Community Health Officer,Kumbungu District communities,Kumbungu District communities,signed
729,Mariam Fuseini,F,Midwife,Kumbungu District communities,Kumbungu District communities,signed
730,Iddrisu Issahaku,F,Midwife,Kumbungu District communities,Kumbungu District communities,signed
731,Yakubu Abdulai,F,Medical Assistant,Kumbungu District communities,Kumbungu District communities,signed
732,Adiza Tia,F,Midwife,Kumbungu District communities,Kumbungu District communities,signed
733,Sanatu Fuseini,F,Community Health Officer,Kumbungu District communities,Kumbungu District communities,signed
734,Abu Wumbei,F,Community Health Officer,Kumbungu District communities,Kumbungu District communities,signed
735,Mariam Seidu,F,Enrolled Nurse,Kumbungu District communities,Kumbungu District communities,signed
736,Sanatu Yakubu,F,Disease Control Officer,Kumbungu District communities,Kumbungu District communities,signed
737,Salamatu Issahaku,F,Enrolled Nurse,Kumbungu District communities,Kumbungu District communities,signed
738,Zuweira Seidu,F,Midwife,Kumbungu District communities,Kumbungu District communities,signed
739,Fati Dauda,F,Community Health Officer,Kumbungu District communities,Kumbungu District communities,signed
740,Fuseini Mahama,F,Midwife,Kumbungu District communities,Kumbungu District communities,signed
741,Abu Issahaku,F,Enrolled Nurse,Kumbungu District communities,Kumbungu District communities,signed
742,Abdul Iddrisu,F,Medical Assistant,Kumbungu District communities,Kumbungu District communities,signed
743,Adiza Wumbei,F,Enrolled Nurse,Kumbungu District communities,Kumbungu District communities,signed
744,Abu Seidu,F,Enrolled Nurse,Kumbungu District communities,Kumbungu District communities,signed
745,Sulemana Tia,F,Medical Assistant,Kumbungu District communities,Kumbungu District communities,signed
746,Sulemana Abdulai,F,Enrolled Nurse,Kumbungu District communities,Kumbungu District communities,signed
747,Fuseini Dauda,F,Disease Control Officer,Kumbungu District communities,Kumbungu District communities,signed
748,Adiza Dauda,F,Medical Assistant,Kumbungu District communities,Kumbungu District communities,signed
749,Ayishetu Iddrisu,F,Community Health Officer,Kumbungu District communities,Kumbungu District communities,signed
750,Zuweira Abdulai,F,Disease Control Officer,Kumbungu District communities,Kumbungu District communities,signed
751,Adiza Fuseini,F,Enrolled Nurse,Kumbungu District communities,Kumbungu District communities,signed
752,Abdul Iddrisu,F,Midwife,Kumbungu District communities,Kumbungu District communities,signed
753,Alhassan Napari,F,Midwife,Kumbungu District communities,Kumbungu District communities,signed
754,Issah Iddrisu,F,Disease Control Officer,Kumbungu District communities,Kumbungu District communities,signed
755,Fati Issahaku,F,Disease Control Officer,Kumbungu District communities,Kumbungu District communities,signed
756,Abu Abdulai,F,Medical Assistant,Kumbungu District communities,Kumbungu District communities,signed
757,Abu Mahama,F,Enrolled Nurse,Kumbungu District communities,Kumbungu District communities,signed
758,Yakubu Seidu,F,Enrolled Nurse,Kumbungu District communities,Kumbungu District communities,signed
759,Salamatu Seidu,F,Enrolled Nurse,Kumbungu District communities,Kumbungu District communities,signed
760,Yakubu Napari,F,Enrolled Nurse,Kumbungu District communities,Kumbungu District communities,signed
761,Fuseini Mahama,F,Enrolled Nurse,Kumbungu District communities,Kumbungu District communities,signed
762,Mariam Wumbei,F,Disease Control Officer,Kumbungu District communities,Kumbungu District communities,signed
763,Yakubu Issahaku,F,Community Health Officer,Kumbungu District communities,Kumbungu District communities,signed
764,Yakubu Yakubu,F,Community Health Officer,Kumbungu District communities,Kumbungu District communities,signed
765,Alhassan Fuseini,F,Enrolled Nurse,Kumbungu District communities,Kumbungu District communities,signed
766,Sanatu Tia,F,Disease Control Officer,Kumbungu District communities,Kumbungu District communities,signed
767,Mariam Tia,F,Midwife,Kumbungu District communities,Kumbungu District communities,signed
768,Salamatu Wumbei,F,Medical Assistant,Kumbungu District communities,Kumbungu District communities,signed
769,Rahinatu Alhassan,F,Disease Control Officer,Kumbungu District communities,Kumbungu District communities,signed
770,Rahinatu Mahama,F,Medical Assistant,Kumbungu District communities,Kumbungu District communities,signed
771,Iddrisu Fuseini,F,Medical Assistant,Kumbungu District communities,Kumbungu District communities,signed
772,Mohammed Seidu,F,Disease Control Officer,Kumbungu District communities,Kumbungu District communities,signed
773,Salamatu Napari,F,Enrolled Nurse,Kumbungu District communities,Kumbungu District communities,signed
774,Rahinatu Fuseini,F,Medical Assistant,Kumbungu District communities,Kumbungu District communities,signed
775,Mariam Seidu,F,Disease Control Officer,Kumbungu District communities,Kumbungu District communities,signed
776,Abdul Issahaku,F,Medical Assistant,Kumbungu District communities,Kumbungu District communities,signed
777,Iddrisu Iddrisu,F,Medical Assistant,Kumbungu District communities,Kumbungu District communities,signed
778,Abu Dauda,F,Medical Assistant,Kumbungu District communities,Kumbungu District communities,signed
779,Mohammed Dauda,F,Community Health Officer,Kumbungu District communities,Kumbungu District communities,signed
780,Fati Napari,F,Community Health Officer,Kumbungu District communities,Kumbungu District communities,signed
781,Mohammed Alhassan,F,Enrolled Nurse,Kumbungu District communities,Kumbungu District communities,signed
782,Abu Iddrisu,F,Disease Control Officer,Kumbungu District communities,Kumbungu District communities,signed
783,Rahinatu Issahaku,F,Community Health Officer,Kumbungu District communities,Kumbungu District communities,signed
784,Iddrisu Alhassan,F,Enrolled Nurse,Kumbungu District communities,Kumbungu District communities,signed
785,Sanatu Abdulai,F,Community Health Officer,Kumbungu District communities,Kumbungu District communities,signed
786,Sanatu Fuseini,F,Medical Assistant,Kumbungu District communities,Kumbungu District communities,signed
787,Rahinatu Issahaku,F,Enrolled Nurse,Kumbungu District communities,Kumbungu District communities,signed
788,Hawa Wumbei,F,Community Health Officer,Kumbungu District communities,Kumbungu District communities,signed
789,Baba Fuseini,F,Midwife,Kumbungu District communities,Kumbungu District communities,signed
790,Ayishetu Wumbei,F,Medical Assistant,Kumbungu District communities,Kumbungu District communities,signed
791,Ayishetu Fuseini,F,Community Health Officer,Kumbungu District communities,Kumbungu District communities,signed
792,Ayishetu Seidu,F,Community Health Officer,Kumbungu District communities,Kumbungu District communities,signed
793,Baba Mahama,F,Midwife,Kumbungu District communities,Kumbungu District communities,signed
794,Sulemana Wumbei,F,Enrolled Nurse,Kumbungu District communities,Kumbungu District communities,signed
795,Abdul Alhassan,F,Midwife,Kumbungu District communities,Kumbungu District communities,signed
796,Fuseini Seidu,F,Medical Assistant,Kumbungu District communities,Kumbungu District communities,signed
797,Adiza Tia,F,Community Health Officer,Kumbungu District communities,Kumbungu District communities,signed
798,Sulemana Fuseini,F,Medical Assistant,Kumbungu District communities,Kumbungu District communities,signed
799,Issah Iddrisu,F,Disease Control Officer,Kumbungu District communities,Kumbungu District communities,signed
800,Abu Mahama,F,Disease Control Officer,Kumbungu District communities,Kumbungu District communities,signed
801,Abdul Dauda,F,Midwife,Kumbungu District communities,Kumbungu District communities,signed
802,Baba Iddrisu,F,Medical Assistant,Kumbungu District communities,Kumbungu District communities,signed
803,Iddrisu Iddrisu,F,Medical Assistant,Kumbungu District communities,Kumbungu District communities,signed
804,Mohammed Tia,F,Enrolled Nurse,Kumbungu District communities,Kumbungu District communities,signed
805,Fati Alhassan,F,Disease Control Officer,Kumbungu District communities,Kumbungu District communities,signed
806,Sulemana Tia,F,Enrolled Nurse,Kumbungu District communities,Kumbungu District communities,signed
807,Iddrisu Abdulai,F,Enrolled Nurse,Kumbungu District communities,Kumbungu District communities,signed
808,Baba Issahaku,F,Midwife,Kumbungu District communities,Kumbungu District communities,signed
809,Adiza Mahama,F,Disease Control Officer,Kumbungu District communities,Kumbungu District communities,signed
810,Memunatu Mahama,F,Midwife,Kumbungu District communities,Kumbungu District communities,signed
811,Baba Napari,F,Disease Control Officer,Kumbungu District communities,Kumbungu District communities,signed
812,Hawa Fuseini,F,Midwife,Kumbungu District communities,Kumbungu District communities,signed
813,Fuseini Napari,F,Community Health Officer,Kumbungu District communities,Kumbungu District communities,signed
814,Abu Issahaku,F,Medical Assistant,Kumbungu District communities,Kumbungu District communities,signed
815,Alhassan Napari,F,Disease Control Officer,Kumbungu District communities,Kumbungu District communities,signed
816,Issah Mahama,F,Disease Control Officer,Kumbungu District communities,Kumbungu District communities,signed
817,Fati Napari,F,Midwife,Kumbungu District communities,Kumbungu District communities,signed
818,Mohammed Alhassan,F,Medical Assistant,Kumbungu District communities,Kumbungu District communities,signed
819,Issah Abdulai,F,Disease Control Officer,Kumbungu District communities,Kumbungu District communities,signed
820,Iddrisu Tia,F,Midwife,Kumbungu District communities,Kumbungu District communities,signed
821,Hawa Seidu,F,Community Health Officer,Kumbungu District communities,Kumbungu District communities,signed
822,Abdul Mahama,F,Midwife,Kumbungu District communities,Kumbungu District communities,signed
823,Baba Iddrisu,F,Medical Assistant,Kumbungu District communities,Kumbungu District communities,signed
824,Mohammed Seidu,F,Enrolled Nurse,Kumbungu District communities,Kumbungu District communities,signed
825,Memunatu Tia,F,Enrolled Nurse,Kumbungu District communities,Kumbungu District communities,signed
826,Adiza Fuseini,F,Disease Control Officer,Kumbungu District communities,Kumbungu District communities,signed
827,Abu Fuseini,F,Disease Control Officer,Kumbungu District communities,Kumbungu District communities,signed
828,Fuseini Tia,F,Midwife,Kumbungu District communities,Kumbungu District communities,signed
829,Abu Tia,F,Community Health Officer,Kumbungu District communities,Kumbungu District communities,signed
830,Abdul Yakubu,F,Disease Control Officer,Kumbungu District communities,Kumbungu District communities,signed
831,Ayishetu Tia,F,Medical Assistant,Kumbungu District communities,Kumbungu District communities,signed
832,Fati Dauda,F,Disease Control Officer,Kumbungu District communities,Kumbungu District communities,signed
833,Alhassan Fuseini,F,Medical Assistant,Kumbungu District communities,Kumbungu District communities,signed
834,Zuweira Abdulai,F,Midwife,Kumbungu District communities,Kumbungu District communities,signed
835,Rahinatu Fuseini,F,Medical Assistant,Kumbungu District communities,Kumbungu District communities,signed
836,Baba Alhassan,F,Enrolled Nurse,Kumbungu District communities,Kumbungu District communities,signed
837,Yakubu Mahama,F,Midwife,Kumbungu District communities,Kumbungu District communities,signed
838,Hawa Tia,F,Enrolled Nurse,Kumbungu District communities,Kumbungu District communities,signed
839,Ayishetu Yakubu,F,Enrolled Nurse,Kumbungu District communities,Kumbungu District communities,signed
840,Adiza Yakubu,F,Midwife,Kumbungu District communities,Kumbungu District communities,signed
841,Rahinatu Dauda,F,Enrolled Nurse,Kumbungu District communities,Kumbungu District communities,signed
842,Mohammed Mahama,F,Enrolled Nurse,Kumbungu District communities,Kumbungu District communities,signed
843,Iddrisu Seidu,F,Community Health Officer,Kumbungu District communities,Kumbungu District communities,signed
844,Yakubu Napari,F,Enrolled Nurse,Kumbungu District communities,Kumbungu District communities,signed
845,Ayishetu Yakubu,F,Disease Control Officer,Kumbungu District communities,Kumbungu District communities,signed
846,Ayishetu Yakubu,F,Enrolled Nurse,Kumbungu District communities,Kumbungu District communities,signed
847,Abdul Tia,F,Enrolled Nurse,Kumbungu District communities,Kumbungu District communities,signed
848,Zuweira Yakubu,F,Medical Assistant,Kumbungu District communities,Kumbungu District communities,signed
849,Fati Dauda,F,Community Health Officer,Kumbungu District communities,Kumbungu District communities,signed
850,Yakubu Fuseini,F,Enrolled Nurse,Kumbungu District communities,Kumbungu District communities,signed
851,Baba Tia,F,Medical Assistant,Kumbungu District communities,Kumbungu District communities,signed
852,Abdul Tia,F,Medical Assistant,Kumbungu District communities,Kumbungu District communities,signed
853,Issah Dauda,F,Enrolled Nurse,Kumbungu District communities,Kumbungu District communities,signed
854,Sulemana Abdulai,F,Medical Assistant,Kumbungu District communities,Kumbungu District communities,signed
855,Abdul Alhassan,F,Enrolled Nurse,Kumbungu District communities,Kumbungu District communities,signed
856,Sanatu Abdulai,F,Midwife,Kumbungu District communities,Kumbungu District communities,signed
857,Zuweira Iddrisu,F,Midwife,Kumbungu District communities,Kumbungu District communities,signed
858,Salamatu Issahaku,F,Community Health Officer,Kumbungu District communities,Kumbungu District communities,signed
859,Zuweira Napari,F,Medical Assistant,Kumbungu District communities,Kumbungu District communities,signed
860,Mariam Wumbei,F,Disease Control Officer,Kumbungu District communities,Kumbungu District communities,signed
861,Salamatu Fuseini,F,Enrolled Nurse,Kumbungu District communities,Kumbungu District communities,signed
862,Yakubu Abdulai,F,Medical Assistant,Kumbungu District communities,Kumbungu District communities,signed
863,Sulemana Mahama,F,Enrolled Nurse,Kumbungu District communities,Kumbungu District communities,signed
864,Sulemana Issahaku,F,Medical Assistant,Kumbungu District communities,Kumbungu District communities,signed
865,Fati Fuseini,F,Medical Assistant,Kumbungu District communities,Kumbungu District communities,signed
866,Baba Fuseini,F,Midwife,Kumbungu District communities,Kumbungu District communities,signed
867,Issah Wumbei,F,Medical Assistant,Kumbungu District communities,Kumbungu District communities,signed
868,Issah Yakubu,F,Midwife,Kumbungu District communities,Kumbungu District communities,signed
869,Salamatu Fuseini,F,Enrolled Nurse,Kumbungu District communities,Kumbungu District communities,signed
870,Abdul Fuseini,F,Community Health Officer,Kumbungu District communities,Kumbungu District communities,signed
871,Salamatu Wumbei,F,Midwife,Kumbungu District communities,Kumbungu District communities,signed
872,Fuseini Tia,F,Midwife,Kumbungu District communities,Kumbungu District communities,signed
873,Abdul Mahama,F,Community Health Officer,Kumbungu District communities,Kumbungu District communities,signed
874,Fati Yakubu,F,Medical Assistant,Kumbungu District communities,Kumbungu District communities,signed
875,Mariam Seidu,F,Enrolled Nurse,Kumbungu District communities,Kumbungu District communities,signed
876,Iddrisu Seidu,F,Midwife,Kumbungu District communities,Kumbungu District communities,signed
877,Sulemana Iddrisu,F,Midwife,Kumbungu District communities,Kumbungu District communities,signed
878,Yakubu Fuseini,F,Disease Control Officer,Kumbungu District communities,Kumbungu District communities,signed
879,Adiza Iddrisu,F,Community Health Officer,Kumbungu District communities,Kumbungu District communities,signed
880,Abu Wumbei,F,Disease Control Officer,Kumbungu District communities,Kumbungu District communities,signed
881,Yakubu Seidu,F,Enrolled Nurse,Kumbungu District communities,Kumbungu District communities,signed
882,Abu Abdulai,F,Enrolled Nurse,Kumbungu District communities,Kumbungu District communities,signed
883,Rahinatu Wumbei,F,Disease Control Officer,Kumbungu District communities,Kumbungu District communities,signed
884,Salamatu Napari,F,Midwife,Kumbungu District communities,Kumbungu District communities,signed
885,Alhassan Yakubu,F,Enrolled Nurse,Kumbungu District communities,Kumbungu District communities,signed
886,Mariam Wumbei,F,Disease Control Officer,Kumbungu District communities,Kumbungu District communities,signed
887,Salamatu Wumbei,F,Midwife,Kumbungu District communities,Kumbungu District communities,signed
888,Hawa Tia,F,Enrolled Nurse,Kumbungu District communities,Kumbungu District communities,signed
889,Salamatu Mahama,F,Community Health Officer,Kumbungu District communities,Kumbungu District communities,signed
890,Sanatu Yakubu,F,Disease Control Officer,Kumbungu District communities,Kumbungu District communities,signed
891,Yakubu Yakubu,F,Community Health Officer,Kumbungu District communities,Kumbungu District communities,signed
892,Alhassan Abdulai,F,Disease Control Officer,Kumbungu District communities,Kumbungu District communities,signed
893,Issah Alhassan,F,Enrolled Nurse,Kumbungu District communities,Kumbungu District communities,signed
894,Memunatu Tia,F,Community Health Officer,Kumbungu District communities,Kumbungu District communities,signed
895,Memunatu Issahaku,F,Midwife,Kumbungu District communities,Kumbungu District communities,signed
896,Yakubu Alhassan,F,Enrolled Nurse,Kumbungu District communities,Kumbungu District communities,signed
897,Yakubu Issahaku,F,Enrolled Nurse,Kumbungu District communities,Kumbungu District communities,signed
898,Yakubu Seidu,F,Medical Assistant,Kumbungu District communities,Kumbungu District communities,signed
899,Memunatu Wumbei,F,Disease Control Officer,Kumbungu District communities,Kumbungu District communities,signed
900,Abu Issahaku,F,Enrolled Nurse,Kumbungu District communities,Kumbungu District communities,signed
901,Abdul Wumbei,F,Enrolled Nurse,Kumbungu District communities,Kumbungu District communities,signed
902,Adiza Yakubu,F,Enrolled Nurse,Kumbungu District communities,Kumbungu District communities,signed
903,Iddrisu Dauda,F,Disease Control Officer,Kumbungu District communities,Kumbungu District communities,signed
904,Sulemana Dauda,F,Disease Control Officer,Kumbungu District communities,Kumbungu District communities,signed
905,Fati Tia,F,Disease Control Officer,Kumbungu District communities,Kumbungu District communities,signed
906,Hawa Dauda,F,Enrolled Nurse,Kumbungu District communities,Kumbungu District communities,signed
907,Iddrisu Dauda,F,Community Health Officer,Kumbungu District communities,Kumbungu District communities,signed
908,Abdul Abdulai,F,Community Health Officer,Kumbungu District communities,Kumbungu District communities,signed
909,Fuseini Fuseini,F,Disease Control Officer,Kumbungu District communities,Kumbungu District communities,signed
910,Ayishetu Dauda,F,Community Health Officer,Kumbungu District communities,Kumbungu District communities,signed
911,Fati Napari,F,Community Health Officer,Kumbungu District communities,Kumbungu District communities,signed
912,Abdul Fuseini,F,Midwife,Kumbungu District communities,Kumbungu District communities,signed
913,Salamatu Iddrisu,F,Enrolled Nurse,Kumbungu District communities,Kumbungu District communities,signed
914,Fati Tia,F,Medical Assistant,Kumbungu District communities,Kumbungu District communities,signed
915,Mariam Seidu,F,Midwife,Kumbungu District communities,Kumbungu District communities,signed
916,Sulemana Mahama,F,Enrolled Nurse,Kumbungu District communities,Kumbungu District communities,signed
917,Mariam Wumbei,F,Enrolled Nurse,Kumbungu District communities,Kumbungu District communities,signed
918,Abu Dauda,F,Midwife,Kumbungu District communities,Kumbungu District communities,signed
919,Alhassan Iddrisu,F,Enrolled Nurse,Kumbungu District communities,Kumbungu District communities,signed
920,Hawa Yakubu,F,Enrolled Nurse,Kumbungu District communities,Kumbungu District communities,signed
921,Mariam Yakubu,F,Medical Assistant,Kumbungu District communities,Kumbungu District communities,signed
922,Issah Mahama,F,Midwife,Kumbungu District communities,Kumbungu District communities,signed
923,Ayishetu Issahaku,F,Midwife,Kumbungu District communities,Kumbungu District communities,signed
924,Adiza Seidu,F,Disease Control Officer,Kumbungu District communities,Kumbungu District communities,signed
925,Alhassan Tia,F,Community Health Officer,Kumbungu District communities,Kumbungu District communities,signed
926,Salamatu Dauda,F,Disease Control Officer,Kumbungu District communities,Kumbungu District communities,signed
927,Adiza Tia,F,Midwife,Kumbungu District communities,Kumbungu District communities,signed
928,Adiza Tia,F,Medical Assistant,Kumbungu District communities,Kumbungu District communities,signed
929,Mohammed Issahaku,F,Midwife,Kumbungu District communities,Kumbungu District communities,signed
930,Zuweira Yakubu,F,Medical Assistant,Kumbungu District communities,Kumbungu District communities,signed
931,Abdul Issahaku,F,Community Health Officer,Kumbungu District communities,Kumbungu District communities,signed
932,Baba Iddrisu,F,Community Health Officer,Kumbungu District communities,Kumbungu District communities,signed
933,Sulemana Alhassan,F,Medical Assistant,Kumbungu District communities,Kumbungu District communities,signed
934,Abdul Yakubu,F,Medical Assistant,Kumbungu District communities,Kumbungu District communities,signed
935,Yakubu Yakubu,F,Midwife,Kumbungu District communities,Kumbungu District communities,signed
936,Fuseini Wumbei,F,Disease Control Officer,Kumbungu District communities,Kumbungu District communities,signed
937,Hawa Mahama,F,Enrolled Nurse,Kumbungu District communities,Kumbungu District communities,signed
938,Abu Issahaku,F,Disease Control Officer,Kumbungu District communities,Kumbungu District communities,signed
939,Fati Napari,F,Enrolled Nurse,Kumbungu District communities,Kumbungu District communities,signed
940,Iddrisu Seidu,F,Disease Control Officer,Kumbungu District communities,Kumbungu District communities,signed
941,Zuweira Abdulai,F,Midwife,Kumbungu District communities,Kumbungu District communities,signed
942,Zuweira Alhassan,F,Community Health Officer,Kumbungu District communities,Kumbungu District communities,signed
943,Sanatu Napari,F,Enrolled Nurse,Kumbungu District communities,Kumbungu District communities,signed
944,Rahinatu Alhassan,F,Enrolled Nurse,Kumbungu District communities,Kumbungu District communities,signed
945,Iddrisu Yakubu,F,Midwife,Kumbungu District communities,Kumbungu District communities,signed
946,Ayishetu Iddrisu,F,Enrolled Nurse,Kumbungu District communities,Kumbungu District communities,signed
947,Issah Wumbei,F,Medical Assistant,Kumbungu District communities,Kumbungu District communities,signed
948,Yakubu Seidu,F,Enrolled Nurse,Kumbungu District communities,Kumbungu District communities,signed
949,Sulemana Abdulai,F,Disease Control Officer,Kumbungu District communities,Kumbungu District communities,signed
950,Sulemana Fuseini,F,Enrolled Nurse,Kumbungu District communities,Kumbungu District communities,signed
951,Zuweira Seidu,F,Disease Control Officer,Kumbungu District communities,Kumbungu District communities,signed
952,Hawa Napari,F,Community Health Officer,Kumbungu District communities,Kumbungu District communities,signed
953,Issah Wumbei,F,Midwife,Kumbungu District communities,Kumbungu District communities,signed
954,Fuseini Yakubu,F,Enrolled Nurse,Kumbungu District communities,Kumbungu District communities,signed
955,Yakubu Dauda,F,Midwife,Kumbungu District communities,Kumbungu District communities,signed
956,Ayishetu Seidu,F,Enrolled Nurse,Kumbungu District communities,Kumbungu District communities,signed
957,Zuweira Napari,F,Disease Control Officer,Kumbungu District communities,Kumbungu District communities,signed
958,Baba Seidu,F,Medical Assistant,Kumbungu District communities,Kumbungu District communities,signed
959,Mariam Seidu,F,Medical Assistant,Kumbungu District communities,Kumbungu District communities,signed
960,Sanatu Abdulai,F,Community Health Officer,Kumbungu District communities,Kumbungu District communities,signed
961,Abdul Abdulai,F,Medical Assistant,Kumbungu District communities,Kumbungu District communities,signed
962,Fati Issahaku,F,Disease Control Officer,Kumbungu District communities,Kumbungu District communities,signed
963,Zuweira Alhassan,F,Disease Control Officer,Kumbungu District communities,Kumbungu District communities,signed
964,Abdul Abdulai,F,Midwife,Kumbungu District communities,Kumbungu District communities,signed
965,Mariam Napari,F,Enrolled Nurse,Kumbungu District communities,Kumbungu District communities,signed
966,Sanatu Yakubu,F,Enrolled Nurse,Kumbungu District communities,Kumbungu District communities,signed
967,Adiza Seidu,F,Disease Control Officer,Kumbungu District communities,Kumbungu District communities,signed
968,Fuseini Tia,F,Disease Control Officer,Kumbungu District communities,Kumbungu District communities,signed
969,Hawa Yakubu,F,Disease Control Officer,Kumbungu District communities,Kumbungu District communities,signed
970,Salamatu Yakubu,F,Community Health Officer,Kumbungu District communities,Kumbungu District communities,signed
971,Abu Wumbei,F,Community Health Officer,Kumbungu District communities,Kumbungu District communities,signed
972,Yakubu Wumbei,F,Community Health Officer,Kumbungu District communities,Kumbungu District communities,signed
973,Sanatu Alhassan,F,Midwife,Kumbungu District communities,Kumbungu District communities,signed
974,Issah Issahaku,F,Medical Assistant,Kumbungu District communities,Kumbungu District communities,signed
975,Hawa Dauda,F,Medical Assistant,Kumbungu District communities,Kumbungu District communities,signed
976,Memunatu Iddrisu,F,Medical Assistant,Kumbungu District communities,Kumbungu District communities,signed
977,Sanatu Napari,F,Midwife,Kumbungu District communities,Kumbungu District communities,signed
978,Fati Yakubu,F,Medical Assistant,Kumbungu District communities,Kumbungu District communities,signed
979,Baba Seidu,F,Enrolled Nurse,Kumbungu District communities,Kumbungu District communities,signed
980,Mohammed Alhassan,F,Midwife,Kumbungu District communities,Kumbungu District communities,signed
981,Abdul Dauda,F,Community Health Officer,Kumbungu District communities,Kumbungu District communities,signed
982,Iddrisu Fuseini,F,Midwife,Kumbungu District communities,Kumbungu District communities,signed
983,Rahinatu Alhassan,F,Medical Assistant,Kumbungu District communities,Kumbungu District communities,signed
984,Mohammed Wumbei,F,Enrolled Nurse,Kumbungu District communities,Kumbungu District communities,signed
985,Adiza Dauda,F,Disease Control Officer,Kumbungu District communities,Kumbungu District communities,signed
986,Rahinatu Iddrisu,F,Medical Assistant,Kumbungu District communities,Kumbungu District communities,signed
987,Alhassan Napari,F,Enrolled Nurse,Kumbungu District communities,Kumbungu District communities,signed
988,Alhassan Iddrisu,F,Community Health Officer,Kumbungu District communities,Kumbungu District communities,signed
989,Fati Issahaku,F,Disease Control Officer,Kumbungu District communities,Kumbungu District communities,signed
990,Sulemana Fuseini,F,Enrolled Nurse,Kumbungu District communities,Kumbungu District communities,signed
991,Mariam Seidu,F,Disease Control Officer,Kumbungu District communities,Kumbungu District communities,signed
992,Salamatu Alhassan,F,Medical Assistant,Kumbungu District communities,Kumbungu District communities,signed
993,Abdul Seidu,F,Enrolled Nurse,Kumbungu District communities,Kumbungu District communities,signed
994,Mariam Seidu,F,Community Health Officer,Kumbungu District communities,Kumbungu District communities,signed
995,Abdul Napari,F,Midwife,Kumbungu District communities,Kumbungu District communities,signed
996,Fati Dauda,F,Enrolled Nurse,Kumbungu District communities,Kumbungu District communities,signed
997,Abu Abdulai,F,Medical Assistant,Kumbungu District communities,Kumbungu District communities,signed
998,Abdul Wumbei,F,Disease Control Officer,Kumbungu District communities,Kumbungu District communities,signed
999,Alhassan Yakubu,F,Disease Control Officer,Kumbungu District communities,Kumbungu District communities,signed
1000,Abdul Napari,F,Medical Assistant,Kumbungu District communities,Kumbungu District communities,signed
1001,Issah Iddrisu,F,Midwife,Kumbungu District communities,Kumbungu District communities,signed
1002,Salamatu Mahama,F,Midwife,Kumbungu District communities,Kumbungu District communities,signed
1003,Iddrisu Tia,F,Midwife,Kumbungu District communities,Kumbungu District communities,signed
1004,Memunatu Mahama,F,Community Health Officer,Kumbungu District communities,Kumbungu District communities,signed
1005,Salamatu Tia,F,Midwife,Kumbungu District communities,Kumbungu District communities,signed
1006,Zuweira Napari,F,Midwife,Kumbungu District communities,Kumbungu District communities,signed
1007,Adiza Tia,F,Enrolled Nurse,Kumbungu District communities,Kumbungu District communities,signed
1008,Abu Iddrisu,F,Disease Control Officer,Kumbungu District communities,Kumbungu District communities,signed
1009,Abdul Napari,F,Medical Assistant,Kumbungu District communities,Kumbungu District communities,signed
1010,Hawa Dauda,F,Medical Assistant,Kumbungu District communities,Kumbungu District communities,signed
1011,Sanatu Fuseini,F,Midwife,Kumbungu District communities,Kumbungu District communities,signed
1012,Salamatu Iddrisu,F,Midwife,Kumbungu District communities,Kumbungu District communities,signed
1013,Mohammed Fuseini,F,Disease Control Officer,Kumbungu District communities,Kumbungu District communities,signed
1014,Fati Issahaku,F,Midwife,Kumbungu District communities,Kumbungu District communities,signed
1015,Salamatu Tia,F,Midwife,Kumbungu District communities,Kumbungu District communities,signed
1016,Iddrisu Abdulai,F,Disease Control Officer,Kumbungu District communities,Kumbungu District communities,signed
1017,Abu Tia,F,Midwife,Kumbungu District communities,Kumbungu District communities,signed
1018,Mariam Fuseini,F,Medical Assistant,Kumbungu District communities,Kumbungu District communities,signed
1019,Memunatu Wumbei,F,Disease Control Officer,Kumbungu District communities,Kumbungu District communities,signed
1020,Hawa Issahaku,F,Midwife,Kumbungu District communities,Kumbungu District communities,signed
1021,Fati Dauda,F,Community Health Officer,Kumbungu District communities,Kumbungu District communities,signed
1022,Abdul Yakubu,F,Medical Assistant,Kumbungu District communities,Kumbungu District communities,signed
1023,Alhassan Mahama,F,Disease Control Officer,Kumbungu District communities,Kumbungu District communities,signed
1024,Yakubu Fuseini,F,Community Health Officer,Kumbungu District communities,Kumbungu District communities,signed
1025,Abu Alhassan,F,Community Health Officer,Kumbungu District communities,Kumbungu District communities,signed
1026,Ayishetu Napari,F,Disease Control Officer,Kumbungu District communities,Kumbungu District communities,signed
1027,Abdul Issahaku,F,Enrolled Nurse,Kumbungu District communities,Kumbungu District communities,signed
1028,Baba Wumbei,F,Midwife,Kumbungu District communities,Kumbungu District communities,signed
1029,Salamatu Dauda,F,Disease Control Officer,Kumbungu District communities,Kumbungu District communities,signed
1030,Hawa Abdulai,F,Midwife,Kumbungu District communities,Kumbungu District communities,signed
1031,Sanatu Yakubu,F,Medical Assistant,Kumbungu District communities,Kumbungu District communities,signed
1032,Yakubu Seidu,F,Community Health Officer,Kumbungu District communities,Kumbungu District communities,signed
1033,Sulemana Alhassan,F,Community Health Officer,Kumbungu District communities,Kumbungu District communities,signed
1034,Baba Alhassan,F,Medical Assistant,Kumbungu District communities,Kumbungu District communities,signed
1035,Fuseini Iddrisu,F,Enrolled Nurse,Kumbungu District communities,Kumbungu District communities,signed
1036,Zuweira Alhassan,F,Midwife,Kumbungu District communities,Kumbungu District communities,signed
1037,Fati Mahama,F,Medical Assistant,Kumbungu District communities,Kumbungu District communities,signed
1038,Salamatu Mahama,F,Midwife,Kumbungu District communities,Kumbungu District communities,signed
1039,Issah Dauda,F,Midwife,Kumbungu District communities,Kumbungu District communities,signed
1040,Abu Tia,F,Community Health Officer,Kumbungu District communities,Kumbungu District communities,signed
1041,Abu Fuseini,F,Community Health Officer,Kumbungu District communities,Kumbungu District communities,signed
1042,Fati Napari,F,Midwife,Kumbungu District communities,Kumbungu District communities,signed
1043,Fuseini Fuseini,F,Enrolled Nurse,Kumbungu District communities,Kumbungu District communities,signed
1044,Sanatu Abdulai,F,Enrolled Nurse,Kumbungu District communities,Kumbungu District communities,signed
1045,Memunatu Wumbei,F,Medical Assistant,Kumbungu District communities,Kumbungu District communities,signed
1046,Baba Abdulai,F,Disease Control Officer,Kumbungu District communities,Kumbungu District communities,signed
1047,Rahinatu Wumbei,F,Enrolled Nurse,Kumbungu District communities,Kumbungu District communities,signed
1048,Hawa Issahaku,F,Disease Control Officer,Kumbungu District communities,Kumbungu District communities,signed
1049,Mariam Yakubu,F,Enrolled Nurse,Kumbungu District communities,Kumbungu District communities,signed
1050,Memunatu Fuseini,F,Medical Assistant,Kumbungu District communities,Kumbungu District communities,signed
1051,Yakubu Seidu,F,Disease Control Officer,Kumbungu District communities,Kumbungu District communities,signed
1052,Alhassan Dauda,F,Midwife,Kumbungu District communities,Kumbungu District communities,signed
1053,Adiza Tia,F,Medical Assistant,Kumbungu District communities,Kumbungu District communities,signed
1054,Iddrisu Fuseini,F,Enrolled Nurse,Kumbungu District communities,Kumbungu District communities,signed
1055,Adiza Iddrisu,F,Midwife,Kumbungu District communities,Kumbungu District communities,signed
1056,Alhassan Abdulai,F,Midwife,Kumbungu District communities,Kumbungu District communities,signed
1057,Fuseini Alhassan,F,Community Health Officer,Kumbungu District communities,Kumbungu District communities,signed
1058,Yakubu Fuseini,F,Midwife,Kumbungu District communities,Kumbungu District communities,signed
1059,Adiza Yakubu,F,Medical Assistant,Kumbungu District communities,Kumbungu District communities,signed
1060,Abu Seidu,F,Enrolled Nurse,Kumbungu District communities,Kumbungu District communities,signed
1061,Sulemana Napari,F,Enrolled Nurse,Kumbungu District communities,Kumbungu District communities,signed
1062,Adiza Issahaku,F,Community Health Officer,Kumbungu District communities,Kumbungu District communities,signed
1063,Abu Iddrisu,F,Enrolled Nurse,Kumbungu District communities,Kumbungu District communities,signed
1064,Mohammed Issahaku,F,Community Health Officer,Kumbungu District communities,Kumbungu District communities,signed
1065,Abdul Wumbei,F,Disease Control Officer,Kumbungu District communities,Kumbungu District communities,signed
1066,Ayishetu Mahama,F,Medical Assistant,Kumbungu District communities,Kumbungu District communities,signed
1067,Mariam Fuseini,F,Disease Control Officer,Kumbungu District communities,Kumbungu District communities,signed
1068,Yakubu Wumbei,F,Disease Control Officer,Kumbungu District communities,Kumbungu District communities,signed
1069,Adiza Alhassan,F,Community Health Officer,Kumbungu District communities,Kumbungu District communities,signed
1070,Sanatu Fuseini,F,Medical Assistant,Kumbungu District communities,Kumbungu District communities,signed
1071,Zuweira Mahama,F,Community Health Officer,Kumbungu District communities,Kumbungu District communities,signed
1072,Sulemana Alhassan,F,Disease Control Officer,Kumbungu District communities,Kumbungu District communities,signed
1073,Sulemana Tia,F,Medical Assistant,Kumbungu District communities,Kumbungu District communities,signed
1074,Ayishetu Napari,F,Enrolled Nurse,Kumbungu District communities,Kumbungu District communities,signed
1075,Adiza Mahama,F,Medical Assistant,Kumbungu District communities,Kumbungu District communities,signed
1076,Abdul Yakubu,F,Community Health Officer,Kumbungu District communities,Kumbungu District communities,signed
1077,Issah Iddrisu,F,Enrolled Nurse,Kumbungu District communities,Kumbungu District communities,signed
1078,Sulemana Issahaku,F,Disease Control Officer,Kumbungu District communities,Kumbungu District communities,signed
1079,Rahinatu Fuseini,F,Community Health Officer,Kumbungu District communities,Kumbungu District communities,signed
1080,Zuweira Issahaku,F,Midwife,Kumbungu District communities,Kumbungu District communities,signed
1081,Mariam Abdulai,F,Medical Assistant,Kumbungu District communities,Kumbungu District communities,signed
1082,Salamatu Iddrisu,F,Medical Assistant,Kumbungu District communities,Kumbungu District communities,signed
1083,Ayishetu Alhassan,F,Enrolled Nurse,Kumbungu District communities,Kumbungu District communities,signed
1084,Issah Yakubu,F,Community Health Officer,Kumbungu District communities,Kumbungu District communities,signed
1085,Rahinatu Seidu,F,Midwife,Kumbungu District communities,Kumbungu District communities,signed
1086,Yakubu Dauda,F,Disease Control Officer,Kumbungu District communities,Kumbungu District communities,signed
1087,Ayishetu Fuseini,F,Medical Assistant,Kumbungu District communities,Kumbungu District communities,signed
1088,Abdul Seidu,F,Midwife,Kumbungu District communities,Kumbungu District communities,signed
1089,Zuweira Iddrisu,F,Midwife,Kumbungu District communities,Kumbungu District communities,signed
1090,Abu Alhassan,F,Disease Control Officer,Kumbungu District communities,Kumbungu District communities,signed
1091,Fati Seidu,F,Midwife,Kumbungu District communities,Kumbungu District communities,signed
1092,Adiza Iddrisu,F,Midwife,Kumbungu District communities,Kumbungu District communities,signed
1093,Hawa Yakubu,F,Disease Control Officer,Kumbungu District communities,Kumbungu District communities,signed
1094,Abu Dauda,F,Midwife,Kumbungu District communities,Kumbungu District communities,signed
1095,Iddrisu Iddrisu,F,Midwife,Kumbungu District communities,Kumbungu District communities,signed
1096,Hawa Seidu,F,Enrolled Nurse,Kumbungu District communities,Kumbungu District communities,signed
1097,Mohammed Wumbei,F,Midwife,Kumbungu District communities,Kumbungu District communities,signed
1098,Sulemana Mahama,F,Enrolled Nurse,Kumbungu District communities,Kumbungu District communities,signed
1099,Memunatu Dauda,F,Enrolled Nurse,Kumbungu District communities,Kumbungu District communities,signed
1100,Adiza Issahaku,F,Enrolled Nurse,Kumbungu District communities,Kumbungu District communities,signed
1101,Mariam Napari,F,Midwife,Kumbungu District communities,Kumbungu District communities,signed
1102,Alhassan Napari,F,Disease Control Officer,Kumbungu District communities,Kumbungu District communities,signed
1103,Memunatu Iddrisu,F,Enrolled Nurse,Kumbungu District communities,Kumbungu District communities,signed
1104,Memunatu Abdulai,F,Midwife,Kumbungu District communities,Kumbungu District communities,signed
1105,Fuseini Dauda,F,Medical Assistant,Kumbungu District communities,Kumbungu District communities,signed
1106,Mohammed Napari,F,Community Health Officer,Kumbungu District communities,Kumbungu District communities,signed
1107,Yakubu Issahaku,F,Enrolled Nurse,Kumbungu District communities,Kumbungu District communities,signed
1108,Mohammed Yakubu,F,Medical Assistant,Kumbungu District communities,Kumbungu District communities,signed
1109,Fuseini Dauda,F,Medical Assistant,Kumbungu District communities,Kumbungu District communities,signed
1110,Memunatu Iddrisu,F,Enrolled Nurse,Kumbungu District communities,Kumbungu District communities,signed
1111,Alhassan Alhassan,F,Midwife,Kumbungu District communities,Kumbungu District communities,signed
1112,Hawa Mahama,F,Medical Assistant,Kumbungu District communities,Kumbungu District communities,signed
1113,Ayishetu Dauda,F,Enrolled Nurse,Kumbungu District communities,Kumbungu District communities,signed
1114,Rahinatu Mahama,F,Medical Assistant,Kumbungu District communities,Kumbungu District communities,signed
1115,Ayishetu Seidu,F,Enrolled Nurse,Kumbungu District communities,Kumbungu District communities,signed
1116,Adiza Napari,F,Midwife,Kumbungu District communities,Kumbungu District communities,signed
1117,Yakubu Iddrisu,F,Disease Control Officer,Kumbungu District communities,Kumbungu District communities,signed
1118,Baba Fuseini,F,Disease Control Officer,Kumbungu District communities,Kumbungu District communities,signed
1119,Sanatu Dauda,F,Midwife,Kumbungu District communities,Kumbungu District communities,signed
1120,Abu Yakubu,F,Enrolled Nurse,Kumbungu District communities,Kumbungu District communities,signed
1121,Adiza Yakubu,F,Midwife,Kumbungu District communities,Kumbungu District communities,signed
1122,Memunatu Dauda,F,Community Health Officer,Kumbungu District communities,Kumbungu District communities,signed
1123,Fuseini Tia,F,Disease Control Officer,Kumbungu District communities,Kumbungu District communities,signed
1124,Adiza Tia,F,Medical Assistant,Kumbungu District communities,Kumbungu District communities,signed
1125,Baba Seidu,F,Enrolled Nurse,Kumbungu District communities,Kumbungu District communities,signed
1126,Hawa Tia,F,Medical Assistant,Kumbungu District communities,Kumbungu District communities,signed
1127,Baba Tia,F,Disease Control Officer,Kumbungu District communities,Kumbungu District communities,signed
1128,Baba Seidu,F,Disease Control Officer,Kumbungu District communities,Kumbungu District communities,signed
1129,Sulemana Wumbei,F,Community Health Officer,Kumbungu District communities,Kumbungu District communities,signed
1130,Sanatu Iddrisu,F,Midwife,Kumbungu District communities,Kumbungu District communities,signed
1131,Memunatu Tia,F,Community Health Officer,Kumbungu District communities,Kumbungu District communities,signed
1132,Fuseini Iddrisu,F,Enrolled Nurse,Kumbungu District communities,Kumbungu District communities,signed
1133,Ayishetu Issahaku,F,Community Health Officer,Kumbungu District communities,Kumbungu District communities,signed
1134,Baba Seidu,F,Medical Assistant,Kumbungu District communities,Kumbungu District communities,signed
1135,Memunatu Tia,F,Medical Assistant,Kumbungu District communities,Kumbungu District communities,signed
1136,Hawa Napari,F,Disease Control Officer,Kumbungu District communities,Kumbungu District communities,signed
1137,Memunatu Tia,F,Enrolled Nurse,Kumbungu District communities,Kumbungu District communities,signed
1138,Issah Mahama,F,Community Health Officer,Kumbungu District communities,Kumbungu District communities,signed
1139,Issah Tia,F,Disease Control Officer,Kumbungu District communities,Kumbungu District communities,signed
1140,Rahinatu Yakubu,F,Community Health Officer,Kumbungu District communities,Kumbungu District communities,signed
1141,Hawa Tia,F,Community Health Officer,Kumbungu District communities,Kumbungu District communities,signed
1142,Alhassan Issahaku,F,Enrolled Nurse,Kumbungu District communities,Kumbungu District communities,signed
1143,Abu Napari,F,Enrolled Nurse,Kumbungu District communities,Kumbungu District communities,signed
1144,Sanatu Abdulai,F,Disease Control Officer,Kumbungu District communities,Kumbungu District communities,signed
1145,Rahinatu Mahama,F,Disease Control Officer,Kumbungu District communities,Kumbungu District communities,signed
1146,Abu Alhassan,F,Disease Control Officer,Kumbungu District communities,Kumbungu District communities,signed
1147,Alhassan Tia,F,Medical Assistant,Kumbungu District communities,Kumbungu District communities,signed
1148,Rahinatu Yakubu,F,Medical Assistant,Kumbungu District communities,Kumbungu District communities,signed
1149,Issah Seidu,F,Midwife,Kumbungu District communities,Kumbungu District communities,signed
1150,Adiza Seidu,F,Enrolled Nurse,Kumbungu District communities,Kumbungu District communities,signed
1151,Abu Seidu,F,Enrolled Nurse,Kumbungu District communities,Kumbungu District communities,signed
1152,Mohammed Tia,F,Medical Assistant,Kumbungu District communities,Kumbungu District communities,signed
1153,Baba Tia,F,Enrolled Nurse,Kumbungu District communities,Kumbungu District communities,signed
1154,Abu Yakubu,F,Medical Assistant,Kumbungu District communities,Kumbungu District communities,signed
1155,Rahinatu Dauda,F,Community Health Officer,Kumbungu District communities,Kumbungu District communities,signed
1156,Alhassan Alhassan,F,Midwife,Kumbungu District communities,Kumbungu District communities,signed
1157,Abu Dauda,F,Midwife,Kumbungu District communities,Kumbungu District communities,signed
1158,Alhassan Alhassan,F,Midwife,Kumbungu District communities,Kumbungu District communities,signed
1159,Abu Tia,F,Disease Control Officer,Kumbungu District communities,Kumbungu District communities,signed
1160,Rahinatu Iddrisu,F,Midwife,Kumbungu District communities,Kumbungu District communities,signed
1161,Ayishetu Iddrisu,F,Enrolled Nurse,Kumbungu District communities,Kumbungu District communities,signed
1162,Iddrisu Tia,F,Medical Assistant,Kumbungu District communities,Kumbungu District communities,signed
1163,Baba Yakubu,F,Enrolled Nurse,Kumbungu District communities,Kumbungu District communities,signed
1164,Rahinatu Wumbei,F,Medical Assistant,Kumbungu District communities,Kumbungu District communities,signed
1165,Fati Issahaku,F,Midwife,Kumbungu District communities,Kumbungu District communities,signed
1166,Sanatu Iddrisu,F,Medical Assistant,Kumbungu District communities,Kumbungu District communities,signed
1167,Sulemana Wumbei,F,Community Health Officer,Kumbungu District communities,Kumbungu District communities,signed
1168,Ayishetu Issahaku,F,Midwife,Kumbungu District communities,Kumbungu District communities,signed
1169,Sanatu Iddrisu,F,Community Health Officer,Kumbungu District communities,Kumbungu District communities,signed
1170,Mohammed Wumbei,F,Community Health Officer,Kumbungu District communities,Kumbungu District communities,signed
1171,Rahinatu Dauda,F,Disease Control Officer,Kumbungu District communities,Kumbungu District communities,signed
1172,Salamatu Abdulai,F,Community Health Officer,Kumbungu District communities,Kumbungu District communities,signed
1173,Salamatu Yakubu,F,Enrolled Nurse,Kumbungu District communities,Kumbungu District communities,signed
1174,Adiza Issahaku,F,Midwife,Kumbungu District communities,Kumbungu District communities,signed
1175,Sanatu Napari,F,Enrolled Nurse,Kumbungu District communities,Kumbungu District communities,signed
1176,Mariam Issahaku,F,Community Health Officer,Kumbungu District communities,Kumbungu District communities,signed
1177,Abu Abdulai,F,Medical Assistant,Kumbungu District communities,Kumbungu District communities,signed
1178,Ayishetu Fuseini,F,Enrolled Nurse,Kumbungu District communities,Kumbungu District communities,signed
1179,Abu Dauda,F,Community Health Officer,Kumbungu District communities,Kumbungu District communities,signed
1180,Iddrisu Mahama,F,Disease Control Officer,Kumbungu District communities,Kumbungu District communities,signed
1181,Hawa Fuseini,F,Medical Assistant,Kumbungu District communities,Kumbungu District communities,signed
1182,Mariam Yakubu,F,Disease Control Officer,Kumbungu District communities,Kumbungu District communities,signed
1183,Baba Seidu,F,Disease Control Officer,Kumbungu District communities,Kumbungu District communities,signed
1184,Salamatu Abdulai,F,Community Health Officer,Kumbungu District communities,Kumbungu District communities,signed
1185,Fati Wumbei,F,Disease Control Officer,Kumbungu District communities,Kumbungu District communities,signed
1186,Sulemana Mahama,F,Midwife,Kumbungu District communities,Kumbungu District communities,signed
1187,Fati Yakubu,F,Medical Assistant,Kumbungu District communities,Kumbungu District communities,signed
1188,Iddrisu Dauda,F,Midwife,Kumbungu District communities,Kumbungu District communities,signed
1189,Yakubu Issahaku,F,Enrolled Nurse,Kumbungu District communities,Kumbungu District communities,signed
1190,Fuseini Yakubu,F,Medical Assistant,Kumbungu District communities,Kumbungu District communities,signed
1191,Fati Issahaku,F,Midwife,Kumbungu District communities,Kumbungu District communities,signed
1192,Memunatu Alhassan,F,Disease Control Officer,Kumbungu District communities,Kumbungu District communities,signed
1193,Ayishetu Iddrisu,F,Community Health Officer,Kumbungu District communities,Kumbungu District communities,signed
1194,Zuweira Napari,F,Disease Control Officer,Kumbungu District communities,Kumbungu District communities,signed
1195,Rahinatu Fuseini,F,Disease Control Officer,Kumbungu District communities,Kumbungu District communities,signed
1196,Abu Fuseini,F,Medical Assistant,Kumbungu District communities,Kumbungu District communities,signed
1197,Adiza Fuseini,F,Disease Control Officer,Kumbungu District communities,Kumbungu District communities,signed
1198,Mariam Dauda,F,Community Health Officer,Kumbungu District communities,Kumbungu District communities,signed
1199,Issah Napari,F,Enrolled Nurse,Kumbungu District communities,Kumbungu District communities,signed
1200,Mariam Abdulai,F,Disease Control Officer,Kumbungu District communities,Kumbungu District communities,signed
1201,Fuseini Seidu,F,Community Health Officer,Kumbungu District communities,Kumbungu District communities,signed
1202,Fuseini Napari,F,Community Health Officer,Kumbungu District communities,Kumbungu District communities,signed
1203,Hawa Tia,F,Midwife,Kumbungu District communities,Kumbungu District communities,signed
1204,Abdul Mahama,F,Disease Control Officer,Kumbungu District communities,Kumbungu District communities,signed
1205,Abdul Dauda,F,Disease Control Officer,Kumbungu District communities,Kumbungu District communities,signed
1206,Adiza Mahama,F,Disease Control Officer,Kumbungu District communities,Kumbungu District communities,signed
1207,Sanatu Mahama,F,Enrolled Nurse,Kumbungu District communities,Kumbungu District communities,signed
1208,Fati Seidu,F,Disease Control Officer,Kumbungu District communities,Kumbungu District communities,signed
1209,Hawa Mahama,F,Midwife,Kumbungu District communities,Kumbungu District communities,signed
1210,Rahinatu Yakubu,F,Disease Control Officer,Kumbungu District communities,Kumbungu District communities,signed
1211,Ayishetu Issahaku,F,Enrolled Nurse,Kumbungu District communities,Kumbungu District communities,signed
1212,Abdul Iddrisu,F,Midwife,Kumbungu District communities,Kumbungu District communities,signed
1213,Baba Wumbei,F,Midwife,Kumbungu District communities,Kumbungu District communities,signed
1214,Sanatu Iddrisu,F,Community Health Officer,Kumbungu District communities,Kumbungu District communities,signed
1215,Mariam Fuseini,F,Midwife,Kumbungu District communities,Kumbungu District communities,signed
1216,Rahinatu Mahama,F,Midwife,Kumbungu District communities,Kumbungu District communities,signed
1217,Baba Napari,F,Medical Assistant,Kumbungu District communities,Kumbungu District communities,signed
1218,Iddrisu Tia,F,Community Health Officer,Kumbungu District communities,Kumbungu District communities,signed
1219,Yakubu Tia,F,Midwife,Kumbungu District communities,Kumbungu District communities,signed
1220,Issah Dauda,F,Midwife,Kumbungu District communities,Kumbungu District communities,signed
1221,Salamatu Fuseini,F,Midwife,Kumbungu District communities,Kumbungu District communities,signed
1222,Fati Alhassan,F,Medical Assistant,Kumbungu District communities,Kumbungu District communities,signed
1223,Fati Issahaku,F,Community Health Officer,Kumbungu District communities,Kumbungu District communities,signed
1224,Sanatu Alhassan,F,Enrolled Nurse,Kumbungu District communities,Kumbungu District communities,signed
1225,Hawa Seidu,F,Enrolled Nurse,Kumbungu District communities,Kumbungu District communities,signed
1226,Salamatu Issahaku,F,Disease Control Officer,Kumbungu District communities,Kumbungu District communities,signed
1227,Sanatu Napari,F,Disease Control Officer,Kumbungu District communities,Kumbungu District communities,signed
1228,Rahinatu Alhassan,F,Enrolled Nurse,Kumbungu District communities,Kumbungu District communities,signed
1229,Ayishetu Napari,F,Community Health Officer,Kumbungu District communities,Kumbungu District communities,signed
1230,Mohammed Fuseini,F,Community Health Officer,Kumbungu District communities,Kumbungu District communities,signed
1231,Sulemana Wumbei,F,Enrolled Nurse,Kumbungu District communities,Kumbungu District communities,signed
1232,Rahinatu Yakubu,F,Midwife,Kumbungu District communities,Kumbungu District communities,signed
1233,Ayishetu Alhassan,F,Enrolled Nurse,Kumbungu District communities,Kumbungu District communities,signed
1234,Memunatu Tia,F,Midwife,Kumbungu District communities,Kumbungu District communities,signed
1235,Hawa Wumbei,F,Disease Control Officer,Kumbungu District communities,Kumbungu District communities,signed
1236,Rahinatu Alhassan,F,Disease Control Officer,Kumbungu District communities,Kumbungu District communities,signed
1237,Mariam Napari,F,Medical Assistant,Kumbungu District communities,Kumbungu District communities,signed
1238,Yakubu Alhassan,F,Midwife,Kumbungu District communities,Kumbungu District communities,signed
1239,Baba Napari,F,Community Health Officer,Kumbungu District communities,Kumbungu District communities,signed
1240,Baba Tia,F,Community Health Officer,Kumbungu District communities,Kumbungu District communities,signed
1241,Mariam Napari,F,Midwife,Kumbungu District communities,Kumbungu District communities,signed
1242,Ayishetu Iddrisu,F,Medical Assistant,Kumbungu District communities,Kumbungu District communities,signed
1243,Yakubu Wumbei,F,Disease Control Officer,Kumbungu District communities,Kumbungu District communities,signed
1244,Salamatu Iddrisu,F,Enrolled Nurse,Kumbungu District communities,Kumbungu District communities,signed
1245,Sanatu Mahama,F,Midwife,Kumbungu District communities,Kumbungu District communities,signed
1246,Sanatu Yakubu,F,Disease Control Officer,Kumbungu District communities,Kumbungu District communities,signed
1247,Hawa Napari,F,Midwife,Kumbungu District communities,Kumbungu District communities,signed
1248,Salamatu Mahama,F,Medical Assistant,Kumbungu District communities,Kumbungu District communities,signed
1249,Mohammed Seidu,F,Enrolled Nurse,Kumbungu District communities,Kumbungu District communities,signed
1250,Alhassan Issahaku,F,Midwife,Kumbungu District communities,Kumbungu District communities,signed
1251,Sanatu Abdulai,F,Disease Control Officer,Kumbungu District communities,Kumbungu District communities,signed
1252,Issah Tia,F,Midwife,Kumbungu District communities,Kumbungu District communities,signed
1253,Issah Napari,F,Enrolled Nurse,Kumbungu District communities,Kumbungu District communities,signed
1254,Abu Issahaku,F,Midwife,Kumbungu District communities,Kumbungu District communities,signed
1255,Baba Yakubu,F,Community Health Officer,Kumbungu District communities,Kumbungu District communities,signed
1256,Abdul Tia,F,Medical Assistant,Kumbungu District communities,Kumbungu District communities,signed
1257,Fati Alhassan,F,Medical Assistant,Kumbungu District communities,Kumbungu District communities,signed
1258,Sanatu Wumbei,F,Enrolled Nurse,Kumbungu District communities,Kumbungu District communities,signed
1259,Sanatu Wumbei,F,Enrolled Nurse,Kumbungu District communities,Kumbungu District communities,signed
1260,Mohammed Yakubu,F,Enrolled Nurse,Kumbungu District communities,Kumbungu District communities,signed
1261,Salamatu Napari,F,Medical Assistant,Kumbungu District communities,Kumbungu District communities,signed
1262,Sanatu Fuseini,F,Medical Assistant,Kumbungu District communities,Kumbungu District communities,signed
1263,Issah Issahaku,F,Enrolled Nurse,Kumbungu District communities,Kumbungu District communities,signed
1264,Iddrisu Mahama,F,Community Health Officer,Kumbungu District communities,Kumbungu District communities,signed
1265,Mariam Fuseini,F,Community Health Officer,Kumbungu District communities,Kumbungu District communities,signed
1266,Issah Napari,F,Midwife,Kumbungu District communities,Kumbungu District communities,signed
1267,Hawa Alhassan,F,Enrolled Nurse,Kumbungu District communities,Kumbungu District communities,signed
1268,Iddrisu Yakubu,F,Enrolled Nurse,Kumbungu District communities,Kumbungu District communities,signed
1269,Yakubu Fuseini,F,Medical Assistant,Kumbungu District communities,Kumbungu District communities,signed
1270,Ayishetu Tia,F,Medical Assistant,Kumbungu District communities,Kumbungu District communities,signed
1271,Hawa Iddrisu,F,Disease Control Officer,Kumbungu District communities,Kumbungu District communities,signed
1272,Adiza Alhassan,F,Disease Control Officer,Kumbungu District communities,Kumbungu District communities,signed
1273,Hawa Mahama,F,Community Health Officer,Kumbungu District communities,Kumbungu District communities,signed
1274,Hawa Yakubu,F,Medical Assistant,Kumbungu District communities,Kumbungu District communities,signed
1275,Mohammed Alhassan,F,Enrolled Nurse,Kumbungu District communities,Kumbungu District communities,signed
1276,Baba Wumbei,F,Midwife,Kumbungu District communities,Kumbungu District communities,signed
1277,Zuweira Napari,F,Midwife,Kumbungu District communities,Kumbungu District communities,signed
1278,Memunatu Alhassan,F,Community Health Officer,Kumbungu District communities,Kumbungu District communities,signed
1279,Fati Tia,F,Community Health Officer,Kumbungu District communities,Kumbungu District communities,signed
1280,Adiza Seidu,F,Community Health Officer,Kumbungu District communities,Kumbungu District communities,signed
1281,Salamatu Iddrisu,F,Enrolled Nurse,Kumbungu District communities,Kumbungu District communities,signed
1282,Memunatu Dauda,F,Disease Control Officer,Kumbungu District communities,Kumbungu District communities,signed
1283,Yakubu Fuseini,F,Midwife,Kumbungu District communities,Kumbungu District communities,signed
1284,Abu Mahama,F,Enrolled Nurse,Kumbungu District communities,Kumbungu District communities,signed
1285,Baba Abdulai,F,Medical Assistant,Kumbungu District communities,Kumbungu District communities,signed
1286,Fati Dauda,F,Enrolled Nurse,Kumbungu District communities,Kumbungu District communities,signed
1287,Yakubu Napari,F,Enrolled Nurse,Kumbungu District communities,Kumbungu District communities,signed
1288,Adiza Tia,F,Disease Control Officer,Kumbungu District communities,Kumbungu District communities,signed
1289,Yakubu Fuseini,F,Disease Control Officer,Kumbungu District communities,Kumbungu District communities,signed
1290,Memunatu Tia,F,Disease Control Officer,Kumbungu District communities,Kumbungu District communities,signed
1291,Hawa Seidu,F,Enrolled Nurse,Kumbungu District communities,Kumbungu District communities,signed
1292,Ayishetu Alhassan,F,Disease Control Officer,Kumbungu District communities,Kumbungu District communities,signed
1293,Yakubu Wumbei,F,Disease Control Officer,Kumbungu District communities,Kumbungu District communities,signed
1294,Sanatu Fuseini,F,Disease Control Officer,Kumbungu District communities,Kumbungu District communities,signed
1295,Alhassan Mahama,F,Community Health Officer,Kumbungu District communities,Kumbungu District communities,signed
1296,Memunatu Mahama,F,Midwife,Kumbungu District communities,Kumbungu District communities,signed
1297,Salamatu Issahaku,F,Community Health Officer,Kumbungu District communities,Kumbungu District communities,signed
1298,Adiza Abdulai,F,Midwife,Kumbungu District communities,Kumbungu District communities,signed
1299,Ayishetu Wumbei,F,Community Health Officer,Kumbungu District communities,Kumbungu District communities,signed
1300,Fuseini Yakubu,F,Disease Control Officer,Kumbungu District communities,Kumbungu District communities,signed
1301,Sanatu Seidu,F,Community Health Officer,Kumbungu District communities,Kumbungu District communities,signed
1302,Iddrisu Wumbei,F,Disease Control Officer,Kumbungu District communities,Kumbungu District communities,signed
1303,Memunatu Fuseini,F,Community Health Officer,Kumbungu District communities,Kumbungu District communities,signed
1304,Salamatu Issahaku,F,Medical Assistant,Kumbungu District communities,Kumbungu District communities,signed
1305,Iddrisu Mahama,F,Enrolled Nurse,Kumbungu District communities,Kumbungu District communities,signed
1306,Issah Napari,F,Medical Assistant,Kumbungu District communities,Kumbungu District communities,signed
1307,Issah Tia,F,Disease Control Officer,Kumbungu District communities,Kumbungu District communities,signed
1308,Yakubu Tia,F,Enrolled Nurse,Kumbungu District communities,Kumbungu District communities,signed
1309,Ayishetu Iddrisu,F,Enrolled Nurse,Kumbungu District communities,Kumbungu District communities,signed
1310,Sanatu Seidu,F,Enrolled Nurse,Kumbungu District communities,Kumbungu District communities,signed
1311,Iddrisu Iddrisu,F,Disease Control Officer,Kumbungu District communities,Kumbungu District communities,signed
1312,Salamatu Mahama,F,Disease Control Officer,Kumbungu District communities,Kumbungu District communities,signed
1313,Alhassan Tia,F,Disease Control Officer,Kumbungu District communities,Kumbungu District communities,signed
1314,Alhassan Tia,F,Enrolled Nurse,Kumbungu District communities,Kumbungu District communities,signed
1315,Ayishetu Tia,F,Disease Control Officer,Kumbungu District communities,Kumbungu District communities,signed
1316,Ayishetu Tia,F,Enrolled Nurse,Kumbungu District communities,Kumbungu District communities,signed
1317,Mohammed Mahama,F,Midwife,Kumbungu District communities,Kumbungu District communities,signed
1318,Ayishetu Mahama,F,Community Health Officer,Kumbungu District communities,Kumbungu District communities,signed
1319,Hawa Yakubu,F,Enrolled Nurse,Kumbungu District communities,Kumbungu District communities,signed
1320,Ayishetu Issahaku,F,Midwife,Kumbungu District communities,Kumbungu District communities,signed
1321,Sanatu Issahaku,F,Midwife,Kumbungu District communities,Kumbungu District communities,signed
1322,Ayishetu Alhassan,F,Medical Assistant,Kumbungu District communities,Kumbungu District communities,signed
1323,Zuweira Abdulai,F,Midwife,Kumbungu District communities,Kumbungu District communities,signed
1324,Baba Mahama,F,Community Health Officer,Kumbungu District communities,Kumbungu District communities,signed
1325,Ayishetu Abdulai,F,Midwife,Kumbungu District communities,Kumbungu District communities,signed
1326,Abu Tia,F,Medical Assistant,Kumbungu District communities,Kumbungu District communities,signed
1327,Sanatu Mahama,F,Community Health Officer,Kumbungu District communities,Kumbungu District communities,signed
1328,Issah Alhassan,F,Community Health Officer,Kumbungu District communities,Kumbungu District communities,signed
1329,Memunatu Fuseini,F,Disease Control Officer,Kumbungu District communities,Kumbungu District communities,signed
1330,Salamatu Napari,F,Medical Assistant,Kumbungu District communities,Kumbungu District communities,signed
1331,Sulemana Issahaku,F,Community Health Officer,Kumbungu District communities,Kumbungu District communities,signed
1332,Iddrisu Fuseini,F,Community Health Officer,Kumbungu District communities,Kumbungu District communities,signed
1333,Fuseini Yakubu,F,Medical Assistant,Kumbungu District communities,Kumbungu District communities,signed
1334,Sanatu Issahaku,F,Enrolled Nurse,Kumbungu District communities,Kumbungu District communities,signed
1335,Zuweira Fuseini,F,Community Health Officer,Kumbungu District communities,Kumbungu District communities,signed
1336,Mohammed Iddrisu,F,Disease Control Officer,Kumbungu District communities,Kumbungu District communities,signed
1337,Adiza Fuseini,F,Enrolled Nurse,Kumbungu District communities,Kumbungu District communities,signed
1338,Memunatu Tia,F,Medical Assistant,Kumbungu District communities,Kumbungu District communities,signed
1339,Iddrisu Iddrisu,F,Community Health Officer,Kumbungu District communities,Kumbungu District communities,signed
1340,Fuseini Napari,F,Midwife,Kumbungu District communities,Kumbungu District communities,signed
1341,Adiza Wumbei,F,Medical Assistant,Kumbungu District communities,Kumbungu District communities,signed
1342,Yakubu Issahaku,F,Midwife,Kumbungu District communities,Kumbungu District communities,signed
1343,Issah Seidu,F,Midwife,Kumbungu District communities,Kumbungu District communities,signed
1344,Baba Wumbei,F,Medical Assistant,Kumbungu District communities,Kumbungu District communities,signed
1345,Zuweira Dauda,F,Midwife,Kumbungu District communities,Kumbungu District communities,signed
1346,Mariam Wumbei,F,Midwife,Kumbungu District communities,Kumbungu District communities,signed
1347,Alhassan Mahama,F,Disease Control Officer,Kumbungu District communities,Kumbungu District communities,signed
1348,Yakubu Yakubu,F,Disease Control Officer,Kumbungu District communities,Kumbungu District communities,signed
1349,Alhassan Tia,F,Enrolled Nurse,Kumbungu District communities,Kumbungu District communities,signed
1350,Iddrisu Tia,F,Community Health Officer,Kumbungu District communities,Kumbungu District communities,signed
1351,Salamatu Seidu,F,Enrolled Nurse,Kumbungu District communities,Kumbungu District communities,signed
1352,Alhassan Napari,F,Medical Assistant,Kumbungu District communities,Kumbungu District communities,signed
1353,Abdul Napari,F,Medical Assistant,Kumbungu District communities,Kumbungu District communities,signed
1354,Zuweira Abdulai,F,Medical Assistant,Kumbungu District communities,Kumbungu District communities,signed
1355,Memunatu Napari,F,Enrolled Nurse,Kumbungu District communities,Kumbungu District communities,signed
1356,Issah Dauda,F,Midwife,Kumbungu District communities,Kumbungu District communities,signed
1357,Abdul Issahaku,F,Enrolled Nurse,Kumbungu District communities,Kumbungu District communities,signed
1358,Rahinatu Mahama,F,Disease Control Officer,Kumbungu District communities,Kumbungu District communities,signed
1359,Abu Alhassan,F,Community Health Officer,Kumbungu District communities,Kumbungu District communities,signed
1360,Mariam Fuseini,F,Enrolled Nurse,Kumbungu District communities,Kumbungu District communities,signed
1361,Issah Alhassan,F,Community Health Officer,Kumbungu District communities,Kumbungu District communities,signed
1362,Issah Tia,F,Disease Control Officer,Kumbungu District communities,Kumbungu District communities,signed
1363,Sanatu Mahama,F,Midwife,Kumbungu District communities,Kumbungu District communities,signed
1364,Yakubu Alhassan,F,Medical Assistant,Kumbungu District communities,Kumbungu District communities,signed
1365,Memunatu Napari,F,Community Health Officer,Kumbungu District communities,Kumbungu District communities,signed
1366,Yakubu Fuseini,F,Enrolled Nurse,Kumbungu District communities,Kumbungu District communities,signed
1367,Baba Tia,F,Community Health Officer,Kumbungu District communities,Kumbungu District communities,signed
1368,Baba Seidu,F,Medical Assistant,Kumbungu District communities,Kumbungu District communities,signed
1369,Abdul Dauda,F,Medical Assistant,Kumbungu District communities,Kumbungu District communities,signed
1370,Yakubu Mahama,F,Enrolled Nurse,Kumbungu District communities,Kumbungu District communities,signed
1371,Fuseini Seidu,F,Disease Control Officer,Kumbungu District communities,Kumbungu District communities,signed
1372,Ayishetu Abdulai,F,Community Health Officer,Kumbungu District communities,Kumbungu District communities,signed
1373,Fuseini Alhassan,F,Medical Assistant,Kumbungu District communities,Kumbungu District communities,signed
1374,Mohammed Fuseini,F,Enrolled Nurse,Kumbungu District communities,Kumbungu District communities,signed
1375,Salamatu Mahama,F,Disease Control Officer,Kumbungu District communities,Kumbungu District communities,signed
1376,Alhassan Alhassan,F,Midwife,Kumbungu District communities,Kumbungu District communities,signed
1377,Rahinatu Fuseini,F,Enrolled Nurse,Kumbungu District communities,Kumbungu District communities,signed
1378,Zuweira Mahama,F,Midwife,Kumbungu District communities,Kumbungu District communities,signed
1379,Alhassan Seidu,F,Enrolled Nurse,Kumbungu District communities,Kumbungu District communities,signed
1380,Memunatu Dauda,F,Medical Assistant,Kumbungu District communities,Kumbungu District communities,signed
1381,Memunatu Tia,F,Midwife,Kumbungu District communities,Kumbungu District communities,signed
1382,Hawa Iddrisu,F,Disease Control Officer,Kumbungu District communities,Kumbungu District communities,signed
1383,Salamatu Iddrisu,F,Disease Control Officer,Kumbungu District communities,Kumbungu District communities,signed
1384,Abdul Issahaku,F,Community Health Officer,Kumbungu District communities,Kumbungu District communities,signed
1385,Abdul Wumbei,F,Medical Assistant,Kumbungu District communities,Kumbungu District communities,signed
1386,Rahinatu Abdulai,F,Community Health Officer,Kumbungu District communities,Kumbungu District communities,signed
1387,Alhassan Alhassan,F,Medical Assistant,Kumbungu District communities,Kumbungu District communities,signed
1388,Issah Alhassan,F,Midwife,Kumbungu District communities,Kumbungu District communities,signed
1389,Fuseini Tia,F,Medical Assistant,Kumbungu District communities,Kumbungu District communities,signed
1390,Adiza Yakubu,F,Enrolled Nurse,Kumbungu District communities,Kumbungu District communities,signed
1391,Adiza Iddrisu,F,Enrolled Nurse,Kumbungu District communities,Kumbungu District communities,signed
1392,Adiza Abdulai,F,Community Health Officer,Kumbungu District communities,Kumbungu District communities,signed
1393,Sanatu Mahama,F,Community Health Officer,Kumbungu District communities,Kumbungu District communities,signed
1394,Issah Fuseini,F,Enrolled Nurse,Kumbungu District communities,Kumbungu District communities,signed
1395,Issah Fuseini,F,Disease Control Officer,Kumbungu District communities,Kumbungu District communities,signed
1396,Sanatu Wumbei,F,Midwife,Kumbungu District communities,Kumbungu District communities,signed
1397,Fati Tia,F,Medical Assistant,Kumbungu District communities,Kumbungu District communities,signed
1398,Rahinatu Fuseini,F,Medical Assistant,Kumbungu District communities,Kumbungu District communities,signed
1399,Alhassan Yakubu,F,Midwife,Kumbungu District communities,Kumbungu District communities,signed
1400,Sulemana Seidu,F,Disease Control Officer,Kumbungu District communities,Kumbungu District communities,signed
1401,Fuseini Issahaku,F,Enrolled Nurse,Kumbungu District communities,Kumbungu District communities,signed
1402,Zuweira Mahama,F,Community Health Officer,Kumbungu District communities,Kumbungu District communities,signed
1403,Fati Tia,F,Medical Assistant,Kumbungu District communities,Kumbungu District communities,signed
1404,Sulemana Alhassan,F,Midwife,Kumbungu District communities,Kumbungu District communities,signed
1405,Zuweira Alhassan,F,Enrolled Nurse,Kumbungu District communities,Kumbungu District communities,signed
1406,Yakubu Mahama,F,Disease Control Officer,Kumbungu District communities,Kumbungu District communities,signed
1407,Hawa Alhassan,F,Enrolled Nurse,Kumbungu District communities,Kumbungu District communities,signed
1408,Iddrisu Seidu,F,Disease Control Officer,Kumbungu District communities,Kumbungu District communities,signed
1409,Mariam Issahaku,F,Disease Control Officer,Kumbungu District communities,Kumbungu District communities,signed
1410,Mariam Dauda,F,Enrolled Nurse,Kumbungu District communities,Kumbungu District communities,signed
1411,Ayishetu Abdulai,F,Disease Control Officer,Kumbungu District communities,Kumbungu District communities,signed
1412,Ayishetu Wumbei,F,Disease Control Officer,Kumbungu District communities,Kumbungu District communities,signed
1413,Sanatu Fuseini,F,Medical Assistant,Kumbungu District communities,Kumbungu District communities,signed
1414,Iddrisu Wumbei,F,Disease Control Officer,Kumbungu District communities,Kumbungu District communities,signed
1415,Abu Seidu,F,Disease Control Officer,Kumbungu District communities,Kumbungu District communities,signed
1416,Issah Fuseini,F,Midwife,Kumbungu District communities,Kumbungu District communities,signed
1417,Memunatu Dauda,F,Midwife,Kumbungu District communities,Kumbungu District communities,signed
1418,Abdul Issahaku,F,Disease Control Officer,Kumbungu District communities,Kumbungu District communities,signed
1419,Fati Dauda,F,Midwife,Kumbungu District communities,Kumbungu District communities,signed
1420,Memunatu Dauda,F,Medical Assistant,Kumbungu District communities,Kumbungu District communities,signed
1421,Mohammed Wumbei,F,Medical Assistant,Kumbungu District communities,Kumbungu District communities,signed
1422,Hawa Napari,F,Disease Control Officer,Kumbungu District communities,Kumbungu District communities,signed
1423,Abu Mahama,F,Enrolled Nurse,Kumbungu District communities,Kumbungu District communities,signed
1424,Yakubu Abdulai,F,Medical Assistant,Kumbungu District communities,Kumbungu District communities,signed
1425,Abdul Yakubu,F,Disease Control Officer,Kumbungu District communities,Kumbungu District communities,signed
1426,Rahinatu Napari,F,Community Health Officer,Kumbungu District communities,Kumbungu District communities,signed
1427,Alhassan Tia,F,Disease Control Officer,Kumbungu District communities,Kumbungu District communities,signed
1428,Salamatu Dauda,F,Disease Control Officer,Kumbungu District communities,Kumbungu District communities,signed
1429,Abu Abdulai,F,Medical Assistant,Kumbungu District communities,Kumbungu District communities,signed
1430,Sanatu Dauda,F,Enrolled Nurse,Kumbungu District communities,Kumbungu District communities,signed
1431,Sulemana Alhassan,F,Disease Control Officer,Kumbungu District communities,Kumbungu District communities,signed
1432,Iddrisu Seidu,F,Disease Control Officer,Kumbungu District communities,Kumbungu District communities,signed
1433,Rahinatu Dauda,F,Community Health Officer,Kumbungu District communities,Kumbungu District communities,signed
1434,Rahinatu Iddrisu,F,Community Health Officer,Kumbungu District communities,Kumbungu District communities,signed
1435,Baba Fuseini,F,Medical Assistant,Kumbungu District communities,Kumbungu District communities,signed
1436,Zuweira Fuseini,F,Enrolled Nurse,Kumbungu District communities,Kumbungu District communities,signed
1437,Memunatu Napari,F,Enrolled Nurse,Kumbungu District communities,Kumbungu District communities,signed
1438,Baba Seidu,F,Disease Control Officer,Kumbungu District communities,Kumbungu District communities,signed
1439,Iddrisu Tia,F,Enrolled Nurse,Kumbungu District communities,Kumbungu District communities,signed
1440,Issah Seidu,F,Community Health Officer,Kumbungu District communities,Kumbungu District communities,signed
1441,Sulemana Napari,F,Enrolled Nurse,Kumbungu District communities,Kumbungu District communities,signed
1442,Adiza Issahaku,F,Medical Assistant,Kumbungu District communities,Kumbungu District communities,signed
1443,Baba Abdulai,F,Community Health Officer,Kumbungu District communities,Kumbungu District communities,signed
1444,Memunatu Alhassan,F,Disease Control Officer,Kumbungu District communities,Kumbungu District communities,signed
1445,Zuweira Issahaku,F,Midwife,Kumbungu District communities,Kumbungu District communities,signed
1446,Salamatu Yakubu,F,Disease Control Officer,Kumbungu District communities,Kumbungu District communities,signed
1447,Adiza Abdulai,F,Enrolled Nurse,Kumbungu District communities,Kumbungu District communities,signed
1448,Baba Seidu,F,Midwife,Kumbungu District communities,Kumbungu District communities,signed
1449,Rahinatu Napari,F,Community Health Officer,Kumbungu District communities,Kumbungu District communities,signed
1450,Yakubu Dauda,F,Disease Control Officer,Kumbungu District communities,Kumbungu District communities,signed
1451,Salamatu Alhassan,F,Medical Assistant,Kumbungu District communities,Kumbungu District communities,signed
1452,Fati Iddrisu,F,Midwife,Kumbungu District communities,Kumbungu District communities,signed
1453,Zuweira Abdulai,F,Disease Control Officer,Kumbungu District communities,Kumbungu District communities,signed
1454,Baba Iddrisu,F,Medical Assistant,Kumbungu District communities,Kumbungu District communities,signed
1455,Fuseini Dauda,F,Midwife,Kumbungu District communities,Kumbungu District communities,signed
1456,Salamatu Fuseini,F,Disease Control Officer,Kumbungu District communities,Kumbungu District communities,signed
1457,Memunatu Yakubu,F,Medical Assistant,Kumbungu District communities,Kumbungu District communities,signed
1458,Fati Abdulai,F,Midwife,Kumbungu District communities,Kumbungu District communities,signed
1459,Memunatu Iddrisu,F,Medical Assistant,Kumbungu District communities,Kumbungu District communities,signed
1460,Rahinatu Mahama,F,Midwife,Kumbungu District communities,Kumbungu District communities,signed
1461,Mohammed Alhassan,F,Midwife,Kumbungu District communities,Kumbungu District communities,signed
1462,Zuweira Alhassan,F,Disease Control Officer,Kumbungu District communities,Kumbungu District communities,signed
1463,Sulemana Mahama,F,Medical Assistant,Kumbungu District communities,Kumbungu District communities,signed
1464,Baba Wumbei,F,Community Health Officer,Kumbungu District communities,Kumbungu District communities,signed
1465,Memunatu Seidu,F,Enrolled Nurse,Kumbungu District communities,Kumbungu District communities,signed
1466,Fuseini Wumbei,F,Medical Assistant,Kumbungu District communities,Kumbungu District communities,signed
1467,Yakubu Fuseini,F,Medical Assistant,Kumbungu District communities,Kumbungu District communities,signed
1468,Abu Issahaku,F,Medical Assistant,Kumbungu District communities,Kumbungu District communities,signed
1469,Sulemana Alhassan,F,Disease Control Officer,Kumbungu District communities,Kumbungu District communities,signed
1470,Baba Iddrisu,F,Community Health Officer,Kumbungu District communities,Kumbungu District communities,signed
1471,Hawa Dauda,F,Midwife,Kumbungu District communities,Kumbungu District communities,signed
1472,Hawa Issahaku,F,Disease Control Officer,Kumbungu District communities,Kumbungu District communities,signed
1473,Alhassan Iddrisu,F,Disease Control Officer,Kumbungu District communities,Kumbungu District communities,signed
1474,Issah Yakubu,F,Enrolled Nurse,Kumbungu District communities,Kumbungu District communities,signed
1475,Zuweira Alhassan,F,Medical Assistant,Kumbungu District communities,Kumbungu District communities,signed
1476,Sanatu Yakubu,F,Medical Assistant,Kumbungu District communities,Kumbungu District communities,signed
1477,Rahinatu Dauda,F,Community Health Officer,Kumbungu District communities,Kumbungu District communities,signed
1478,Fati Wumbei,F,Medical Assistant,Kumbungu District communities,Kumbungu District communities,signed
1479,Fuseini Issahaku,F,Community Health Officer,Kumbungu District communities,Kumbungu District communities,signed
1480,Baba Mahama,F,Disease Control Officer,Kumbungu District communities,Kumbungu District communities,signed
1481,Abdul Fuseini,F,Enrolled Nurse,Kumbungu District communities,Kumbungu District communities,signed
1482,Sulemana Issahaku,F,Community Health Officer,Kumbungu District communities,Kumbungu District communities,signed
1483,Iddrisu Issahaku,F,Medical Assistant,Kumbungu District communities,Kumbungu District communities,signed
1484,Zuweira Yakubu,F,Midwife,Kumbungu District communities,Kumbungu District communities,signed
1485,Fati Iddrisu,F,Medical Assistant,Kumbungu District communities,Kumbungu District communities,signed
1486,Zuweira Mahama,F,Community Health Officer,Kumbungu District communities,Kumbungu District communities,signed
1487,Mariam Yakubu,F,Community Health Officer,Kumbungu District communities,Kumbungu District communities,signed
1488,Abu Alhassan,F,Midwife,Kumbungu District communities,Kumbungu District communities,signed
1489,Salamatu Issahaku,F,Enrolled Nurse,Kumbungu District communities,Kumbungu District communities,signed
1490,Sanatu Alhassan,F,Enrolled Nurse,Kumbungu District communities,Kumbungu District communities,signed
1491,Issah Napari,F,Community Health Officer,Kumbungu District communities,Kumbungu District communities,signed
1492,Zuweira Mahama,F,Disease Control Officer,Kumbungu District communities,Kumbungu District communities,signed
1493,Baba Napari,F,Enrolled Nurse,Kumbungu District communities,Kumbungu District communities,signed
1494,Salamatu Dauda,F,Disease Control Officer,Kumbungu District communities,Kumbungu District communities,signed
1495,Sanatu Tia,F,Disease Control Officer,Kumbungu District communities,Kumbungu District communities,signed
1496,Yakubu Dauda,F,Community Health Officer,Kumbungu District communities,Kumbungu District communities,signed
1497,Sanatu Wumbei,F,Community Health Officer,Kumbungu District communities,Kumbungu District communities,signed
1498,Iddrisu Mahama,F,Medical Assistant,Kumbungu District communities,Kumbungu District communities,signed
1499,Mohammed Fuseini,F,Midwife,Kumbungu District communities,Kumbungu District communities,signed
1500,Alhassan Napari,F,Community Health Officer,Kumbungu District communities,Kumbungu District communities,signed
