No,Name,Sex,Cadre/Role,Facility/Community,District,Signature
1,Baba Seidu,F,Medical Assistant,Tolon District communities,Tolon District communities,signed
2,Alhassan Mahama,F,Disease Control Officer,Tolon District communities,Tolon District communities,signed
3,Rahinatu Tia,F,Disease Control Officer,Tolon District communities,Tolon District communities,signed
4,Issah Dauda,F,Community Health Officer,Tolon District communities,Tolon District communities,signed
5,Sanatu Wumbei,F,Disease Control Officer,Tolon District communities,Tolon District communities,signed
6,Abdul Tia,F,Community Health Officer,Tolon District communities,Tolon District communities,signed
7,Ayishetu Tia,F,Midwife,Tolon District communities,Tolon District communities,signed
8,Zuweira Alhassan,F,Midwife,Tolon District communities,Tolon District communities,signed
9,Hawa Yakubu,F,Disease Control Officer,Tolon District communities,Tolon District communities,signed
10,Iddrisu Seidu,F,Community Health Officer,Tolon District communities,Tolon District communities,signed
11,Mohammed Alhassan,F,Enrolled Nurse,Tolon District communities,Tolon District communities,signed
12,Iddrisu Wumbei,F,Community Health Officer,Tolon District communities,Tolon District communities,signed
13,Abu Napari,F,Enrolled Nurse,Tolon District communities,Tolon District communities,signed
14,Abdul Seidu,F,Medical Assistant,Tolon District communities,Tolon District communities,signed
15,Ayishetu Wumbei,F,Enrolled Nurse,Tolon District communities,Tolon District communities,signed
16,Ayishetu Yakubu,F,Community Health Officer,Tolon District communities,Tolon District communities,signed
17,Memunatu Tia,F,Enrolled Nurse,Tolon District communities,Tolon District communities,signed
18,Mohammed Napari,F,Midwife,Tolon District communities,Tolon District communities,signed
19,Rahinatu Napari,F,Medical Assistant,Tolon District communities,Tolon District communities,signed
20,Baba Dauda,F,Medical Assistant,Tolon District communities,Tolon District communities,signed
21,Salamatu Tia,F,Midwife,Tolon District communities,Tolon District communities,signed
22,Fuseini Tia,F,Midwife,Tolon District communities,Tolon District communities,signed
23,Fati Wumbei,F,Medical Assistant,Tolon District communities,Tolon District communities,signed
24,Iddrisu Yakubu,F,Community Health Officer,Tolon District communities,Tolon District communities,signed
25,Memunatu Yakubu,F,Medical Assistant,Tolon District communities,Tolon District communities,signed
26,Salamatu Napari,F,Medical Assistant,Tolon District communities,Tolon District communities,signed
27,Mariam Alhassan,F,Medical Assistant,Tolon District communities,Tolon District communities,signed
28,Abdul Fuseini,F,Enrolled Nurse,Tolon District communities,Tolon District communities,signed
29,Issah Dauda,F,Disease Control Officer,Tolon District communities,Tolon District communities,signed
30,Sanatu Seidu,F,Medical Assistant,Tolon District communities,Tolon District communities,signed
31,Rahinatu Fuseini,F,Disease Control Officer,Tolon District communities,Tolon District communities,signed
32,Adiza Dauda,F,Disease Control Officer,Tolon District communities,Tolon District communities,signed
33,Ayishetu Iddrisu,F,Medical Assistant,Tolon District communities,Tolon District communities,signed
34,Sulemana Abdulai,F,Disease Control Officer,Tolon District communities,Tolon District communities,signed
35,Abu Seidu,F,Community Health Officer,Tolon District communities,Tolon District communities,signed
36,Abu Napari,F,Medical Assistant,Tolon District communities,Tolon District communities,signed
37,Alhassan Yakubu,F,Medical Assistant,Tolon District communities,Tolon District communities,signed
38,Sulemana Napari,F,Community Health Officer,Tolon District communities,Tolon District communities,signed
39,Issah Dauda,F,Midwife,Tolon District communities,Tolon District communities,signed
40,Alhassan Wumbei,F,Midwife,Tolon District communities,Tolon District communities,signed
41,Baba Issahaku,F,Enrolled Nurse,Tolon District communities,Tolon District communities,signed
42,Iddrisu Alhassan,F,Enrolled Nurse,Tolon District communities,Tolon District communities,signed
43,Baba Iddrisu,F,Disease Control Officer,Tolon District communities,Tolon District communities,signed
44,Abu Tia,F,Disease Control Officer,Tolon District communities,Tolon District communities,signed
45,Zuweira Seidu,F,Community Health Officer,Tolon District communities,Tolon District communities,signed
46,Memunatu Mahama,F,Enrolled Nurse,Tolon District communities,Tolon District communities,signed
47,Fuseini Dauda,F,Community Health Officer,Tolon District communities,Tolon District communities,signed
48,Mohammed Dauda,F,Disease Control Officer,Tolon District communities,Tolon District communities,signed
49,Adiza Dauda,F,Disease Control Officer,Tolon District communities,Tolon District communities,signed
50,Sulemana Napari,F,Disease Control Officer,Tolon District communities,Tolon District communities,signed
51,Ayishetu Tia,F,Community Health Officer,Tolon District communities,Tolon District communities,signed
52,Mariam Issahaku,F,Enrolled Nurse,Tolon District communities,Tolon District communities,signed
53,Abdul Wumbei,F,Community Health Officer,Tolon District communities,Tolon District communities,signed
54,Zuweira Fuseini,F,Medical Assistant,Tolon District communities,Tolon District communities,signed
55,Adiza Yakubu,F,Enrolled Nurse,Tolon District communities,Tolon District communities,signed
56,Baba Napari,F,Enrolled Nurse,Tolon District communities,Tolon District communities,signed
57,Issah Mahama,F,Enrolled Nurse,Tolon District communities,Tolon District communities,signed
58,Issah Fuseini,F,Medical Assistant,Tolon District communities,Tolon District communities,signed
59,Sanatu Fuseini,F,Medical Assistant,Tolon District communities,Tolon District communities,signed
60,Mariam Tia,F,Midwife,Tolon District communities,Tolon District communities,signed
61,Abu Dauda,F,Community Health Officer,Tolon District communities,Tolon District communities,signed
62,Memunatu Dauda,F,Disease Control Officer,Tolon District communities,Tolon District communities,signed
63,Mariam Seidu,F,Medical Assistant,Tolon District communities,Tolon District communities,signed
64,Mariam Wumbei,F,Enrolled Nurse,Tolon District communities,Tolon District communities,signed
65,Rahinatu Dauda,F,Disease Control Officer,Tolon District communities,Tolon District communities,signed
66,Yakubu Alhassan,F,Enrolled Nurse,Tolon District communities,Tolon District communities,signed
67,Iddrisu Tia,F,Medical Assistant,Tolon District communities,Tolon District communities,signed
68,Ayishetu Mahama,F,Community Health Officer,Tolon District communities,Tolon District communities,signed
69,Memunatu Mahama,F,Midwife,Tolon District communities,Tolon District communities,signed
70,Fuseini Abdulai,F,Medical Assistant,Tolon District communities,Tolon District communities,signed
71,Alhassan Dauda,F,Community Health Officer,Tolon District communities,Tolon District communities,signed
72,Abu Abdulai,F,Medical Assistant,Tolon District communities,Tolon District communities,signed
73,Memunatu Fuseini,F,Disease Control Officer,Tolon District communities,Tolon District communities,signed
74,Fuseini Wumbei,F,Enrolled Nurse,Tolon District communities,Tolon District communities,signed
75,Issah Alhassan,F,Community Health Officer,Tolon District communities,Tolon District communities,signed
76,Iddrisu Tia,F,Midwife,Tolon District communities,Tolon District communities,signed
77,Adiza Tia,F,Midwife,Tolon District communities,Tolon District communities,signed
78,Yakubu Dauda,F,Disease Control Officer,Tolon District communities,Tolon District communities,signed
79,Sanatu Issahaku,F,Community Health Officer,Tolon District communities,Tolon District communities,signed
80,Hawa Fuseini,F,Community Health Officer,Tolon District communities,Tolon District communities,signed
81,Mariam Abdulai,F,Disease Control Officer,Tolon District communities,Tolon District communities,signed
82,Sulemana Alhassan,F,Medical Assistant,Tolon District communities,Tolon District communities,signed
83,Mohammed Alhassan,F,Medical Assistant,Tolon District communities,Tolon District communities,signed
84,Memunatu Issahaku,F,Community Health Officer,Tolon District communities,Tolon District communities,signed
85,Fati Alhassan,F,Medical Assistant,Tolon District communities,Tolon District communities,signed
86,Abu Wumbei,F,Community Health Officer,Tolon District communities,Tolon District communities,signed
87,Memunatu Dauda,F,Medical Assistant,Tolon District communities,Tolon District communities,signed
88,Fati Issahaku,F,Midwife,Tolon District communities,Tolon District communities,signed
89,Sanatu Dauda,F,Medical Assistant,Tolon District communities,Tolon District communities,signed
90,Memunatu Seidu,F,Midwife,Tolon District communities,Tolon District communities,signed
91,Alhassan Mahama,F,Community Health Officer,Tolon District communities,Tolon District communities,signed
92,Alhassan Alhassan,F,Midwife,Tolon District communities,Tolon District communities,signed
93,Zuweira Abdulai,F,Disease Control Officer,Tolon District communities,Tolon District communities,signed
94,Memunatu Abdulai,F,Community Health Officer,Tolon District communities,Tolon District communities,signed
95,Hawa Wumbei,F,Disease Control Officer,Tolon District communities,Tolon District communities,signed
96,Abu Seidu,F,Midwife,Tolon District communities,Tolon District communities,signed
97,Rahinatu Seidu,F,Medical Assistant,Tolon District communities,Tolon District communities,signed
98,Baba Fuseini,F,Disease Control Officer,Tolon District communities,Tolon District communities,signed
99,Mariam Mahama,F,Disease Control Officer,Tolon District communities,Tolon District communities,signed
100,Yakubu Napari,F,Enrolled Nurse,Tolon District communities,Tolon District communities,signed
101,Adiza Issahaku,F,Medical Assistant,Tolon District communities,Tolon District communities,signed
102,Fuseini Wumbei,F,Enrolled Nurse,Tolon District communities,Tolon District communities,signed
103,Issah Seidu,F,Medical Assistant,Tolon District communities,Tolon District communities,signed
104,Memunatu Napari,F,Community Health Officer,Tolon District communities,Tolon District communities,signed
105,Iddrisu Napari,F,Community Health Officer,Tolon District communities,Tolon District communities,signed
106,Mariam Seidu,F,Community Health Officer,Tolon District communities,Tolon District communities,signed
107,Yakubu Dauda,F,Disease Control Officer,Tolon District communities,Tolon District communities,signed
108,Sulemana Issahaku,F,Enrolled Nurse,Tolon District communities,Tolon District communities,signed
109,Memunatu Seidu,F,Medical Assistant,Tolon District communities,Tolon District communities,signed
110,Hawa Napari,F,Midwife,Tolon District communities,Tolon District communities,signed
111,Sanatu Issahaku,F,Disease Control Officer,Tolon District communities,Tolon District communities,signed
112,Fati Abdulai,F,Enrolled Nurse,Tolon District communities,Tolon District communities,signed
113,Abu Yakubu,F,Community Health Officer,Tolon District communities,Tolon District communities,signed
114,Adiza Dauda,F,Disease Control Officer,Tolon District communities,Tolon District communities,signed
115,Fuseini Dauda,F,Enrolled Nurse,Tolon District communities,Tolon District communities,signed
116,Fuseini Napari,F,Medical Assistant,Tolon District communities,Tolon District communities,signed
117,Ayishetu Iddrisu,F,Disease Control Officer,Tolon District communities,Tolon District communities,signed
118,Alhassan Mahama,F,Enrolled Nurse,Tolon District communities,Tolon District communities,signed
119,Memunatu Dauda,F,Community Health Officer,Tolon District communities,Tolon District communities,signed
120,Issah Seidu,F,Community Health Officer,Tolon District communities,Tolon District communities,signed
121,Adiza Yakubu,F,Community Health Officer,Tolon District communities,Tolon District communities,signed
122,Fuseini Seidu,F,Disease Control Officer,Tolon District communities,Tolon District communities,signed
123,Memunatu Wumbei,F,Disease Control Officer,Tolon District communities,Tolon District communities,signed
124,Sanatu Iddrisu,F,Midwife,Tolon District communities,Tolon District communities,signed
125,Fati Iddrisu,F,Medical Assistant,Tolon District communities,Tolon District communities,signed
126,Sulemana Yakubu,F,Disease Control Officer,Tolon District communities,Tolon District communities,signed
127,Zuweira Abdulai,F,Disease Control Officer,Tolon District communities,Tolon District communities,signed
128,Memunatu Mahama,F,Disease Control Officer,Tolon District communities,Tolon District communities,signed
129,Alhassan Alhassan,F,Community Health Officer,Tolon District communities,Tolon District communities,signed
130,Mohammed Wumbei,F,Community Health Officer,Tolon District communities,Tolon District communities,signed
131,Iddrisu Iddrisu,F,Community Health Officer,Tolon District communities,Tolon District communities,signed
132,Mohammed Tia,F,Disease Control Officer,Tolon District communities,Tolon District communities,signed
133,Zuweira Alhassan,F,Medical Assistant,Tolon District communities,Tolon District communities,signed
134,Fuseini Iddrisu,F,Medical Assistant,Tolon District communities,Tolon District communities,signed
135,Rahinatu Dauda,F,Midwife,Tolon District communities,Tolon District communities,signed
136,Sanatu Iddrisu,F,Midwife,Tolon District communities,Tolon District communities,signed
137,Alhassan Tia,F,Medical Assistant,Tolon District communities,Tolon District communities,signed
138,Ayishetu Yakubu,F,Midwife,Tolon District communities,Tolon District communities,signed
139,Adiza Fuseini,F,Enrolled Nurse,Tolon District communities,Tolon District communities,signed
140,Issah Alhassan,F,Midwife,Tolon District communities,Tolon District communities,signed
141,Baba Alhassan,F,Disease Control Officer,Tolon District communities,Tolon District communities,signed
142,Sulemana Napari,F,Community Health Officer,Tolon District communities,Tolon District communities,signed
143,Sanatu Issahaku,F,Enrolled Nurse,Tolon District communities,Tolon District communities,signed
144,Alhassan Alhassan,F,Disease Control Officer,Tolon District communities,Tolon District communities,signed
145,Mariam Iddrisu,F,Medical Assistant,Tolon District communities,Tolon District communities,signed
146,Mohammed Issahaku,F,Enrolled Nurse,Tolon District communities,Tolon District communities,signed
147,Salamatu Yakubu,F,Medical Assistant,Tolon District communities,Tolon District communities,signed
148,Salamatu Abdulai,F,Midwife,Tolon District communities,Tolon District communities,signed
149,Salamatu Wumbei,F,Midwife,Tolon District communities,Tolon District communities,signed
150,Ayishetu Issahaku,F,Enrolled Nurse,Tolon District communities,Tolon District communities,signed
151,Yakubu Napari,F,Enrolled Nurse,Tolon District communities,Tolon District communities,signed
152,Sulemana Mahama,F,Midwife,Tolon District communities,Tolon District communities,signed
153,Abdul Napari,F,Midwife,Tolon District communities,Tolon District communities,signed
154,Mohammed Dauda,F,Midwife,Tolon District communities,Tolon District communities,signed
155,Abdul Wumbei,F,Enrolled Nurse,Tolon District communities,Tolon District communities,signed
156,Ayishetu Fuseini,F,Midwife,Tolon District communities,Tolon District communities,signed
157,Sanatu Seidu,F,Disease Control Officer,Tolon District communities,Tolon District communities,signed
158,Fuseini Wumbei,F,Disease Control Officer,Tolon District communities,Tolon District communities,signed
159,Abdul Issahaku,F,Enrolled Nurse,Tolon District communities,Tolon District communities,signed
160,Sanatu Abdulai,F,Medical Assistant,Tolon District communities,Tolon District communities,signed
161,Ayishetu Abdulai,F,Disease Control Officer,Tolon District communities,Tolon District communities,signed
162,Iddrisu Yakubu,F,Medical Assistant,Tolon District communities,Tolon District communities,signed
163,Alhassan Napari,F,Disease Control Officer,Tolon District communities,Tolon District communities,signed
164,Fuseini Yakubu,F,Community Health Officer,Tolon District communities,Tolon District communities,signed
165,Issah Alhassan,F,Disease Control Officer,Tolon District communities,Tolon District communities,signed
166,Iddrisu Alhassan,F,Medical Assistant,Tolon District communities,Tolon District communities,signed
167,Hawa Wumbei,F,Medical Assistant,Tolon District communities,Tolon District communities,signed
168,Alhassan Mahama,F,Disease Control Officer,Tolon District communities,Tolon District communities,signed
169,Mohammed Wumbei,F,Medical Assistant,Tolon District communities,Tolon District communities,signed
170,Mohammed Alhassan,F,Midwife,Tolon District communities,Tolon District communities,signed
171,Mohammed Fuseini,F,Medical Assistant,Tolon District communities,Tolon District communities,signed
172,Mohammed Wumbei,F,Disease Control Officer,Tolon District communities,Tolon District communities,signed
173,Alhassan Iddrisu,F,Medical Assistant,Tolon District communities,Tolon District communities,signed
174,Adiza Issahaku,F,Midwife,Tolon District communities,Tolon District communities,signed
175,Abdul Issahaku,F,Midwife,Tolon District communities,Tolon District communities,signed
176,Adiza Abdulai,F,Enrolled Nurse,Tolon District communities,Tolon District communities,signed
177,Alhassan Alhassan,F,Community Health Officer,Tolon District communities,Tolon District communities,signed
178,Rahinatu Iddrisu,F,Medical Assistant,Tolon District communities,Tolon District communities,signed
179,Rahinatu Wumbei,F,Enrolled Nurse,Tolon District communities,Tolon District communities,signed
180,Zuweira Issahaku,F,Disease Control Officer,Tolon District communities,Tolon District communities,signed
181,Mariam Wumbei,F,Enrolled Nurse,Tolon District communities,Tolon District communities,signed
182,Fati Fuseini,F,Disease Control Officer,Tolon District communities,Tolon District communities,signed
183,Issah Wumbei,F,Enrolled Nurse,Tolon District communities,Tolon District communities,signed
184,Alhassan Fuseini,F,Medical Assistant,Tolon District communities,Tolon District communities,signed
185,Baba Seidu,F,Enrolled Nurse,Tolon District communities,Tolon District communities,signed
186,Iddrisu Seidu,F,Medical Assistant,Tolon District communities,Tolon District communities,signed
187,Ayishetu Alhassan,F,Medical Assistant,Tolon District communities,Tolon District communities,signed
188,Salamatu Issahaku,F,Medical Assistant,Tolon District communities,Tolon District communities,signed
189,Iddrisu Fuseini,F,Enrolled Nurse,Tolon District communities,Tolon District communities,signed
190,Alhassan Napari,F,Midwife,Tolon District communities,Tolon District communities,signed
191,Mohammed Napari,F,Midwife,Tolon District communities,Tolon District communities,signed
192,Rahinatu Mahama,F,Medical Assistant,Tolon District communities,Tolon District communities,signed
193,Sanatu Dauda,F,Medical Assistant,Tolon District communities,Tolon District communities,signed
194,Alhassan Abdulai,F,Community Health Officer,Tolon District communities,Tolon District communities,signed
195,Mariam Dauda,F,Enrolled Nurse,Tolon District communities,Tolon District communities,signed
196,Salamatu Abdulai,F,Medical Assistant,Tolon District communities,Tolon District communities,signed
197,Mariam Abdulai,F,Midwife,Tolon District communities,Tolon District communities,signed
198,Issah Yakubu,F,Community Health Officer,Tolon District communities,Tolon District communities,signed
199,Yakubu Yakubu,F,Midwife,Tolon District communities,Tolon District communities,signed
200,Memunatu Seidu,F,Enrolled Nurse,Tolon District communities,Tolon District communities,signed
201,Issah Dauda,F,Disease Control Officer,Tolon District communities,Tolon District communities,signed
202,Iddrisu Issahaku,F,Midwife,Tolon District communities,Tolon District communities,signed
203,Salamatu Yakubu,F,Medical Assistant,Tolon District communities,Tolon District communities,signed
204,Mariam Abdulai,F,Enrolled Nurse,Tolon District communities,Tolon District communities,signed
205,Mohammed Tia,F,Community Health Officer,Tolon District communities,Tolon District communities,signed
206,Memunatu Fuseini,F,Medical Assistant,Tolon District communities,Tolon District communities,signed
207,Mohammed Issahaku,F,Community Health Officer,Tolon District communities,Tolon District communities,signed
208,Memunatu Fuseini,F,Midwife,Tolon District communities,Tolon District communities,signed
209,Ayishetu Dauda,F,Midwife,Tolon District communities,Tolon District communities,signed
210,Mohammed Iddrisu,F,Midwife,Tolon District communities,Tolon District communities,signed
211,Mariam Alhassan,F,Medical Assistant,Tolon District communities,Tolon District communities,signed
212,Abu Fuseini,F,Midwife,Tolon District communities,Tolon District communities,signed
213,Fati Mahama,F,Enrolled Nurse,Tolon District communities,Tolon District communities,signed
214,Memunatu Seidu,F,Disease Control Officer,Tolon District communities,Tolon District communities,signed
215,Memunatu Yakubu,F,Enrolled Nurse,Tolon District communities,Tolon District communities,signed
216,Abu Issahaku,F,Midwife,Tolon District communities,Tolon District communities,signed
217,Issah Issahaku,F,Disease Control Officer,Tolon District communities,Tolon District communities,signed
218,Adiza Wumbei,F,Medical Assistant,Tolon District communities,Tolon District communities,signed
219,Mohammed Iddrisu,F,Medical Assistant,Tolon District communities,Tolon District communities,signed
220,Baba Alhassan,F,Disease Control Officer,Tolon District communities,Tolon District communities,signed
221,Sulemana Abdulai,F,Enrolled Nurse,Tolon District communities,Tolon District communities,signed
222,Memunatu Tia,F,Disease Control Officer,Tolon District communities,Tolon District communities,signed
223,Salamatu Issahaku,F,Disease Control Officer,Tolon District communities,Tolon District communities,signed
224,Sanatu Alhassan,F,Midwife,Tolon District communities,Tolon District communities,signed
225,Baba Fuseini,F,Enrolled Nurse,Tolon District communities,Tolon District communities,signed
226,Salamatu Alhassan,F,Medical Assistant,Tolon District communities,Tolon District communities,signed
227,Mariam Wumbei,F,Midwife,Tolon District communities,Tolon District communities,signed
228,Salamatu Tia,F,Disease Control Officer,Tolon District communities,Tolon District communities,signed
229,Sanatu Seidu,F,Disease Control Officer,Tolon District communities,Tolon District communities,signed
230,Ayishetu Iddrisu,F,Enrolled Nurse,Tolon District communities,Tolon District communities,signed
231,Baba Seidu,F,Community Health Officer,Tolon District communities,Tolon District communities,signed
232,Baba Mahama,F,Medical Assistant,Tolon District communities,Tolon District communities,signed
233,Abu Dauda,F,Community Health Officer,Tolon District communities,Tolon District communities,signed
234,Mohammed Mahama,F,Midwife,Tolon District communities,Tolon District communities,signed
235,Zuweira Dauda,F,Community Health Officer,Tolon District communities,Tolon District communities,signed
236,Alhassan Yakubu,F,Medical Assistant,Tolon District communities,Tolon District communities,signed
237,Zuweira Mahama,F,Community Health Officer,Tolon District communities,Tolon District communities,signed
238,Abdul Fuseini,F,Disease Control Officer,Tolon District communities,Tolon District communities,signed
239,Zuweira Tia,F,Enrolled Nurse,Tolon District communities,Tolon District communities,signed
240,Rahinatu Dauda,F,Community Health Officer,Tolon District communities,Tolon District communities,signed
241,Alhassan Dauda,F,Enrolled Nurse,Tolon District communities,Tolon District communities,signed
242,Hawa Mahama,F,Midwife,Tolon District communities,Tolon District communities,signed
243,Fuseini Mahama,F,Midwife,Tolon District communities,Tolon District communities,signed
244,Fati Wumbei,F,Midwife,Tolon District communities,Tolon District communities,signed
245,Sulemana Fuseini,F,Community Health Officer,Tolon District communities,Tolon District communities,signed
246,Issah Iddrisu,F,Community Health Officer,Tolon District communities,Tolon District communities,signed
247,Issah Fuseini,F,Enrolled Nurse,Tolon District communities,Tolon District communities,signed
248,Memunatu Tia,F,Community Health Officer,Tolon District communities,Tolon District communities,signed
249,Adiza Dauda,F,Midwife,Tolon District communities,Tolon District communities,signed
250,Zuweira Alhassan,F,Midwife,Tolon District communities,Tolon District communities,signed
251,Ayishetu Tia,F,Midwife,Tolon District communities,Tolon District communities,signed
252,Issah Iddrisu,F,Enrolled Nurse,Tolon District communities,Tolon District communities,signed
253,Baba Dauda,F,Community Health Officer,Tolon District communities,Tolon District communities,signed
254,Sanatu Issahaku,F,Community Health Officer,Tolon District communities,Tolon District communities,signed
255,Ayishetu Yakubu,F,Medical Assistant,Tolon District communities,Tolon District communities,signed
256,Baba Iddrisu,F,Medical Assistant,Tolon District communities,Tolon District communities,signed
257,Yakubu Fuseini,F,Enrolled Nurse,Tolon District communities,Tolon District communities,signed
258,Abu Mahama,F,Enrolled Nurse,Tolon District communities,Tolon District communities,signed
259,Fuseini Iddrisu,F,Disease Control Officer,Tolon District communities,Tolon District communities,signed
260,Salamatu Iddrisu,F,Midwife,Tolon District communities,Tolon District communities,signed
261,Memunatu Napari,F,Disease Control Officer,Tolon District communities,Tolon District communities,signed
262,Fati Iddrisu,F,Disease Control Officer,Tolon District communities,Tolon District communities,signed
263,Abu Wumbei,F,Medical Assistant,Tolon District communities,Tolon District communities,signed
264,Mohammed Issahaku,F,Disease Control Officer,Tolon District communities,Tolon District communities,signed
265,Fuseini Issahaku,F,Disease Control Officer,Tolon District communities,Tolon District communities,signed
266,Alhassan Issahaku,F,Medical Assistant,Tolon District communities,Tolon District communities,signed
267,Fati Napari,F,Enrolled Nurse,Tolon District communities,Tolon District communities,signed
268,Mohammed Iddrisu,F,Disease Control Officer,Tolon District communities,Tolon District communities,signed
269,Hawa Tia,F,Community Health Officer,Tolon District communities,Tolon District communities,signed
270,Mohammed Seidu,F,Community Health Officer,Tolon District communities,Tolon District communities,signed
271,Yakubu Iddrisu,F,Enrolled Nurse,Tolon District communities,Tolon District communities,signed
272,Abdul Tia,F,Disease Control Officer,Tolon District communities,Tolon District communities,signed
273,Salamatu Seidu,F,Enrolled Nurse,Tolon District communities,Tolon District communities,signed
274,Baba Abdulai,F,Midwife,Tolon District communities,Tolon District communities,signed
275,Adiza Napari,F,Medical Assistant,Tolon District communities,Tolon District communities,signed
276,Zuweira Fuseini,F,Disease Control Officer,Tolon District communities,Tolon District communities,signed
277,Alhassan Napari,F,Enrolled Nurse,Tolon District communities,Tolon District communities,signed
278,Adiza Fuseini,F,Disease Control Officer,Tolon District communities,Tolon District communities,signed
279,Salamatu Issahaku,F,Medical Assistant,Tolon District communities,Tolon District communities,signed
280,Abdul Alhassan,F,Midwife,Tolon District communities,Tolon District communities,signed
281,Hawa Issahaku,F,Disease Control Officer,Tolon District communities,Tolon District communities,signed
282,Salamatu Dauda,F,Community Health Officer,Tolon District communities,Tolon District communities,signed
283,Zuweira Yakubu,F,Midwife,Tolon District communities,Tolon District communities,signed
284,Salamatu Iddrisu,F,Midwife,Tolon District communities,Tolon District communities,signed
285,Iddrisu Tia,F,Midwife,Tolon District communities,Tolon District communities,signed
286,Sanatu Fuseini,F,Midwife,Tolon District communities,Tolon District communities,signed
287,Memunatu Fuseini,F,Medical Assistant,Tolon District communities,Tolon District communities,signed
288,Hawa Iddrisu,F,Community Health Officer,Tolon District communities,Tolon District communities,signed
289,Fuseini Seidu,F,Medical Assistant,Tolon District communities,Tolon District communities,signed
290,Issah Seidu,F,Disease Control Officer,Tolon District communities,Tolon District communities,signed
291,Alhassan Seidu,F,Community Health Officer,Tolon District communities,Tolon District communities,signed
292,Salamatu Dauda,F,Community Health Officer,Tolon District communities,Tolon District communities,signed
293,Hawa Dauda,F,Midwife,Tolon District communities,Tolon District communities,signed
294,Yakubu Mahama,F,Disease Control Officer,Tolon District communities,Tolon District communities,signed
295,Iddrisu Abdulai,F,Midwife,Tolon District communities,Tolon District communities,signed
296,Fati Napari,F,Disease Control Officer,Tolon District communities,Tolon District communities,signed
297,Abu Mahama,F,Community Health Officer,Tolon District communities,Tolon District communities,signed
298,Ayishetu Dauda,F,Medical Assistant,Tolon District communities,Tolon District communities,signed
299,Salamatu Wumbei,F,Community Health Officer,Tolon District communities,Tolon District communities,signed
300,Memunatu Dauda,F,Midwife,Tolon District communities,Tolon District communities,signed
301,Abu Wumbei,F,Enrolled Nurse,Tolon District communities,Tolon District communities,signed
302,Alhassan Napari,F,Community Health Officer,Tolon District communities,Tolon District communities,signed
303,Fuseini Napari,F,Enrolled Nurse,Tolon District communities,Tolon District communities,signed
304,Mariam Seidu,F,Midwife,Tolon District communities,Tolon District communities,signed
305,Adiza Tia,F,Midwife,Tolon District communities,Tolon District communities,signed
306,Baba Mahama,F,Community Health Officer,Tolon District communities,Tolon District communities,signed
307,Baba Mahama,F,Community Health Officer,Tolon District communities,Tolon District communities,signed
308,Mariam Alhassan,F,Medical Assistant,Tolon District communities,Tolon District communities,signed
309,Sulemana Abdulai,F,Enrolled Nurse,Tolon District communities,Tolon District communities,signed
310,Yakubu Mahama,F,Medical Assistant,Tolon District communities,Tolon District communities,signed
311,Fati Abdulai,F,Midwife,Tolon District communities,Tolon District communities,signed
312,Zuweira Yakubu,F,Enrolled Nurse,Tolon District communities,Tolon District communities,signed
313,Abdul Tia,F,Medical Assistant,Tolon District communities,Tolon District communities,signed
314,Iddrisu Issahaku,F,Disease Control Officer,Tolon District communities,Tolon District communities,signed
315,Issah Alhassan,F,Community Health Officer,Tolon District communities,Tolon District communities,signed
316,Issah Seidu,F,Community Health Officer,Tolon District communities,Tolon District communities,signed
317,Iddrisu Seidu,F,Enrolled Nurse,Tolon District communities,Tolon District communities,signed
318,Baba Wumbei,F,Disease Control Officer,Tolon District communities,Tolon District communities,signed
319,Issah Abdulai,F,Disease Control Officer,Tolon District communities,Tolon District communities,signed
320,Abu Yakubu,F,Medical Assistant,Tolon District communities,Tolon District communities,signed
321,Baba Dauda,F,Midwife,Tolon District communities,Tolon District communities,signed
322,Salamatu Dauda,F,Enrolled Nurse,Tolon District communities,Tolon District communities,signed
323,Issah Abdulai,F,Midwife,Tolon District communities,Tolon District communities,signed
324,Issah Tia,F,Disease Control Officer,Tolon District communities,Tolon District communities,signed
325,Adiza Wumbei,F,Disease Control Officer,Tolon District communities,Tolon District communities,signed
326,Issah Fuseini,F,Medical Assistant,Tolon District communities,Tolon District communities,signed
327,Sulemana Mahama,F,Medical Assistant,Tolon District communities,Tolon District communities,signed
328,Abu Abdulai,F,Medical Assistant,Tolon District communities,Tolon District communities,signed
329,Baba Alhassan,F,Enrolled Nurse,Tolon District communities,Tolon District communities,signed
330,Mariam Abdulai,F,Medical Assistant,Tolon District communities,Tolon District communities,signed
331,Rahinatu Alhassan,F,Medical Assistant,Tolon District communities,Tolon District communities,signed
332,Issah Issahaku,F,Enrolled Nurse,Tolon District communities,Tolon District communities,signed
333,Adiza Yakubu,F,Medical Assistant,Tolon District communities,Tolon District communities,signed
334,Salamatu Mahama,F,Medical Assistant,Tolon District communities,Tolon District communities,signed
335,Baba Tia,F,Community Health Officer,Tolon District communities,Tolon District communities,signed
336,Sanatu Napari,F,Disease Control Officer,Tolon District communities,Tolon District communities,signed
337,Abu Mahama,F,Enrolled Nurse,Tolon District communities,Tolon District communities,signed
338,Sulemana Dauda,F,Community Health Officer,Tolon District communities,Tolon District communities,signed
339,Baba Seidu,F,Midwife,Tolon District communities,Tolon District communities,signed
340,Ayishetu Mahama,F,Disease Control Officer,Tolon District communities,Tolon District communities,signed
341,Fati Yakubu,F,Midwife,Tolon District communities,Tolon District communities,signed
342,Mariam Mahama,F,Medical Assistant,Tolon District communities,Tolon District communities,signed
343,Abu Wumbei,F,Midwife,Tolon District communities,Tolon District communities,signed
344,Ayishetu Mahama,F,Community Health Officer,Tolon District communities,Tolon District communities,signed
345,Abdul Seidu,F,Medical Assistant,Tolon District communities,Tolon District communities,signed
346,Iddrisu Dauda,F,Community Health Officer,Tolon District communities,Tolon District communities,signed
347,Yakubu Wumbei,F,Community Health Officer,Tolon District communities,Tolon District communities,signed
348,Abu Dauda,F,Community Health Officer,Tolon District communities,Tolon District communities,signed
349,Sanatu Abdulai,F,Midwife,Tolon District communities,Tolon District communities,signed
350,Fuseini Issahaku,F,Disease Control Officer,Tolon District communities,Tolon District communities,signed
351,Salamatu Mahama,F,Midwife,Tolon District communities,Tolon District communities,signed
352,Hawa Issahaku,F,Midwife,Tolon District communities,Tolon District communities,signed
353,Sulemana Abdulai,F,Community Health Officer,Tolon District communities,Tolon District communities,signed
354,Sanatu Wumbei,F,Enrolled Nurse,Tolon District communities,Tolon District communities,signed
355,Adiza Dauda,F,Community Health Officer,Tolon District communities,Tolon District communities,signed
356,Alhassan Napari,F,Medical Assistant,Tolon District communities,Tolon District communities,signed
357,Yakubu Abdulai,F,Midwife,Tolon District communities,Tolon District communities,signed
358,Baba Mahama,F,Enrolled Nurse,Tolon District communities,Tolon District communities,signed
359,Rahinatu Abdulai,F,Community Health Officer,Tolon District communities,Tolon District communities,signed
360,Sulemana Napari,F,Midwife,Tolon District communities,Tolon District communities,signed
361,Mohammed Dauda,F,Midwife,Tolon District communities,Tolon District communities,signed
362,Ayishetu Mahama,F,Enrolled Nurse,Tolon District communities,Tolon District communities,signed
363,Rahinatu Dauda,F,Medical Assistant,Tolon District communities,Tolon District communities,signed
364,Hawa Iddrisu,F,Medical Assistant,Tolon District communities,Tolon District communities,signed
365,Rahinatu Napari,F,Disease Control Officer,Tolon District communities,Tolon District communities,signed
366,Abdul Mahama,F,Midwife,Tolon District communities,Tolon District communities,signed
367,Adiza Yakubu,F,Midwife,Tolon District communities,Tolon District communities,signed
368,Zuweira Abdulai,F,Enrolled Nurse,Tolon District communities,Tolon District communities,signed
369,Ayishetu Issahaku,F,Disease Control Officer,Tolon District communities,Tolon District communities,signed
370,Alhassan Wumbei,F,Disease Control Officer,Tolon District communities,Tolon District communities,signed
371,Adiza Mahama,F,Enrolled Nurse,Tolon District communities,Tolon District communities,signed
372,Zuweira Alhassan,F,Enrolled Nurse,Tolon District communities,Tolon District communities,signed
373,Mohammed Seidu,F,Enrolled Nurse,Tolon District communities,Tolon District communities,signed
374,Abu Wumbei,F,Midwife,Tolon District communities,Tolon District communities,signed
375,Ayishetu Iddrisu,F,Community Health Officer,Tolon District communities,Tolon District communities,signed
376,Salamatu Iddrisu,F,Midwife,Tolon District communities,Tolon District communities,signed
377,Sulemana Iddrisu,F,Medical Assistant,Tolon District communities,Tolon District communities,signed
378,Mohammed Alhassan,F,Medical Assistant,Tolon District communities,Tolon District communities,signed
379,Yakubu Abdulai,F,Medical Assistant,Tolon District communities,Tolon District communities,signed
380,Mohammed Fuseini,F,Disease Control Officer,Tolon District communities,Tolon District communities,signed
381,Rahinatu Abdulai,F,Medical Assistant,Tolon District communities,Tolon District communities,signed
382,Abdul Abdulai,F,Medical Assistant,Tolon District communities,Tolon District communities,signed
383,Memunatu Abdulai,F,Disease Control Officer,Tolon District communities,Tolon District communities,signed
384,Rahinatu Napari,F,Medical Assistant,Tolon District communities,Tolon District communities,signed
385,Mariam Fuseini,F,Disease Control Officer,Tolon District communities,Tolon District communities,signed
386,Fati Abdulai,F,Midwife,Tolon District communities,Tolon District communities,signed
387,Zuweira Seidu,F,Midwife,Tolon District communities,Tolon District communities,signed
388,Rahinatu Abdulai,F,Community Health Officer,Tolon District communities,Tolon District communities,signed
389,Memunatu Fuseini,F,Enrolled Nurse,Tolon District communities,Tolon District communities,signed
390,Zuweira Napari,F,Disease Control Officer,Tolon District communities,Tolon District communities,signed
391,Baba Issahaku,F,Community Health Officer,Tolon District communities,Tolon District communities,signed
392,Sulemana Napari,F,Community Health Officer,Tolon District communities,Tolon District communities,signed
393,Abdul Abdulai,F,Enrolled Nurse,Tolon District communities,Tolon District communities,signed
394,Salamatu Tia,F,Disease Control Officer,Tolon District communities,Tolon District communities,signed
395,Fuseini Alhassan,F,Medical Assistant,Tolon District communities,Tolon District communities,signed
396,Fati Wumbei,F,Medical Assistant,Tolon District communities,Tolon District communities,signed
397,Memunatu Seidu,F,Disease Control Officer,Tolon District communities,Tolon District communities,signed
398,Abdul Seidu,F,Medical Assistant,Tolon District communities,Tolon District communities,signed
399,Adiza Alhassan,F,Disease Control Officer,Tolon District communities,Tolon District communities,signed
400,Sulemana Abdulai,F,Medical Assistant,Tolon District communities,Tolon District communities,signed
401,Memunatu Iddrisu,F,Community Health Officer,Tolon District communities,Tolon District communities,signed
402,Hawa Tia,F,Enrolled Nurse,Tolon District communities,Tolon District communities,signed
403,Sulemana Abdulai,F,Disease Control Officer,Tolon District communities,Tolon District communities,signed
404,Sanatu Iddrisu,F,Enrolled Nurse,Tolon District communities,Tolon District communities,signed
405,Yakubu Tia,F,Disease Control Officer,Tolon District communities,Tolon District communities,signed
406,Iddrisu Tia,F,Community Health Officer,Tolon District communities,Tolon District communities,signed
407,Abdul Tia,F,Community Health Officer,Tolon District communities,Tolon District communities,signed
408,Yakubu Fuseini,F,Midwife,Tolon District communities,Tolon District communities,signed
409,Adiza Iddrisu,F,Enrolled Nurse,Tolon District communities,Tolon District communities,signed
410,Issah Issahaku,F,Midwife,Tolon District communities,Tolon District communities,signed
411,Mariam Abdulai,F,Community Health Officer,Tolon District communities,Tolon District communities,signed
412,Abdul Alhassan,F,Community Health Officer,Tolon District communities,Tolon District communities,signed
413,Sanatu Seidu,F,Enrolled Nurse,Tolon District communities,Tolon District communities,signed
414,Issah Seidu,F,Community Health Officer,Tolon District communities,Tolon District communities,signed
415,Sulemana Alhassan,F,Enrolled Nurse,Tolon District communities,Tolon District communities,signed
416,Zuweira Tia,F,Midwife,Tolon District communities,Tolon District communities,signed
417,Zuweira Tia,F,Disease Control Officer,Tolon District communities,Tolon District communities,signed
418,Rahinatu Napari,F,Midwife,Tolon District communities,Tolon District communities,signed
419,Fuseini Mahama,F,Midwife,Tolon District communities,Tolon District communities,signed
420,Ayishetu Alhassan,F,Enrolled Nurse,Tolon District communities,Tolon District communities,signed
421,Baba Napari,F,Enrolled Nurse,Tolon District communities,Tolon District communities,signed
422,Hawa Wumbei,F,Community Health Officer,Tolon District communities,Tolon District communities,signed
423,Baba Issahaku,F,Community Health Officer,Tolon District communities,Tolon District communities,signed
424,Hawa Wumbei,F,Community Health Officer,Tolon District communities,Tolon District communities,signed
425,Mohammed Wumbei,F,Enrolled Nurse,Tolon District communities,Tolon District communities,signed
426,Mohammed Wumbei,F,Enrolled Nurse,Tolon District communities,Tolon District communities,signed
427,Memunatu Issahaku,F,Midwife,Tolon District communities,Tolon District communities,signed
428,Mariam Wumbei,F,Enrolled Nurse,Tolon District communities,Tolon District communities,signed
429,Baba Abdulai,F,Medical Assistant,Tolon District communities,Tolon District communities,signed
430,Mohammed Iddrisu,F,Enrolled Nurse,Tolon District communities,Tolon District communities,signed
431,Abdul Seidu,F,Community Health Officer,Tolon District communities,Tolon District communities,signed
432,Iddrisu Napari,F,Midwife,Tolon District communities,Tolon District communities,signed
433,Memunatu Mahama,F,Enrolled Nurse,Tolon District communities,Tolon District communities,signed
434,Sanatu Iddrisu,F,Enrolled Nurse,Tolon District communities,Tolon District communities,signed
435,Mohammed Dauda,F,Midwife,Tolon District communities,Tolon District communities,signed
436,Abu Napari,F,Medical Assistant,Tolon District communities,Tolon District communities,signed
437,Iddrisu Wumbei,F,Midwife,Tolon District communities,Tolon District communities,signed
438,Baba Fuseini,F,Medical Assistant,Tolon District communities,Tolon District communities,signed
439,Abdul Fuseini,F,Medical Assistant,Tolon District communities,Tolon District communities,signed
440,Salamatu Alhassan,F,Disease Control Officer,Tolon District communities,Tolon District communities,signed
441,Mariam Wumbei,F,Community Health Officer,Tolon District communities,Tolon District communities,signed
442,Abdul Mahama,F,Enrolled Nurse,Tolon District communities,Tolon District communities,signed
443,Memunatu Dauda,F,Disease Control Officer,Tolon District communities,Tolon District communities,signed
444,Hawa Seidu,F,Disease Control Officer,Tolon District communities,Tolon District communities,signed
445,Salamatu Fuseini,F,Midwife,Tolon District communities,Tolon District communities,signed
446,Hawa Abdulai,F,Enrolled Nurse,Tolon District communities,Tolon District communities,signed
447,Yakubu Iddrisu,F,Community Health Officer,Tolon District communities,Tolon District communities,signed
448,Sulemana Fuseini,F,Medical Assistant,Tolon District communities,Tolon District communities,signed
449,Salamatu Mahama,F,Disease Control Officer,Tolon District communities,Tolon District communities,signed
450,Memunatu Mahama,F,Enrolled Nurse,Tolon District communities,Tolon District communities,signed
451,Zuweira Iddrisu,F,Midwife,Tolon District communities,Tolon District communities,signed
452,Sanatu Mahama,F,Midwife,Tolon District communities,Tolon District communities,signed
453,Alhassan Napari,F,Enrolled Nurse,Tolon District communities,Tolon District communities,signed
454,Fuseini Abdulai,F,Disease Control Officer,Tolon District communities,Tolon District communities,signed
455,Memunatu Yakubu,F,Medical Assistant,Tolon District communities,Tolon District communities,signed
456,Sulemana Tia,F,Community Health Officer,Tolon District communities,Tolon District communities,signed
457,Mariam Seidu,F,Enrolled Nurse,Tolon District communities,Tolon District communities,signed
458,Alhassan Seidu,F,Medical Assistant,Tolon District communities,Tolon District communities,signed
459,Adiza Seidu,F,Disease Control Officer,Tolon District communities,Tolon District communities,signed
460,Fati Fuseini,F,Enrolled Nurse,Tolon District communities,Tolon District communities,signed
461,Sanatu Tia,F,Disease Control Officer,Tolon District communities,Tolon District communities,signed
462,Yakubu Napari,F,Medical Assistant,Tolon District communities,Tolon District communities,signed
463,Rahinatu Mahama,F,Medical Assistant,Tolon District communities,Tolon District communities,signed
464,Issah Fuseini,F,Community Health Officer,Tolon District communities,Tolon District communities,signed
465,Issah Fuseini,F,Community Health Officer,Tolon District communities,Tolon District communities,signed
466,Alhassan Alhassan,F,Community Health Officer,Tolon District communities,Tolon District communities,signed
467,Abdul Issahaku,F,Enrolled Nurse,Tolon District communities,Tolon District communities,signed
468,Mariam Iddrisu,F,Midwife,Tolon District communities,Tolon District communities,signed
469,Ayishetu Iddrisu,F,Community Health Officer,Tolon District communities,Tolon District communities,signed
470,Baba Seidu,F,Midwife,Tolon District communities,Tolon District communities,signed
471,Sulemana Seidu,F,Disease Control Officer,Tolon District communities,Tolon District communities,signed
472,Zuweira Issahaku,F,Disease Control Officer,Tolon District communities,Tolon District communities,signed
473,Abu Iddrisu,F,Medical Assistant,Tolon District communities,Tolon District communities,signed
474,Zuweira Issahaku,F,Medical Assistant,Tolon District communities,Tolon District communities,signed
475,Fuseini Alhassan,F,Community Health Officer,Tolon District communities,Tolon District communities,signed
476,Abu Wumbei,F,Medical Assistant,Tolon District communities,Tolon District communities,signed
477,Sanatu Mahama,F,Medical Assistant,Tolon District communities,Tolon District communities,signed
478,Zuweira Fuseini,F,Community Health Officer,Tolon District communities,Tolon District communities,signed
479,Rahinatu Tia,F,Community Health Officer,Tolon District communities,Tolon District communities,signed
480,Salamatu Alhassan,F,Medical Assistant,Tolon District communities,Tolon District communities,signed
481,Rahinatu Mahama,F,Community Health Officer,Tolon District communities,Tolon District communities,signed
482,Abdul Iddrisu,F,Midwife,Tolon District communities,Tolon District communities,signed
483,Issah Seidu,F,Medical Assistant,Tolon District communities,Tolon District communities,signed
484,Fuseini Mahama,F,Community Health Officer,Tolon District communities,Tolon District communities,signed
485,Mohammed Seidu,F,Enrolled Nurse,Tolon District communities,Tolon District communities,signed
486,Fuseini Wumbei,F,Medical Assistant,Tolon District communities,Tolon District communities,signed
487,Yakubu Alhassan,F,Community Health Officer,Tolon District communities,Tolon District communities,signed
488,Memunatu Mahama,F,Disease Control Officer,Tolon District communities,Tolon District communities,signed
489,Abdul Yakubu,F,Medical Assistant,Tolon District communities,Tolon District communities,signed
490,Fuseini Yakubu,F,Enrolled Nurse,Tolon District communities,Tolon District communities,signed
491,Sulemana Yakubu,F,Medical Assistant,Tolon District communities,Tolon District communities,signed
492,Mohammed Abdulai,F,Community Health Officer,Tolon District communities,Tolon District communities,signed
493,Adiza Fuseini,F,Community Health Officer,Tolon District communities,Tolon District communities,signed
494,Fuseini Dauda,F,Medical Assistant,Tolon District communities,Tolon District communities,signed
495,Adiza Iddrisu,F,Midwife,Tolon District communities,Tolon District communities,signed
496,Mariam Seidu,F,Community Health Officer,Tolon District communities,Tolon District communities,signed
497,Hawa Napari,F,Community Health Officer,Tolon District communities,Tolon District communities,signed
498,Adiza Abdulai,F,Medical Assistant,Tolon District communities,Tolon District communities,signed
499,Adiza Dauda,F,Disease Control Officer,Tolon District communities,Tolon District communities,signed
500,Ayishetu Napari,F,Midwife,Tolon District communities,Tolon District communities,signed
501,Yakubu Dauda,F,Community Health Officer,Tolon District communities,Tolon District communities,signed
502,Iddrisu Napari,F,Midwife,Tolon District communities,Tolon District communities,signed
503,Baba Iddrisu,F,Midwife,Tolon District communities,Tolon District communities,signed
504,Hawa Alhassan,F,Midwife,Tolon District communities,Tolon District communities,signed
505,Fuseini Alhassan,F,Community Health Officer,Tolon District communities,Tolon District communities,signed
506,Adiza Yakubu,F,Community Health Officer,Tolon District communities,Tolon District communities,signed
507,Ayishetu Issahaku,F,Disease Control Officer,Tolon District communities,Tolon District communities,signed
508,Memunatu Dauda,F,Medical Assistant,Tolon District communities,Tolon District communities,signed
509,Fuseini Issahaku,F,Community Health Officer,Tolon District communities,Tolon District communities,signed
510,Mohammed Yakubu,F,Community Health Officer,Tolon District communities,Tolon District communities,signed
511,Memunatu Yakubu,F,Enrolled Nurse,Tolon District communities,Tolon District communities,signed
512,Salamatu Fuseini,F,Community Health Officer,Tolon District communities,Tolon District communities,signed
513,Iddrisu Issahaku,F,Medical Assistant,Tolon District communities,Tolon District communities,signed
514,Alhassan Iddrisu,F,Disease Control Officer,Tolon District communities,Tolon District communities,signed
515,Issah Dauda,F,Disease Control Officer,Tolon District communities,Tolon District communities,signed
516,Abdul Wumbei,F,Disease Control Officer,Tolon District communities,Tolon District communities,signed
517,Sulemana Tia,F,Community Health Officer,Tolon District communities,Tolon District communities,signed
518,Yakubu Tia,F,Enrolled Nurse,Tolon District communities,Tolon District communities,signed
519,Yakubu Alhassan,F,Enrolled Nurse,Tolon District communities,Tolon District communities,signed
520,Zuweira Dauda,F,Disease Control Officer,Tolon District communities,Tolon District communities,signed
521,Rahinatu Alhassan,F,Disease Control Officer,Tolon District communities,Tolon District communities,signed
522,Iddrisu Iddrisu,F,Community Health Officer,Tolon District communities,Tolon District communities,signed
523,Sulemana Abdulai,F,Enrolled Nurse,Tolon District communities,Tolon District communities,signed
524,Memunatu Seidu,F,Midwife,Tolon District communities,Tolon District communities,signed
525,Issah Yakubu,F,Disease Control Officer,Tolon District communities,Tolon District communities,signed
526,Mariam Abdulai,F,Disease Control Officer,Tolon District communities,Tolon District communities,signed
527,Rahinatu Abdulai,F,Enrolled Nurse,Tolon District communities,Tolon District communities,signed
528,Fuseini Fuseini,F,Medical Assistant,Tolon District communities,Tolon District communities,signed
529,Baba Yakubu,F,Community Health Officer,Tolon District communities,Tolon District communities,signed
530,Abu Mahama,F,Disease Control Officer,Tolon District communities,Tolon District communities,signed
531,Adiza Abdulai,F,Disease Control Officer,Tolon District communities,Tolon District communities,signed
532,Abu Dauda,F,Medical Assistant,Tolon District communities,Tolon District communities,signed
533,Sanatu Yakubu,F,Medical Assistant,Tolon District communities,Tolon District communities,signed
534,Issah Wumbei,F,Medical Assistant,Tolon District communities,Tolon District communities,signed
535,Mohammed Abdulai,F,Enrolled Nurse,Tolon District communities,Tolon District communities,signed
536,Iddrisu Fuseini,F,Disease Control Officer,Tolon District communities,Tolon District communities,signed
537,Ayishetu Issahaku,F,Medical Assistant,Tolon District communities,Tolon District communities,signed
538,Alhassan Seidu,F,Community Health Officer,Tolon District communities,Tolon District communities,signed
539,Adiza Wumbei,F,Enrolled Nurse,Tolon District communities,Tolon District communities,signed
540,Alhassan Dauda,F,Disease Control Officer,Tolon District communities,Tolon District communities,signed
541,Abdul Alhassan,F,Enrolled Nurse,Tolon District communities,Tolon District communities,signed
542,Hawa Alhassan,F,Community Health Officer,Tolon District communities,Tolon District communities,signed
543,Zuweira Iddrisu,F,Midwife,Tolon District communities,Tolon District communities,signed
544,Hawa Dauda,F,Disease Control Officer,Tolon District communities,Tolon District communities,signed
545,Alhassan Abdulai,F,Community Health Officer,Tolon District communities,Tolon District communities,signed
546,Mohammed Abdulai,F,Enrolled Nurse,Tolon District communities,Tolon District communities,signed
547,Issah Seidu,F,Community Health Officer,Tolon District communities,Tolon District communities,signed
548,Alhassan Wumbei,F,Medical Assistant,Tolon District communities,Tolon District communities,signed
549,Alhassan Seidu,F,Disease Control Officer,Tolon District communities,Tolon District communities,signed
550,Memunatu Alhassan,F,Midwife,Tolon District communities,Tolon District communities,signed
551,Rahinatu Abdulai,F,Midwife,Tolon District communities,Tolon District communities,signed
552,Mohammed Seidu,F,Midwife,Tolon District communities,Tolon District communities,signed
553,Hawa Iddrisu,F,Enrolled Nurse,Tolon District communities,Tolon District communities,signed
554,Fati Fuseini,F,Community Health Officer,Tolon District communities,Tolon District communities,signed
555,Iddrisu Napari,F,Community Health Officer,Tolon District communities,Tolon District communities,signed
556,Mariam Tia,F,Enrolled Nurse,Tolon District communities,Tolon District communities,signed
557,Mariam Issahaku,F,Midwife,Tolon District communities,Tolon District communities,signed
558,Issah Dauda,F,Midwife,Tolon District communities,Tolon District communities,signed
559,Memunatu Mahama,F,Disease Control Officer,Tolon District communities,Tolon District communities,signed
560,Abu Seidu,F,Disease Control Officer,Tolon District communities,Tolon District communities,signed
561,Hawa Napari,F,Midwife,Tolon District communities,Tolon District communities,signed
562,Alhassan Abdulai,F,Enrolled Nurse,Tolon District communities,Tolon District communities,signed
563,Rahinatu Yakubu,F,Enrolled Nurse,Tolon District communities,Tolon District communities,signed
564,Abu Abdulai,F,Community Health Officer,Tolon District communities,Tolon District communities,signed
565,Hawa Tia,F,Disease Control Officer,Tolon District communities,Tolon District communities,signed
566,Salamatu Tia,F,Medical Assistant,Tolon District communities,Tolon District communities,signed
567,Rahinatu Seidu,F,Medical Assistant,Tolon District communities,Tolon District communities,signed
568,Issah Alhassan,F,Disease Control Officer,Tolon District communities,Tolon District communities,signed
569,Ayishetu Iddrisu,F,Enrolled Nurse,Tolon District communities,Tolon District communities,signed
570,Issah Napari,F,Medical Assistant,Tolon District communities,Tolon District communities,signed
571,Fati Abdulai,F,Midwife,Tolon District communities,Tolon District communities,signed
572,Memunatu Alhassan,F,Community Health Officer,Tolon District communities,Tolon District communities,signed
573,Ayishetu Issahaku,F,Community Health Officer,Tolon District communities,Tolon District communities,signed
574,Baba Issahaku,F,Disease Control Officer,Tolon District communities,Tolon District communities,signed
575,Hawa Issahaku,F,Midwife,Tolon District communities,Tolon District communities,signed
576,Issah Dauda,F,Disease Control Officer,Tolon District communities,Tolon District communities,signed
577,Rahinatu Issahaku,F,Medical Assistant,Tolon District communities,Tolon District communities,signed
578,Fati Alhassan,F,Enrolled Nurse,Tolon District communities,Tolon District communities,signed
579,Memunatu Tia,F,Enrolled Nurse,Tolon District communities,Tolon District communities,signed
580,Mohammed Mahama,F,Medical Assistant,Tolon District communities,Tolon District communities,signed
581,Zuweira Tia,F,Enrolled Nurse,Tolon District communities,Tolon District communities,signed
582,Salamatu Dauda,F,Disease Control Officer,Tolon District communities,Tolon District communities,signed
583,Sanatu Yakubu,F,Community Health Officer,Tolon District communities,Tolon District communities,signed
584,Alhassan Abdulai,F,Disease Control Officer,Tolon District communities,Tolon District communities,signed
585,Yakubu Seidu,F,Community Health Officer,Tolon District communities,Tolon District communities,signed
586,Memunatu Tia,F,Midwife,Tolon District communities,Tolon District communities,signed
587,Fuseini Napari,F,Disease Control Officer,Tolon District communities,Tolon District communities,signed
588,Abdul Yakubu,F,Enrolled Nurse,Tolon District communities,Tolon District communities,signed
589,Baba Iddrisu,F,Enrolled Nurse,Tolon District communities,Tolon District communities,signed
590,Yakubu Napari,F,Enrolled Nurse,Tolon District communities,Tolon District communities,signed
591,Iddrisu Tia,F,Enrolled Nurse,Tolon District communities,Tolon District communities,signed
592,Issah Issahaku,F,Midwife,Tolon District communities,Tolon District communities,signed
593,Abdul Wumbei,F,Midwife,Tolon District communities,Tolon District communities,signed
594,Memunatu Fuseini,F,Community Health Officer,Tolon District communities,Tolon District communities,signed
595,Hawa Issahaku,F,Enrolled Nurse,Tolon District communities,Tolon District communities,signed
596,Iddrisu Mahama,F,Medical Assistant,Tolon District communities,Tolon District communities,signed
597,Yakubu Abdulai,F,Medical Assistant,Tolon District communities,Tolon District communities,signed
598,Hawa Seidu,F,Disease Control Officer,Tolon District communities,Tolon District communities,signed
599,Fuseini Alhassan,F,Medical Assistant,Tolon District communities,Tolon District communities,signed
600,Ayishetu Yakubu,F,Community Health Officer,Tolon District communities,Tolon District communities,signed
601,Yakubu Issahaku,F,Community Health Officer,Tolon District communities,Tolon District communities,signed
602,Abdul Tia,F,Midwife,Tolon District communities,Tolon District communities,signed
603,Rahinatu Tia,F,Disease Control Officer,Tolon District communities,Tolon District communities,signed
604,Alhassan Tia,F,Enrolled Nurse,Tolon District communities,Tolon District communities,signed
605,Alhassan Iddrisu,F,Community Health Officer,Tolon District communities,Tolon District communities,signed
606,Sanatu Napari,F,Disease Control Officer,Tolon District communities,Tolon District communities,signed
607,Ayishetu Seidu,F,Midwife,Tolon District communities,Tolon District communities,signed
608,Adiza Fuseini,F,Disease Control Officer,Tolon District communities,Tolon District communities,signed
609,Baba Tia,F,Midwife,Tolon District communities,Tolon District communities,signed
610,Issah Mahama,F,Medical Assistant,Tolon District communities,Tolon District communities,signed
611,Fuseini Tia,F,Medical Assistant,Tolon District communities,Tolon District communities,signed
612,Abdul Alhassan,F,Enrolled Nurse,Tolon District communities,Tolon District communities,signed
613,Mohammed Wumbei,F,Medical Assistant,Tolon District communities,Tolon District communities,signed
614,Ayishetu Mahama,F,Disease Control Officer,Tolon District communities,Tolon District communities,signed
615,Yakubu Abdulai,F,Community Health Officer,Tolon District communities,Tolon District communities,signed
616,Salamatu Mahama,F,Midwife,Tolon District communities,Tolon District communities,signed
617,Fati Wumbei,F,Medical Assistant,Tolon District communities,Tolon District communities,signed
618,Zuweira Wumbei,F,Enrolled Nurse,Tolon District communities,Tolon District communities,signed
619,Mohammed Fuseini,F,Community Health Officer,Tolon District communities,Tolon District communities,signed
620,Mohammed Issahaku,F,Enrolled Nurse,Tolon District communities,Tolon District communities,signed
621,Zuweira Seidu,F,Disease Control Officer,Tolon District communities,Tolon District communities,signed
622,Sanatu Seidu,F,Medical Assistant,Tolon District communities,Tolon District communities,signed
623,Iddrisu Wumbei,F,Disease Control Officer,Tolon District communities,Tolon District communities,signed
624,Abdul Yakubu,F,Disease Control Officer,Tolon District communities,Tolon District communities,signed
625,Sanatu Abdulai,F,Medical Assistant,Tolon District communities,Tolon District communities,signed
626,Abdul Alhassan,F,Medical Assistant,Tolon District communities,Tolon District communities,signed
627,Fuseini Yakubu,F,Midwife,Tolon District communities,Tolon District communities,signed
628,Abdul Fuseini,F,Midwife,Tolon District communities,Tolon District communities,signed
629,Mohammed Mahama,F,Medical Assistant,Tolon District communities,Tolon District communities,signed
630,Ayishetu Napari,F,Medical Assistant,Tolon District communities,Tolon District communities,signed
631,Issah Fuseini,F,Enrolled Nurse,Tolon District communities,Tolon District communities,signed
632,Mariam Iddrisu,F,Medical Assistant,Tolon District communities,Tolon District communities,signed
633,Mohammed Napari,F,Enrolled Nurse,Tolon District communities,Tolon District communities,signed
634,Iddrisu Abdulai,F,Medical Assistant,Tolon District communities,Tolon District communities,signed
635,Alhassan Mahama,F,Disease Control Officer,Tolon District communities,Tolon District communities,signed
636,Iddrisu Napari,F,Enrolled Nurse,Tolon District communities,Tolon District communities,signed
637,Rahinatu Dauda,F,Medical Assistant,Tolon District communities,Tolon District communities,signed
638,Abdul Mahama,F,Community Health Officer,Tolon District communities,Tolon District communities,signed
639,Ayishetu Tia,F,Community Health Officer,Tolon District communities,Tolon District communities,signed
640,Mariam Wumbei,F,Midwife,Tolon District communities,Tolon District communities,signed
641,Rahinatu Napari,F,Midwife,Tolon District communities,Tolon District communities,signed
642,Memunatu Napari,F,Disease Control Officer,Tolon District communities,Tolon District communities,signed
643,Yakubu Wumbei,F,Disease Control Officer,Tolon District communities,Tolon District communities,signed
644,Abdul Dauda,F,Enrolled Nurse,Tolon District communities,Tolon District communities,signed
645,Adiza Iddrisu,F,Medical Assistant,Tolon District communities,Tolon District communities,signed
646,Baba Yakubu,F,Enrolled Nurse,Tolon District communities,Tolon District communities,signed
647,Iddrisu Seidu,F,Midwife,Tolon District communities,Tolon District communities,signed
648,Baba Wumbei,F,Community Health Officer,Tolon District communities,Tolon District communities,signed
649,Rahinatu Tia,F,Enrolled Nurse,Tolon District communities,Tolon District communities,signed
650,Memunatu Fuseini,F,Disease Control Officer,Tolon District communities,Tolon District communities,signed
651,Alhassan Wumbei,F,Enrolled Nurse,Tolon District communities,Tolon District communities,signed
652,Issah Wumbei,F,Disease Control Officer,Tolon District communities,Tolon District communities,signed
653,Issah Seidu,F,Community Health Officer,Tolon District communities,Tolon District communities,signed
654,Mariam Seidu,F,Disease Control Officer,Tolon District communities,Tolon District communities,signed
655,Hawa Yakubu,F,Enrolled Nurse,Tolon District communities,Tolon District communities,signed
656,Memunatu Dauda,F,Midwife,Tolon District communities,Tolon District communities,signed
657,Adiza Yakubu,F,Enrolled Nurse,Tolon District communities,Tolon District communities,signed
658,Baba Dauda,F,Disease Control Officer,Tolon District communities,Tolon District communities,signed
659,Baba Alhassan,F,Disease Control Officer,Tolon District communities,Tolon District communities,signed
660,Baba Napari,F,Midwife,Tolon District communities,Tolon District communities,signed
661,Baba Abdulai,F,Midwife,Tolon District communities,Tolon District communities,signed
662,Fati Issahaku,F,Community Health Officer,Tolon District communities,Tolon District communities,signed
663,Fuseini Alhassan,F,Midwife,Tolon District communities,Tolon District communities,signed
664,Fati Napari,F,Midwife,Tolon District communities,Tolon District communities,signed
665,Mariam Yakubu,F,Enrolled Nurse,Tolon District communities,Tolon District communities,signed
666,Hawa Mahama,F,Medical Assistant,Tolon District communities,Tolon District communities,signed
667,Fuseini Alhassan,F,Disease Control Officer,Tolon District communities,Tolon District communities,signed
668,Fati Wumbei,F,Enrolled Nurse,Tolon District communities,Tolon District communities,signed
669,Alhassan Dauda,F,Enrolled Nurse,Tolon District communities,Tolon District communities,signed
670,Abdul Yakubu,F,Enrolled Nurse,Tolon District communities,Tolon District communities,signed
671,Issah Abdulai,F,Medical Assistant,Tolon District communities,Tolon District communities,signed
672,Iddrisu Seidu,F,Medical Assistant,Tolon District communities,Tolon District communities,signed
673,Mohammed Fuseini,F,Enrolled Nurse,Tolon District communities,Tolon District communities,signed
674,Adiza Seidu,F,Midwife,Tolon District communities,Tolon District communities,signed
675,Memunatu Iddrisu,F,Disease Control Officer,Tolon District communities,Tolon District communities,signed
676,Yakubu Seidu,F,Medical Assistant,Tolon District communities,Tolon District communities,signed
677,Alhassan Dauda,F,Community Health Officer,Tolon District communities,Tolon District communities,signed
678,Abu Napari,F,Community Health Officer,Tolon District communities,Tolon District communities,signed
679,Iddrisu Seidu,F,Midwife,Tolon District communities,Tolon District communities,signed
680,Abdul Fuseini,F,Enrolled Nurse,Tolon District communities,Tolon District communities,signed
681,Issah Tia,F,Disease Control Officer,Tolon District communities,Tolon District communities,signed
682,Mariam Tia,F,Enrolled Nurse,Tolon District communities,Tolon District communities,signed
683,Fati Issahaku,F,Disease Control Officer,Tolon District communities,Tolon District communities,signed
684,Abdul Napari,F,Disease Control Officer,Tolon District communities,Tolon District communities,signed
685,Issah Alhassan,F,Disease Control Officer,Tolon District communities,Tolon District communities,signed
686,Salamatu Abdulai,F,Medical Assistant,Tolon District communities,Tolon District communities,signed
687,Memunatu Wumbei,F,Community Health Officer,Tolon District communities,Tolon District communities,signed
688,Mariam Abdulai,F,Midwife,Tolon District communities,Tolon District communities,signed
689,Adiza Fuseini,F,Midwife,Tolon District communities,Tolon District communities,signed
690,Hawa Iddrisu,F,Community Health Officer,Tolon District communities,Tolon District communities,signed
691,Yakubu Tia,F,Disease Control Officer,Tolon District communities,Tolon District communities,signed
692,Adiza Abdulai,F,Community Health Officer,Tolon District communities,Tolon District communities,signed
693,Ayishetu Dauda,F,Enrolled Nurse,Tolon District communities,Tolon District communities,signed
694,Abdul Napari,F,Medical Assistant,Tolon District communities,Tolon District communities,signed
695,Adiza Iddrisu,F,Community Health Officer,Tolon District communities,Tolon District communities,signed
696,Memunatu Iddrisu,F,Enrolled Nurse,Tolon District communities,Tolon District communities,signed
697,Fuseini Alhassan,F,Midwife,Tolon District communities,Tolon District communities,signed
698,Fuseini Fuseini,F,Midwife,Tolon District communities,Tolon District communities,signed
699,Yakubu Seidu,F,Medical Assistant,Tolon District communities,Tolon District communities,signed
700,Adiza Napari,F,Medical Assistant,Tolon District communities,Tolon District communities,signed
701,Fuseini Yakubu,F,Community Health Officer,Tolon District communities,Tolon District communities,signed
702,Salamatu Abdulai,F,Midwife,Tolon District communities,Tolon District communities,signed
703,Zuweira Iddrisu,F,Midwife,Tolon District communities,Tolon District communities,signed
704,Memunatu Tia,F,Midwife,Tolon District communities,Tolon District communities,signed
705,Fati Tia,F,Disease Control Officer,Tolon District communities,Tolon District communities,signed
706,Fuseini Mahama,F,Midwife,Tolon District communities,Tolon District communities,signed
707,Salamatu Dauda,F,Community Health Officer,Tolon District communities,Tolon District communities,signed
708,Mariam Tia,F,Medical Assistant,Tolon District communities,Tolon District communities,signed
709,Abu Iddrisu,F,Enrolled Nurse,Tolon District communities,Tolon District communities,signed
710,Hawa Yakubu,F,Disease Control Officer,Tolon District communities,Tolon District communities,signed
711,Abdul Mahama,F,Enrolled Nurse,Tolon District communities,Tolon District communities,signed
712,Iddrisu Yakubu,F,Enrolled Nurse,Tolon District communities,Tolon District communities,signed
713,Abdul Napari,F,Midwife,Tolon District communities,Tolon District communities,signed
714,Baba Napari,F,Community Health Officer,Tolon District communities,Tolon District communities,signed
715,Yakubu Iddrisu,F,Medical Assistant,Tolon District communities,Tolon District communities,signed
716,Issah Mahama,F,Medical Assistant,Tolon District communities,Tolon District communities,signed
717,Salamatu Issahaku,F,Enrolled Nurse,Tolon District communities,Tolon District communities,signed
718,Alhassan Yakubu,F,Midwife,Tolon District communities,Tolon District communities,signed
719,Memunatu Fuseini,F,Disease Control Officer,Tolon District communities,Tolon District communities,signed
720,Iddrisu Dauda,F,Medical Assistant,Tolon District communities,Tolon District communities,signed
721,Fuseini Issahaku,F,Community Health Officer,Tolon District communities,Tolon District communities,signed
722,Zuweira Fuseini,F,Enrolled Nurse,Tolon District communities,Tolon District communities,signed
723,Alhassan Fuseini,F,Disease Control Officer,Tolon District communities,Tolon District communities,signed
724,Memunatu Alhassan,F,Community Health Officer,Tolon District communities,Tolon District communities,signed
725,Sulemana Issahaku,F,Community Health Officer,Tolon District communities,Tolon District communities,signed
726,Ayishetu Iddrisu,F,Community Health Officer,Tolon District communities,Tolon District communities,signed
727,Yakubu Abdulai,F,Disease Control Officer,Tolon District communities,Tolon District communities,signed
728,Sanatu Dauda,F,Medical Assistant,Tolon District communities,Tolon District communities,signed
729,Sulemana Fuseini,F,Disease Control Officer,Tolon District communities,Tolon District communities,signed
730,Fati Alhassan,F,Midwife,Tolon District communities,Tolon District communities,signed
731,Mariam Tia,F,Medical Assistant,Tolon District communities,Tolon District communities,signed
732,Ayishetu Mahama,F,Community Health Officer,Tolon District communities,Tolon District communities,signed
733,Baba Alhassan,F,Medical Assistant,Tolon District communities,Tolon District communities,signed
734,Ayishetu Abdulai,F,Midwife,Tolon District communities,Tolon District communities,signed
735,Sulemana Tia,F,Medical Assistant,Tolon District communities,Tolon District communities,signed
736,Ayishetu Wumbei,F,Medical Assistant,Tolon District communities,Tolon District communities,signed
737,Alhassan Napari,F,Community Health Officer,Tolon District communities,Tolon District communities,signed
738,Fati Wumbei,F,Medical Assistant,Tolon District communities,Tolon District communities,signed
739,Memunatu Napari,F,Midwife,Tolon District communities,Tolon District communities,signed
740,Mohammed Fuseini,F,Enrolled Nurse,Tolon District communities,Tolon District communities,signed
741,Fuseini Napari,F,Community Health Officer,Tolon District communities,Tolon District communities,signed
742,Sanatu Yakubu,F,Community Health Officer,Tolon District communities,Tolon District communities,signed
743,Mohammed Tia,F,Medical Assistant,Tolon District communities,Tolon District communities,signed
744,Mariam Mahama,F,Midwife,Tolon District communities,Tolon District communities,signed
745,Iddrisu Issahaku,F,Community Health Officer,Tolon District communities,Tolon District communities,signed
746,Fati Napari,F,Medical Assistant,Tolon District communities,Tolon District communities,signed
747,Alhassan Seidu,F,Midwife,Tolon District communities,Tolon District communities,signed
748,Fuseini Tia,F,Disease Control Officer,Tolon District communities,Tolon District communities,signed
749,Fati Napari,F,Community Health Officer,Tolon District communities,Tolon District communities,signed
750,Fuseini Iddrisu,F,Community Health Officer,Tolon District communities,Tolon District communities,signed
751,Abu Tia,F,Community Health Officer,Tolon District communities,Tolon District communities,signed
752,Sanatu Alhassan,F,Medical Assistant,Tolon District communities,Tolon District communities,signed
753,Fuseini Issahaku,F,Enrolled Nurse,Tolon District communities,Tolon District communities,signed
754,Fuseini Issahaku,F,Midwife,Tolon District communities,Tolon District communities,signed
755,Fati Napari,F,Community Health Officer,Tolon District communities,Tolon District communities,signed
756,Issah Tia,F,Enrolled Nurse,Tolon District communities,Tolon District communities,signed
757,Fati Issahaku,F,Midwife,Tolon District communities,Tolon District communities,signed
758,Ayishetu Iddrisu,F,Midwife,Tolon District communities,Tolon District communities,signed
759,Ayishetu Dauda,F,Medical Assistant,Tolon District communities,Tolon District communities,signed
760,Zuweira Dauda,F,Community Health Officer,Tolon District communities,Tolon District communities,signed
761,Mohammed Dauda,F,Medical Assistant,Tolon District communities,Tolon District communities,signed
762,Iddrisu Seidu,F,Midwife,Tolon District communities,Tolon District communities,signed
763,Mariam Issahaku,F,Medical Assistant,Tolon District communities,Tolon District communities,signed
764,Baba Issahaku,F,Midwife,Tolon District communities,Tolon District communities,signed
765,Fati Alhassan,F,Enrolled Nurse,Tolon District communities,Tolon District communities,signed
766,Abdul Alhassan,F,Community Health Officer,Tolon District communities,Tolon District communities,signed
767,Fati Yakubu,F,Disease Control Officer,Tolon District communities,Tolon District communities,signed
768,Iddrisu Abdulai,F,Disease Control Officer,Tolon District communities,Tolon District communities,signed
769,Abdul Seidu,F,Community Health Officer,Tolon District communities,Tolon District communities,signed
770,Yakubu Napari,F,Midwife,Tolon District communities,Tolon District communities,signed
771,Yakubu Fuseini,F,Disease Control Officer,Tolon District communities,Tolon District communities,signed
772,Issah Yakubu,F,Enrolled Nurse,Tolon District communities,Tolon District communities,signed
773,Alhassan Dauda,F,Community Health Officer,Tolon District communities,Tolon District communities,signed
774,Ayishetu Yakubu,F,Enrolled Nurse,Tolon District communities,Tolon District communities,signed
775,Yakubu Seidu,F,Disease Control Officer,Tolon District communities,Tolon District communities,signed
776,Fuseini Fuseini,F,Medical Assistant,Tolon District communities,Tolon District communities,signed
777,Alhassan Alhassan,F,Disease Control Officer,Tolon District communities,Tolon District communities,signed
778,Abdul Iddrisu,F,Midwife,Tolon District communities,Tolon District communities,signed
779,Mariam Seidu,F,Medical Assistant,Tolon District communities,Tolon District communities,signed
780,Mohammed Tia,F,Enrolled Nurse,Tolon District communities,Tolon District communities,signed
781,Fuseini Yakubu,F,Medical Assistant,Tolon District communities,Tolon District communities,signed
782,Iddrisu Seidu,F,Disease Control Officer,Tolon District communities,Tolon District communities,signed
783,Issah Issahaku,F,Medical Assistant,Tolon District communities,Tolon District communities,signed
784,Hawa Fuseini,F,Midwife,Tolon District communities,Tolon District communities,signed
785,Adiza Yakubu,F,Midwife,Tolon District communities,Tolon District communities,signed
786,Abdul Wumbei,F,Medical Assistant,Tolon District communities,Tolon District communities,signed
787,Memunatu Napari,F,Enrolled Nurse,Tolon District communities,Tolon District communities,signed
788,Yakubu Wumbei,F,Disease Control Officer,Tolon District communities,Tolon District communities,signed
789,Salamatu Issahaku,F,Enrolled Nurse,Tolon District communities,Tolon District communities,signed
790,Rahinatu Seidu,F,Midwife,Tolon District communities,Tolon District communities,signed
791,Rahinatu Wumbei,F,Community Health Officer,Tolon District communities,Tolon District communities,signed
792,Baba Seidu,F,Midwife,Tolon District communities,Tolon District communities,signed
793,Zuweira Abdulai,F,Enrolled Nurse,Tolon District communities,Tolon District communities,signed
794,Iddrisu Alhassan,F,Enrolled Nurse,Tolon District communities,Tolon District communities,signed
795,Mariam Napari,F,Disease Control Officer,Tolon District communities,Tolon District communities,signed
796,Hawa Fuseini,F,Enrolled Nurse,Tolon District communities,Tolon District communities,signed
797,Abdul Issahaku,F,Medical Assistant,Tolon District communities,Tolon District communities,signed
798,Abdul Iddrisu,F,Community Health Officer,Tolon District communities,Tolon District communities,signed
799,Sulemana Tia,F,Midwife,Tolon District communities,Tolon District communities,signed
800,Ayishetu Dauda,F,Disease Control Officer,Tolon District communities,Tolon District communities,signed
801,Issah Alhassan,F,Medical Assistant,Tolon District communities,Tolon District communities,signed
802,Sulemana Yakubu,F,Community Health Officer,Tolon District communities,Tolon District communities,signed
803,Sanatu Mahama,F,Midwife,Tolon District communities,Tolon District communities,signed
804,Salamatu Iddrisu,F,Midwife,Tolon District communities,Tolon District communities,signed
805,Fuseini Dauda,F,Midwife,Tolon District communities,Tolon District communities,signed
806,Yakubu Wumbei,F,Midwife,Tolon District communities,Tolon District communities,signed
807,Baba Napari,F,Medical Assistant,Tolon District communities,Tolon District communities,signed
808,Sanatu Mahama,F,Medical Assistant,Tolon District communities,Tolon District communities,signed
809,Salamatu Seidu,F,Medical Assistant,Tolon District communities,Tolon District communities,signed
810,Adiza Yakubu,F,Community Health Officer,Tolon District communities,Tolon District communities,signed
811,Adiza Yakubu,F,Medical Assistant,Tolon District communities,Tolon District communities,signed
812,Memunatu Napari,F,Community Health Officer,Tolon District communities,Tolon District communities,signed
813,Rahinatu Wumbei,F,Community Health Officer,Tolon District communities,Tolon District communities,signed
814,Baba Fuseini,F,Disease Control Officer,Tolon District communities,Tolon District communities,signed
815,Mariam Wumbei,F,Enrolled Nurse,Tolon District communities,Tolon District communities,signed
816,Abdul Issahaku,F,Disease Control Officer,Tolon District communities,Tolon District communities,signed
817,Abu Napari,F,Midwife,Tolon District communities,Tolon District communities,signed
818,Abdul Napari,F,Enrolled Nurse,Tolon District communities,Tolon District communities,signed
819,Baba Tia,F,Medical Assistant,Tolon District communities,Tolon District communities,signed
820,Iddrisu Alhassan,F,Midwife,Tolon District communities,Tolon District communities,signed
821,Rahinatu Fuseini,F,Midwife,Tolon District communities,Tolon District communities,signed
822,Alhassan Wumbei,F,Midwife,Tolon District communities,Tolon District communities,signed
823,Fuseini Abdulai,F,Enrolled Nurse,Tolon District communities,Tolon District communities,signed
824,Memunatu Dauda,F,Enrolled Nurse,Tolon District communities,Tolon District communities,signed
825,Fati Alhassan,F,Midwife,Tolon District communities,Tolon District communities,signed
826,Abu Tia,F,Medical Assistant,Tolon District communities,Tolon District communities,signed
827,Sulemana Tia,F,Midwife,Tolon District communities,Tolon District communities,signed
828,Fuseini Abdulai,F,Community Health Officer,Tolon District communities,Tolon District communities,signed
829,Fati Mahama,F,Enrolled Nurse,Tolon District communities,Tolon District communities,signed
830,Salamatu Seidu,F,Medical Assistant,Tolon District communities,Tolon District communities,signed
831,Fuseini Dauda,F,Midwife,Tolon District communities,Tolon District communities,signed
832,Hawa Issahaku,F,Community Health Officer,Tolon District communities,Tolon District communities,signed
833,Adiza Abdulai,F,Disease Control Officer,Tolon District communities,Tolon District communities,signed
834,Issah Yakubu,F,Community Health Officer,Tolon District communities,Tolon District communities,signed
835,Mariam Seidu,F,Community Health Officer,Tolon District communities,Tolon District communities,signed
836,Sanatu Wumbei,F,Medical Assistant,Tolon District communities,Tolon District communities,signed
837,Issah Seidu,F,Disease Control Officer,Tolon District communities,Tolon District communities,signed
838,Adiza Wumbei,F,Community Health Officer,Tolon District communities,Tolon District communities,signed
839,Yakubu Wumbei,F,Medical Assistant,Tolon District communities,Tolon District communities,signed
840,Memunatu Issahaku,F,Disease Control Officer,Tolon District communities,Tolon District communities,signed
841,Abu Wumbei,F,Community Health Officer,Tolon District communities,Tolon District communities,signed
842,Fuseini Alhassan,F,Midwife,Tolon District communities,Tolon District communities,signed
843,Zuweira Napari,F,Enrolled Nurse,Tolon District communities,Tolon District communities,signed
844,Mariam Iddrisu,F,Midwife,Tolon District communities,Tolon District communities,signed
845,Adiza Yakubu,F,Medical Assistant,Tolon District communities,Tolon District communities,signed
846,Mohammed Seidu,F,Enrolled Nurse,Tolon District communities,Tolon District communities,signed
847,Abu Alhassan,F,Disease Control Officer,Tolon District communities,Tolon District communities,signed
848,Iddrisu Seidu,F,Midwife,Tolon District communities,Tolon District communities,signed
849,Sanatu Abdulai,F,Community Health Officer,Tolon District communities,Tolon District communities,signed
850,Fuseini Yakubu,F,Community Health Officer,Tolon District communities,Tolon District communities,signed
851,Issah Iddrisu,F,Medical Assistant,Tolon District communities,Tolon District communities,signed
852,Salamatu Wumbei,F,Medical Assistant,Tolon District communities,Tolon District communities,signed
853,Abu Alhassan,F,Midwife,Tolon District communities,Tolon District communities,signed
854,Yakubu Dauda,F,Community Health Officer,Tolon District communities,Tolon District communities,signed
855,Sulemana Tia,F,Disease Control Officer,Tolon District communities,Tolon District communities,signed
856,Alhassan Napari,F,Midwife,Tolon District communities,Tolon District communities,signed
857,Mariam Issahaku,F,Medical Assistant,Tolon District communities,Tolon District communities,signed
858,Memunatu Alhassan,F,Enrolled Nurse,Tolon District communities,Tolon District communities,signed
859,Baba Alhassan,F,Enrolled Nurse,Tolon District communities,Tolon District communities,signed
860,Fati Wumbei,F,Enrolled Nurse,Tolon District communities,Tolon District communities,signed
861,Rahinatu Dauda,F,Midwife,Tolon District communities,Tolon District communities,signed
862,Abdul Abdulai,F,Midwife,Tolon District communities,Tolon District communities,signed
863,Sanatu Iddrisu,F,Midwife,Tolon District communities,Tolon District communities,signed
864,Yakubu Tia,F,Community Health Officer,Tolon District communities,Tolon District communities,signed
865,Baba Alhassan,F,Medical Assistant,Tolon District communities,Tolon District communities,signed
866,Sulemana Abdulai,F,Community Health Officer,Tolon District communities,Tolon District communities,signed
867,Yakubu Tia,F,Community Health Officer,Tolon District communities,Tolon District communities,signed
868,Abu Iddrisu,F,Community Health Officer,Tolon District communities,Tolon District communities,signed
869,Alhassan Abdulai,F,Enrolled Nurse,Tolon District communities,Tolon District communities,signed
870,Baba Seidu,F,Disease Control Officer,Tolon District communities,Tolon District communities,signed
871,Baba Alhassan,F,Disease Control Officer,Tolon District communities,Tolon District communities,signed
872,Mariam Yakubu,F,Enrolled Nurse,Tolon District communities,Tolon District communities,signed
873,Mariam Tia,F,Disease Control Officer,Tolon District communities,Tolon District communities,signed
874,Sanatu Alhassan,F,Disease Control Officer,Tolon District communities,Tolon District communities,signed
875,Iddrisu Alhassan,F,Medical Assistant,Tolon District communities,Tolon District communities,signed
876,Issah Tia,F,Medical Assistant,Tolon District communities,Tolon District communities,signed
877,Sanatu Alhassan,F,Community Health Officer,Tolon District communities,Tolon District communities,signed
878,Baba Fuseini,F,Medical Assistant,Tolon District communities,Tolon District communities,signed
879,Zuweira Tia,F,Community Health Officer,Tolon District communities,Tolon District communities,signed
880,Salamatu Yakubu,F,Disease Control Officer,Tolon District communities,Tolon District communities,signed
881,Issah Abdulai,F,Midwife,Tolon District communities,Tolon District communities,signed
882,Mariam Napari,F,Disease Control Officer,Tolon District communities,Tolon District communities,signed
883,Mohammed Wumbei,F,Midwife,Tolon District communities,Tolon District communities,signed
884,Mariam Seidu,F,Medical Assistant,Tolon District communities,Tolon District communities,signed
885,Yakubu Alhassan,F,Disease Control Officer,Tolon District communities,Tolon District communities,signed
886,Zuweira Issahaku,F,Community Health Officer,Tolon District communities,Tolon District communities,signed
887,Abdul Seidu,F,Midwife,Tolon District communities,Tolon District communities,signed
888,Memunatu Dauda,F,Midwife,Tolon District communities,Tolon District communities,signed
889,Alhassan Wumbei,F,Community Health Officer,Tolon District communities,Tolon District communities,signed
890,Issah Mahama,F,Midwife,Tolon District communities,Tolon District communities,signed
891,Ayishetu Alhassan,F,Community Health Officer,Tolon District communities,Tolon District communities,signed
892,Abdul Iddrisu,F,Community Health Officer,Tolon District communities,Tolon District communities,signed
893,Sanatu Iddrisu,F,Disease Control Officer,Tolon District communities,Tolon District communities,signed
894,Sulemana Yakubu,F,Enrolled Nurse,Tolon District communities,Tolon District communities,signed
895,Rahinatu Iddrisu,F,Disease Control Officer,Tolon District communities,Tolon District communities,signed
896,Sulemana Fuseini,F,Medical Assistant,Tolon District communities,Tolon District communities,signed
897,Sanatu Tia,F,Disease Control Officer,Tolon District communities,Tolon District communities,signed
898,Abu Seidu,F,Disease Control Officer,Tolon District communities,Tolon District communities,signed
899,Iddrisu Issahaku,F,Enrolled Nurse,Tolon District communities,Tolon District communities,signed
900,Zuweira Iddrisu,F,Enrolled Nurse,Tolon District communities,Tolon District communities,signed
901,Sanatu Mahama,F,Medical Assistant,Tolon District communities,Tolon District communities,signed
902,Fuseini Iddrisu,F,Disease Control Officer,Tolon District communities,Tolon District communities,signed
903,Adiza Dauda,F,Medical Assistant,Tolon District communities,Tolon District communities,signed
904,Mohammed Yakubu,F,Midwife,Tolon District communities,Tolon District communities,signed
905,Mariam Iddrisu,F,Medical Assistant,Tolon District communities,Tolon District communities,signed
906,Salamatu Wumbei,F,Community Health Officer,Tolon District communities,Tolon District communities,signed
907,Abu Napari,F,Enrolled Nurse,Tolon District communities,Tolon District communities,signed
908,Ayishetu Dauda,F,Midwife,Tolon District communities,Tolon District communities,signed
909,Sulemana Seidu,F,Community Health Officer,Tolon District communities,Tolon District communities,signed
910,Zuweira Mahama,F,Enrolled Nurse,Tolon District communities,Tolon District communities,signed
911,Abdul Tia,F,Community Health Officer,Tolon District communities,Tolon District communities,signed
912,Ayishetu Seidu,F,Community Health Officer,Tolon District communities,Tolon District communities,signed
913,Zuweira Wumbei,F,Community Health Officer,Tolon District communities,Tolon District communities,signed
914,Fati Mahama,F,Community Health Officer,Tolon District communities,Tolon District communities,signed
915,Fuseini Wumbei,F,Disease Control Officer,Tolon District communities,Tolon District communities,signed
916,Salamatu Mahama,F,Community Health Officer,Tolon District communities,Tolon District communities,signed
917,Sanatu Iddrisu,F,Midwife,Tolon District communities,Tolon District communities,signed
918,Issah Wumbei,F,Enrolled Nurse,Tolon District communities,Tolon District communities,signed
919,Issah Iddrisu,F,Community Health Officer,Tolon District communities,Tolon District communities,signed
920,Sulemana Napari,F,Community Health Officer,Tolon District communities,Tolon District communities,signed
921,Mohammed Issahaku,F,Disease Control Officer,Tolon District communities,Tolon District communities,signed
922,Abu Tia,F,Medical Assistant,Tolon District communities,Tolon District communities,signed
923,Mohammed Napari,F,Medical Assistant,Tolon District communities,Tolon District communities,signed
924,Sanatu Mahama,F,Disease Control Officer,Tolon District communities,Tolon District communities,signed
925,Fati Tia,F,Disease Control Officer,Tolon District communities,Tolon District communities,signed
926,Sanatu Wumbei,F,Medical Assistant,Tolon District communities,Tolon District communities,signed
927,Alhassan Dauda,F,Medical Assistant,Tolon District communities,Tolon District communities,signed
928,Iddrisu Issahaku,F,Medical Assistant,Tolon District communities,Tolon District communities,signed
929,Mariam Iddrisu,F,Enrolled Nurse,Tolon District communities,Tolon District communities,signed
930,Hawa Napari,F,Community Health Officer,Tolon District communities,Tolon District communities,signed
931,Abu Yakubu,F,Disease Control Officer,Tolon District communities,Tolon District communities,signed
932,Adiza Alhassan,F,Enrolled Nurse,Tolon District communities,Tolon District communities,signed
933,Baba Abdulai,F,Disease Control Officer,Tolon District communities,Tolon District communities,signed
934,Adiza Tia,F,Enrolled Nurse,Tolon District communities,Tolon District communities,signed
935,Rahinatu Napari,F,Disease Control Officer,Tolon District communities,Tolon District communities,signed
936,Alhassan Yakubu,F,Community Health Officer,Tolon District communities,Tolon District communities,signed
937,Adiza Abdulai,F,Medical Assistant,Tolon District communities,Tolon District communities,signed
938,Hawa Wumbei,F,Medical Assistant,Tolon District communities,Tolon District communities,signed
939,Hawa Dauda,F,Midwife,Tolon District communities,Tolon District communities,signed
940,Fuseini Issahaku,F,Midwife,Tolon District communities,Tolon District communities,signed
941,Alhassan Iddrisu,F,Community Health Officer,Tolon District communities,Tolon District communities,signed
942,Abdul Seidu,F,Midwife,Tolon District communities,Tolon District communities,signed
943,Issah Fuseini,F,Disease Control Officer,Tolon District communities,Tolon District communities,signed
944,Zuweira Alhassan,F,Midwife,Tolon District communities,Tolon District communities,signed
945,Salamatu Mahama,F,Medical Assistant,Tolon District communities,Tolon District communities,signed
946,Hawa Tia,F,Community Health Officer,Tolon District communities,Tolon District communities,signed
947,Zuweira Dauda,F,Disease Control Officer,Tolon District communities,Tolon District communities,signed
948,Hawa Seidu,F,Midwife,Tolon District communities,Tolon District communities,signed
949,Hawa Iddrisu,F,Community Health Officer,Tolon District communities,Tolon District communities,signed
950,Sulemana Yakubu,F,Disease Control Officer,Tolon District communities,Tolon District communities,signed
951,Abu Abdulai,F,Enrolled Nurse,Tolon District communities,Tolon District communities,signed
952,Abu Fuseini,F,Medical Assistant,Tolon District communities,Tolon District communities,signed
953,Issah Yakubu,F,Enrolled Nurse,Tolon District communities,Tolon District communities,signed
954,Abu Yakubu,F,Community Health Officer,Tolon District communities,Tolon District communities,signed
955,Adiza Tia,F,Enrolled Nurse,Tolon District communities,Tolon District communities,signed
956,Sanatu Napari,F,Community Health Officer,Tolon District communities,Tolon District communities,signed
957,Sanatu Alhassan,F,Enrolled Nurse,Tolon District communities,Tolon District communities,signed
958,Yakubu Fuseini,F,Medical Assistant,Tolon District communities,Tolon District communities,signed
959,Hawa Issahaku,F,Enrolled Nurse,Tolon District communities,Tolon District communities,signed
960,Sanatu Seidu,F,Medical Assistant,Tolon District communities,Tolon District communities,signed
961,Iddrisu Mahama,F,Community Health Officer,Tolon District communities,Tolon District communities,signed
962,Fuseini Napari,F,Community Health Officer,Tolon District communities,Tolon District communities,signed
963,Abdul Abdulai,F,Enrolled Nurse,Tolon District communities,Tolon District communities,signed
964,Sulemana Fuseini,F,Community Health Officer,Tolon District communities,Tolon District communities,signed
965,Fati Napari,F,Midwife,Tolon District communities,Tolon District communities,signed
966,Fati Seidu,F,Medical Assistant,Tolon District communities,Tolon District communities,signed
967,Hawa Seidu,F,Midwife,Tolon District communities,Tolon District communities,signed
968,Fati Mahama,F,Enrolled Nurse,Tolon District communities,Tolon District communities,signed
969,Adiza Seidu,F,Enrolled Nurse,Tolon District communities,Tolon District communities,signed
970,Abu Wumbei,F,Disease Control Officer,Tolon District communities,Tolon District communities,signed
971,Iddrisu Fuseini,F,Midwife,Tolon District communities,Tolon District communities,signed
972,Fati Alhassan,F,Medical Assistant,Tolon District communities,Tolon District communities,signed
973,Issah Abdulai,F,Midwife,Tolon District communities,Tolon District communities,signed
974,Rahinatu Iddrisu,F,Midwife,Tolon District communities,Tolon District communities,signed
975,Zuweira Yakubu,F,Medical Assistant,Tolon District communities,Tolon District communities,signed
976,Mohammed Issahaku,F,Enrolled Nurse,Tolon District communities,Tolon District communities,signed
977,Rahinatu Iddrisu,F,Medical Assistant,Tolon District communities,Tolon District communities,signed
978,Hawa Napari,F,Medical Assistant,Tolon District communities,Tolon District communities,signed
979,Alhassan Tia,F,Community Health Officer,Tolon District communities,Tolon District communities,signed
980,Alhassan Seidu,F,Disease Control Officer,Tolon District communities,Tolon District communities,signed
981,Alhassan Issahaku,F,Medical Assistant,Tolon District communities,Tolon District communities,signed
982,Salamatu Iddrisu,F,Medical Assistant,Tolon District communities,Tolon District communities,signed
983,Issah Mahama,F,Disease Control Officer,Tolon District communities,Tolon District communities,signed
984,Adiza Iddrisu,F,Community Health Officer,Tolon District communities,Tolon District communities,signed
985,Abu Mahama,F,Community Health Officer,Tolon District communities,Tolon District communities,signed
986,Iddrisu Alhassan,F,Community Health Officer,Tolon District communities,Tolon District communities,signed
987,Issah Dauda,F,Medical Assistant,Tolon District communities,Tolon District communities,signed
988,Abdul Wumbei,F,Medical Assistant,Tolon District communities,Tolon District communities,signed
989,Rahinatu Seidu,F,Medical Assistant,Tolon District communities,Tolon District communities,signed
990,Iddrisu Mahama,F,Disease Control Officer,Tolon District communities,Tolon District communities,signed
991,Zuweira Mahama,F,Medical Assistant,Tolon District communities,Tolon District communities,signed
992,Memunatu Mahama,F,Medical Assistant,Tolon District communities,Tolon District communities,signed
993,Baba Iddrisu,F,Midwife,Tolon District communities,Tolon District communities,signed
994,Yakubu Napari,F,Medical Assistant,Tolon District communities,Tolon District communities,signed
995,Adiza Dauda,F,Disease Control Officer,Tolon District communities,Tolon District communities,signed
996,Ayishetu Seidu,F,Community Health Officer,Tolon District communities,Tolon District communities,signed
997,Zuweira Iddrisu,F,Enrolled Nurse,Tolon District communities,Tolon District communities,signed
998,Fati Tia,F,Midwife,Tolon District communities,Tolon District communities,signed
999,Memunatu Wumbei,F,Community Health Officer,Tolon District communities,Tolon District communities,signed
1000,Salamatu Dauda,F,Medical Assistant,Tolon District communities,Tolon District communities,signed
1001,Alhassan Dauda,F,Community Health Officer,Tolon District communities,Tolon District communities,signed
1002,Hawa Fuseini,F,Medical Assistant,Tolon District communities,Tolon District communities,signed
1003,Yakubu Seidu,F,Community Health Officer,Tolon District communities,Tolon District communities,signed
1004,Issah Tia,F,Enrolled Nurse,Tolon District communities,Tolon District communities,signed
1005,Mariam Seidu,F,Disease Control Officer,Tolon District communities,Tolon District communities,signed
1006,Fuseini Yakubu,F,Medical Assistant,Tolon District communities,Tolon District communities,signed
1007,Salamatu Issahaku,F,Disease Control Officer,Tolon District communities,Tolon District communities,signed
1008,Mariam Napari,F,Community Health Officer,Tolon District communities,Tolon District communities,signed
1009,Ayishetu Abdulai,F,Medical Assistant,Tolon District communities,Tolon District communities,signed
1010,Hawa Mahama,F,Disease Control Officer,Tolon District communities,Tolon District communities,signed
1011,Mariam Fuseini,F,Enrolled Nurse,Tolon District communities,Tolon District communities,signed
1012,Memunatu Mahama,F,Enrolled Nurse,Tolon District communities,Tolon District communities,signed
1013,Memunatu Yakubu,F,Community Health Officer,Tolon District communities,Tolon District communities,signed
1014,Salamatu Alhassan,F,Midwife,Tolon District communities,Tolon District communities,signed
1015,Adiza Iddrisu,F,Disease Control Officer,Tolon District communities,Tolon District communities,signed
1016,Salamatu Abdulai,F,Community Health Officer,Tolon District communities,Tolon District communities,signed
1017,Salamatu Seidu,F,Enrolled Nurse,Tolon District communities,Tolon District communities,signed
1018,Fati Tia,F,Community Health Officer,Tolon District communities,Tolon District communities,signed
1019,Mohammed Wumbei,F,Community Health Officer,Tolon District communities,Tolon District communities,signed
1020,Rahinatu Abdulai,F,Enrolled Nurse,Tolon District communities,Tolon District communities,signed
1021,Hawa Fuseini,F,Medical Assistant,Tolon District communities,Tolon District communities,signed
1022,Sanatu Wumbei,F,Enrolled Nurse,Tolon District communities,Tolon District communities,signed
1023,Alhassan Dauda,F,Disease Control Officer,Tolon District communities,Tolon District communities,signed
1024,Alhassan Napari,F,Medical Assistant,Tolon District communities,Tolon District communities,signed
1025,Memunatu Wumbei,F,Community Health Officer,Tolon District communities,Tolon District communities,signed
1026,Mariam Wumbei,F,Enrolled Nurse,Tolon District communities,Tolon District communities,signed
1027,Zuweira Abdulai,F,Community Health Officer,Tolon District communities,Tolon District communities,signed
1028,Alhassan Iddrisu,F,Medical Assistant,Tolon District communities,Tolon District communities,signed
1029,Fuseini Tia,F,Enrolled Nurse,Tolon District communities,Tolon District communities,signed
1030,Fati Fuseini,F,Enrolled Nurse,Tolon District communities,Tolon District communities,signed
1031,Fuseini Seidu,F,Disease Control Officer,Tolon District communities,Tolon District communities,signed
1032,Sulemana Dauda,F,Medical Assistant,Tolon District communities,Tolon District communities,signed
1033,Fati Issahaku,F,Community Health Officer,Tolon District communities,Tolon District communities,signed
1034,Abu Mahama,F,Community Health Officer,Tolon District communities,Tolon District communities,signed
1035,Fati Issahaku,F,Enrolled Nurse,Tolon District communities,Tolon District communities,signed
1036,Fati Dauda,F,Disease Control Officer,Tolon District communities,Tolon District communities,signed
1037,Mohammed Abdulai,F,Disease Control Officer,Tolon District communities,Tolon District communities,signed
1038,Rahinatu Wumbei,F,Enrolled Nurse,Tolon District communities,Tolon District communities,signed
1039,Sulemana Wumbei,F,Midwife,Tolon District communities,Tolon District communities,signed
1040,Memunatu Wumbei,F,Medical Assistant,Tolon District communities,Tolon District communities,signed
1041,Abdul Issahaku,F,Disease Control Officer,Tolon District communities,Tolon District communities,signed
1042,Mariam Dauda,F,Medical Assistant,Tolon District communities,Tolon District communities,signed
1043,Salamatu Wumbei,F,Community Health Officer,Tolon District communities,Tolon District communities,signed
1044,Alhassan Napari,F,Medical Assistant,Tolon District communities,Tolon District communities,signed
1045,Fati Wumbei,F,Enrolled Nurse,Tolon District communities,Tolon District communities,signed
1046,Adiza Alhassan,F,Medical Assistant,Tolon District communities,Tolon District communities,signed
1047,Baba Napari,F,Medical Assistant,Tolon District communities,Tolon District communities,signed
1048,Zuweira Mahama,F,Enrolled Nurse,Tolon District communities,Tolon District communities,signed
1049,Sanatu Wumbei,F,Midwife,Tolon District communities,Tolon District communities,signed
1050,Baba Seidu,F,Disease Control Officer,Tolon District communities,Tolon District communities,signed
1051,Mohammed Yakubu,F,Disease Control Officer,Tolon District communities,Tolon District communities,signed
1052,Yakubu Seidu,F,Community Health Officer,Tolon District communities,Tolon District communities,signed
1053,Memunatu Mahama,F,Community Health Officer,Tolon District communities,Tolon District communities,signed
1054,Fati Alhassan,F,Medical Assistant,Tolon District communities,Tolon District communities,signed
1055,Sanatu Napari,F,Community Health Officer,Tolon District communities,Tolon District communities,signed
1056,Alhassan Alhassan,F,Disease Control Officer,Tolon District communities,Tolon District communities,signed
1057,Sulemana Napari,F,Medical Assistant,Tolon District communities,Tolon District communities,signed
1058,Mariam Wumbei,F,Medical Assistant,Tolon District communities,Tolon District communities,signed
1059,Mohammed Dauda,F,Community Health Officer,Tolon District communities,Tolon District communities,signed
1060,Adiza Mahama,F,Community Health Officer,Tolon District communities,Tolon District communities,signed
1061,Ayishetu Dauda,F,Community Health Officer,Tolon District communities,Tolon District communities,signed
1062,Yakubu Abdulai,F,Medical Assistant,Tolon District communities,Tolon District communities,signed
1063,Sanatu Tia,F,Medical Assistant,Tolon District communities,Tolon District communities,signed
1064,Zuweira Mahama,F,Midwife,Tolon District communities,Tolon District communities,signed
1065,Baba Fuseini,F,Community Health Officer,Tolon District communities,Tolon District communities,signed
1066,Rahinatu Dauda,F,Community Health Officer,Tolon District communities,Tolon District communities,signed
1067,Zuweira Alhassan,F,Community Health Officer,Tolon District communities,Tolon District communities,signed
1068,Yakubu Wumbei,F,Medical Assistant,Tolon District communities,Tolon District communities,signed
1069,Ayishetu Wumbei,F,Medical Assistant,Tolon District communities,Tolon District communities,signed
1070,Alhassan Tia,F,Midwife,Tolon District communities,Tolon District communities,signed
1071,Salamatu Napari,F,Disease Control Officer,Tolon District communities,Tolon District communities,signed
1072,Baba Yakubu,F,Community Health Officer,Tolon District communities,Tolon District communities,signed
1073,Zuweira Alhassan,F,Community Health Officer,Tolon District communities,Tolon District communities,signed
1074,Baba Issahaku,F,Midwife,Tolon District communities,Tolon District communities,signed
1075,Memunatu Seidu,F,Disease Control Officer,Tolon District communities,Tolon District communities,signed
1076,Memunatu Alhassan,F,Midwife,Tolon District communities,Tolon District communities,signed
1077,Yakubu Mahama,F,Disease Control Officer,Tolon District communities,Tolon District communities,signed
1078,Rahinatu Fuseini,F,Medical Assistant,Tolon District communities,Tolon District communities,signed
1079,Ayishetu Iddrisu,F,Community Health Officer,Tolon District communities,Tolon District communities,signed
1080,Yakubu Issahaku,F,Midwife,Tolon District communities,Tolon District communities,signed
1081,Alhassan Wumbei,F,Community Health Officer,Tolon District communities,Tolon District communities,signed
1082,Rahinatu Tia,F,Midwife,Tolon District communities,Tolon District communities,signed
1083,Adiza Seidu,F,Enrolled Nurse,Tolon District communities,Tolon District communities,signed
1084,Rahinatu Issahaku,F,Midwife,Tolon District communities,Tolon District communities,signed
1085,Yakubu Abdulai,F,Midwife,Tolon District communities,Tolon District communities,signed
1086,Mohammed Napari,F,Midwife,Tolon District communities,Tolon District communities,signed
1087,Sanatu Dauda,F,Disease Control Officer,Tolon District communities,Tolon District communities,signed
1088,Fati Iddrisu,F,Community Health Officer,Tolon District communities,Tolon District communities,signed
1089,Hawa Yakubu,F,Enrolled Nurse,Tolon District communities,Tolon District communities,signed
1090,Mohammed Tia,F,Community Health Officer,Tolon District communities,Tolon District communities,signed
1091,Sanatu Wumbei,F,Midwife,Tolon District communities,Tolon District communities,signed
1092,Fati Wumbei,F,Midwife,Tolon District communities,Tolon District communities,signed
1093,Alhassan Iddrisu,F,Community Health Officer,Tolon District communities,Tolon District communities,signed
1094,Abu Abdulai,F,Medical Assistant,Tolon District communities,Tolon District communities,signed
1095,Abdul Fuseini,F,Midwife,Tolon District communities,Tolon District communities,signed
1096,Ayishetu Wumbei,F,Medical Assistant,Tolon District communities,Tolon District communities,signed
1097,Fuseini Abdulai,F,Disease Control Officer,Tolon District communities,Tolon District communities,signed
1098,Sanatu Napari,F,Midwife,Tolon District communities,Tolon District communities,signed
1099,Iddrisu Wumbei,F,Community Health Officer,Tolon District communities,Tolon District communities,signed
1100,Rahinatu Iddrisu,F,Midwife,Tolon District communities,Tolon District communities,signed
1101,Fuseini Tia,F,Midwife,Tolon District communities,Tolon District communities,signed
1102,Alhassan Fuseini,F,Medical Assistant,Tolon District communities,Tolon District communities,signed
1103,Iddrisu Issahaku,F,Disease Control Officer,Tolon District communities,Tolon District communities,signed
1104,Sulemana Fuseini,F,Community Health Officer,Tolon District communities,Tolon District communities,signed
1105,Abu Mahama,F,Disease Control Officer,Tolon District communities,Tolon District communities,signed
1106,Fati Alhassan,F,Midwife,Tolon District communities,Tolon District communities,signed
1107,Abu Wumbei,F,Midwife,Tolon District communities,Tolon District communities,signed
1108,Mariam Mahama,F,Community Health Officer,Tolon District communities,Tolon District communities,signed
1109,Adiza Tia,F,Disease Control Officer,Tolon District communities,Tolon District communities,signed
1110,Abdul Mahama,F,Disease Control Officer,Tolon District communities,Tolon District communities,signed
1111,Yakubu Napari,F,Community Health Officer,Tolon District communities,Tolon District communities,signed
1112,Rahinatu Napari,F,Enrolled Nurse,Tolon District communities,Tolon District communities,signed
1113,Abdul Seidu,F,Enrolled Nurse,Tolon District communities,Tolon District communities,signed
1114,Iddrisu Tia,F,Disease Control Officer,Tolon District communities,Tolon District communities,signed
1115,Iddrisu Wumbei,F,Midwife,Tolon District communities,Tolon District communities,signed
1116,Mariam Iddrisu,F,Disease Control Officer,Tolon District communities,Tolon District communities,signed
1117,Abdul Seidu,F,Community Health Officer,Tolon District communities,Tolon District communities,signed
1118,Baba Wumbei,F,Medical Assistant,Tolon District communities,Tolon District communities,signed
1119,Salamatu Tia,F,Medical Assistant,Tolon District communities,Tolon District communities,signed
1120,Abu Issahaku,F,Community Health Officer,Tolon District communities,Tolon District communities,signed
1121,Sanatu Mahama,F,Medical Assistant,Tolon District communities,Tolon District communities,signed
1122,Rahinatu Issahaku,F,Enrolled Nurse,Tolon District communities,Tolon District communities,signed
1123,Alhassan Iddrisu,F,Disease Control Officer,Tolon District communities,Tolon District communities,signed
1124,Fati Abdulai,F,Enrolled Nurse,Tolon District communities,Tolon District communities,signed
1125,Fuseini Tia,F,Medical Assistant,Tolon District communities,Tolon District communities,signed
1126,Mohammed Yakubu,F,Medical Assistant,Tolon District communities,Tolon District communities,signed
1127,Baba Tia,F,Enrolled Nurse,Tolon District communities,Tolon District communities,signed
1128,Mariam Wumbei,F,Midwife,Tolon District communities,Tolon District communities,signed
1129,Baba Yakubu,F,Community Health Officer,Tolon District communities,Tolon District communities,signed
1130,Alhassan Seidu,F,Midwife,Tolon District communities,Tolon District communities,signed
1131,Mohammed Tia,F,Medical Assistant,Tolon District communities,Tolon District communities,signed
1132,Baba Tia,F,Disease Control Officer,Tolon District communities,Tolon District communities,signed
1133,Fuseini Dauda,F,Enrolled Nurse,Tolon District communities,Tolon District communities,signed
1134,Mohammed Issahaku,F,Community Health Officer,Tolon District communities,Tolon District communities,signed
1135,Fati Iddrisu,F,Disease Control Officer,Tolon District communities,Tolon District communities,signed
1136,Mariam Dauda,F,Community Health Officer,Tolon District communities,Tolon District communities,signed
1137,Hawa Seidu,F,Medical Assistant,Tolon District communities,Tolon District communities,signed
1138,Yakubu Alhassan,F,Enrolled Nurse,Tolon District communities,Tolon District communities,signed
1139,Mohammed Fuseini,F,Disease Control Officer,Tolon District communities,Tolon District communities,signed
1140,Salamatu Yakubu,F,Midwife,Tolon District communities,Tolon District communities,signed
1141,Mohammed Issahaku,F,Medical Assistant,Tolon District communities,Tolon District communities,signed
1142,Fati Seidu,F,Midwife,Tolon District communities,Tolon District communities,signed
1143,Rahinatu Yakubu,F,Medical Assistant,Tolon District communities,Tolon District communities,signed
1144,Fuseini Abdulai,F,Medical Assistant,Tolon District communities,Tolon District communities,signed
1145,Issah Iddrisu,F,Midwife,Tolon District communities,Tolon District communities,signed
1146,Issah Abdulai,F,Disease Control Officer,Tolon District communities,Tolon District communities,signed
1147,Sulemana Dauda,F,Community Health Officer,Tolon District communities,Tolon District communities,signed
1148,Fuseini Fuseini,F,Enrolled Nurse,Tolon District communities,Tolon District communities,signed
1149,Fuseini Seidu,F,Midwife,Tolon District communities,Tolon District communities,signed
1150,Salamatu Fuseini,F,Medical Assistant,Tolon District communities,Tolon District communities,signed
1151,Adiza Issahaku,F,Enrolled Nurse,Tolon District communities,Tolon District communities,signed
1152,Salamatu Seidu,F,Medical Assistant,Tolon District communities,Tolon District communities,signed
1153,Iddrisu Napari,F,Medical Assistant,Tolon District communities,Tolon District communities,signed
1154,Adiza Abdulai,F,Midwife,Tolon District communities,Tolon District communities,signed
1155,Abdul Fuseini,F,Midwife,Tolon District communities,Tolon District communities,signed
1156,Ayishetu Abdulai,F,Medical Assistant,Tolon District communities,Tolon District communities,signed
1157,Memunatu Dauda,F,Enrolled Nurse,Tolon District communities,Tolon District communities,signed
1158,Fati Tia,F,Community Health Officer,Tolon District communities,Tolon District communities,signed
1159,Issah Mahama,F,Medical Assistant,Tolon District communities,Tolon District communities,signed
1160,Baba Seidu,F,Community Health Officer,Tolon District communities,Tolon District communities,signed
1161,Alhassan Abdulai,F,Community Health Officer,Tolon District communities,Tolon District communities,signed
1162,Yakubu Yakubu,F,Midwife,Tolon District communities,Tolon District communities,signed
1163,Issah Alhassan,F,Midwife,Tolon District communities,Tolon District communities,signed
1164,Sulemana Fuseini,F,Enrolled Nurse,Tolon District communities,Tolon District communities,signed
1165,Abu Napari,F,Medical Assistant,Tolon District communities,Tolon District communities,signed
1166,Zuweira Napari,F,Community Health Officer,Tolon District communities,Tolon District communities,signed
1167,Memunatu Wumbei,F,Disease Control Officer,Tolon District communities,Tolon District communities,signed
1168,Yakubu Abdulai,F,Community Health Officer,Tolon District communities,Tolon District communities,signed
1169,Abdul Wumbei,F,Midwife,Tolon District communities,Tolon District communities,signed
1170,Hawa Tia,F,Medical Assistant,Tolon District communities,Tolon District communities,signed
1171,Abu Wumbei,F,Enrolled Nurse,Tolon District communities,Tolon District communities,signed
1172,Memunatu Yakubu,F,Disease Control Officer,Tolon District communities,Tolon District communities,signed
1173,Alhassan Mahama,F,Disease Control Officer,Tolon District communities,Tolon District communities,signed
1174,Salamatu Issahaku,F,Midwife,Tolon District communities,Tolon District communities,signed
1175,Sanatu Dauda,F,Enrolled Nurse,Tolon District communities,Tolon District communities,signed
1176,Sulemana Alhassan,F,Community Health Officer,Tolon District communities,Tolon District communities,signed
1177,Fuseini Seidu,F,Medical Assistant,Tolon District communities,Tolon District communities,signed
1178,Memunatu Napari,F,Midwife,Tolon District communities,Tolon District communities,signed
1179,Iddrisu Iddrisu,F,Disease Control Officer,Tolon District communities,Tolon District communities,signed
1180,Sulemana Dauda,F,Community Health Officer,Tolon District communities,Tolon District communities,signed
1181,Baba Fuseini,F,Community Health Officer,Tolon District communities,Tolon District communities,signed
1182,Mohammed Seidu,F,Community Health Officer,Tolon District communities,Tolon District communities,signed
1183,Fati Tia,F,Community Health Officer,Tolon District communities,Tolon District communities,signed
1184,Zuweira Iddrisu,F,Community Health Officer,Tolon District communities,Tolon District communities,signed
1185,Alhassan Issahaku,F,Medical Assistant,Tolon District communities,Tolon District communities,signed
1186,Alhassan Wumbei,F,Enrolled Nurse,Tolon District communities,Tolon District communities,signed
1187,Issah Fuseini,F,Medical Assistant,Tolon District communities,Tolon District communities,signed
1188,Abdul Dauda,F,Midwife,Tolon District communities,Tolon District communities,signed
1189,Adiza Abdulai,F,Enrolled Nurse,Tolon District communities,Tolon District communities,signed
1190,Zuweira Iddrisu,F,Community Health Officer,Tolon District communities,Tolon District communities,signed
1191,Mariam Dauda,F,Midwife,Tolon District communities,Tolon District communities,signed
1192,Mariam Alhassan,F,Community Health Officer,Tolon District communities,Tolon District communities,signed
1193,Mariam Napari,F,Enrolled Nurse,Tolon District communities,Tolon District communities,signed
1194,Sanatu Dauda,F,Disease Control Officer,Tolon District communities,Tolon District communities,signed
1195,Abdul Napari,F,Disease Control Officer,Tolon District communities,Tolon District communities,signed
1196,Issah Yakubu,F,Midwife,Tolon District communities,Tolon District communities,signed
1197,Ayishetu Abdulai,F,Disease Control Officer,Tolon District communities,Tolon District communities,signed
1198,Abu Wumbei,F,Enrolled Nurse,Tolon District communities,Tolon District communities,signed
1199,Zuweira Seidu,F,Medical Assistant,Tolon District communities,Tolon District communities,signed
1200,Abu Abdulai,F,Community Health Officer,Tolon District communities,Tolon District communities,signed
1201,Rahinatu Abdulai,F,Midwife,Tolon District communities,Tolon District communities,signed
1202,Abdul Mahama,F,Disease Control Officer,Tolon District communities,Tolon District communities,signed
1203,Hawa Issahaku,F,Medical Assistant,Tolon District communities,Tolon District communities,signed
1204,Yakubu Iddrisu,F,Medical Assistant,Tolon District communities,Tolon District communities,signed
1205,Salamatu Alhassan,F,Disease Control Officer,Tolon District communities,Tolon District communities,signed
1206,Sulemana Issahaku,F,Community Health Officer,Tolon District communities,Tolon District communities,signed
1207,Salamatu Yakubu,F,Enrolled Nurse,Tolon District communities,Tolon District communities,signed
1208,Iddrisu Napari,F,Community Health Officer,Tolon District communities,Tolon District communities,signed
1209,Zuweira Iddrisu,F,Disease Control Officer,Tolon District communities,Tolon District communities,signed
1210,Abu Abdulai,F,Community Health Officer,Tolon District communities,Tolon District communities,signed
1211,Mariam Wumbei,F,Disease Control Officer,Tolon District communities,Tolon District communities,signed
1212,Adiza Wumbei,F,Midwife,Tolon District communities,Tolon District communities,signed
1213,Adiza Wumbei,F,Community Health Officer,Tolon District communities,Tolon District communities,signed
1214,Fuseini Iddrisu,F,Medical Assistant,Tolon District communities,Tolon District communities,signed
1215,Hawa Seidu,F,Disease Control Officer,Tolon District communities,Tolon District communities,signed
1216,Fuseini Dauda,F,Disease Control Officer,Tolon District communities,Tolon District communities,signed
1217,Abu Seidu,F,Disease Control Officer,Tolon District communities,Tolon District communities,signed
1218,Baba Wumbei,F,Disease Control Officer,Tolon District communities,Tolon District communities,signed
1219,Ayishetu Abdulai,F,Medical Assistant,Tolon District communities,Tolon District communities,signed
1220,Alhassan Issahaku,F,Community Health Officer,Tolon District communities,Tolon District communities,signed
1221,Mariam Seidu,F,Enrolled Nurse,Tolon District communities,Tolon District communities,signed
1222,Zuweira Yakubu,F,Community Health Officer,Tolon District communities,Tolon District communities,signed
1223,Fati Wumbei,F,Community Health Officer,Tolon District communities,Tolon District communities,signed
1224,Sulemana Dauda,F,Enrolled Nurse,Tolon District communities,Tolon District communities,signed
1225,Ayishetu Abdulai,F,Disease Control Officer,Tolon District communities,Tolon District communities,signed
1226,Fuseini Issahaku,F,Disease Control Officer,Tolon District communities,Tolon District communities,signed
1227,Salamatu Mahama,F,Enrolled Nurse,Tolon District communities,Tolon District communities,signed
1228,Sanatu Wumbei,F,Enrolled Nurse,Tolon District communities,Tolon District communities,signed
1229,Adiza Issahaku,F,Medical Assistant,Tolon District communities,Tolon District communities,signed
1230,Alhassan Mahama,F,Community Health Officer,Tolon District communities,Tolon District communities,signed
1231,Adiza Alhassan,F,Medical Assistant,Tolon District communities,Tolon District communities,signed
1232,Alhassan Fuseini,F,Enrolled Nurse,Tolon District communities,Tolon District communities,signed
1233,Hawa Dauda,F,Disease Control Officer,Tolon District communities,Tolon District communities,signed
1234,Iddrisu Fuseini,F,Medical Assistant,Tolon District communities,Tolon District communities,signed
1235,Salamatu Alhassan,F,Community Health Officer,Tolon District communities,Tolon District communities,signed
1236,Zuweira Dauda,F,Community Health Officer,Tolon District communities,Tolon District communities,signed
1237,Fuseini Alhassan,F,Medical Assistant,Tolon District communities,Tolon District communities,signed
1238,Fati Fuseini,F,Community Health Officer,Tolon District communities,Tolon District communities,signed
1239,Ayishetu Alhassan,F,Midwife,Tolon District communities,Tolon District communities,signed
1240,Fati Napari,F,Medical Assistant,Tolon District communities,Tolon District communities,signed
1241,Rahinatu Mahama,F,Midwife,Tolon District communities,Tolon District communities,signed
1242,Yakubu Napari,F,Disease Control Officer,Tolon District communities,Tolon District communities,signed
1243,Memunatu Abdulai,F,Midwife,Tolon District communities,Tolon District communities,signed
1244,Iddrisu Issahaku,F,Medical Assistant,Tolon District communities,Tolon District communities,signed
1245,Zuweira Abdulai,F,Disease Control Officer,Tolon District communities,Tolon District communities,signed
1246,Zuweira Wumbei,F,Enrolled Nurse,Tolon District communities,Tolon District communities,signed
1247,Baba Tia,F,Enrolled Nurse,Tolon District communities,Tolon District communities,signed
1248,Fati Fuseini,F,Midwife,Tolon District communities,Tolon District communities,signed
1249,Fuseini Abdulai,F,Midwife,Tolon District communities,Tolon District communities,signed
1250,Ayishetu Tia,F,Community Health Officer,Tolon District communities,Tolon District communities,signed
1251,Abdul Wumbei,F,Medical Assistant,Tolon District communities,Tolon District communities,signed
1252,Rahinatu Wumbei,F,Community Health Officer,Tolon District communities,Tolon District communities,signed
1253,Adiza Mahama,F,Disease Control Officer,Tolon District communities,Tolon District communities,signed
1254,Hawa Seidu,F,Enrolled Nurse,Tolon District communities,Tolon District communities,signed
1255,Baba Yakubu,F,Medical Assistant,Tolon District communities,Tolon District communities,signed
1256,Baba Yakubu,F,Midwife,Tolon District communities,Tolon District communities,signed
1257,Issah Mahama,F,Enrolled Nurse,Tolon District communities,Tolon District communities,signed
1258,Salamatu Issahaku,F,Enrolled Nurse,Tolon District communities,Tolon District communities,signed
1259,Salamatu Issahaku,F,Medical Assistant,Tolon District communities,Tolon District communities,signed
1260,Rahinatu Napari,F,Community Health Officer,Tolon District communities,Tolon District communities,signed
1261,Alhassan Issahaku,F,Enrolled Nurse,Tolon District communities,Tolon District communities,signed
1262,Memunatu Abdulai,F,Midwife,Tolon District communities,Tolon District communities,signed
1263,Sanatu Yakubu,F,Community Health Officer,Tolon District communities,Tolon District communities,signed
1264,Mariam Yakubu,F,Midwife,Tolon District communities,Tolon District communities,signed
1265,Fuseini Mahama,F,Community Health Officer,Tolon District communities,Tolon District communities,signed
1266,Alhassan Napari,F,Disease Control Officer,Tolon District communities,Tolon District communities,signed
1267,Fati Abdulai,F,Midwife,Tolon District communities,Tolon District communities,signed
1268,Sanatu Issahaku,F,Medical Assistant,Tolon District communities,Tolon District communities,signed
1269,Zuweira Seidu,F,Disease Control Officer,Tolon District communities,Tolon District communities,signed
1270,Mariam Dauda,F,Enrolled Nurse,Tolon District communities,Tolon District communities,signed
1271,Hawa Dauda,F,Medical Assistant,Tolon District communities,Tolon District communities,signed
1272,Mariam Iddrisu,F,Enrolled Nurse,Tolon District communities,Tolon District communities,signed
1273,Sanatu Iddrisu,F,Community Health Officer,Tolon District communities,Tolon District communities,signed
1274,Hawa Iddrisu,F,Disease Control Officer,Tolon District communities,Tolon District communities,signed
1275,Iddrisu Mahama,F,Community Health Officer,Tolon District communities,Tolon District communities,signed
1276,Memunatu Mahama,F,Midwife,Tolon District communities,Tolon District communities,signed
1277,Baba Tia,F,Disease Control Officer,Tolon District communities,Tolon District communities,signed
1278,Abu Dauda,F,Medical Assistant,Tolon District communities,Tolon District communities,signed
1279,Yakubu Iddrisu,F,Medical Assistant,Tolon District communities,Tolon District communities,signed
1280,Rahinatu Abdulai,F,Midwife,Tolon District communities,Tolon District communities,signed
1281,Ayishetu Wumbei,F,Community Health Officer,Tolon District communities,Tolon District communities,signed
1282,Abu Fuseini,F,Community Health Officer,Tolon District communities,Tolon District communities,signed
1283,Adiza Iddrisu,F,Midwife,Tolon District communities,Tolon District communities,signed
1284,Hawa Abdulai,F,Disease Control Officer,Tolon District communities,Tolon District communities,signed
1285,Rahinatu Tia,F,Community Health Officer,Tolon District communities,Tolon District communities,signed
1286,Mohammed Fuseini,F,Medical Assistant,Tolon District communities,Tolon District communities,signed
1287,Iddrisu Tia,F,Disease Control Officer,Tolon District communities,Tolon District communities,signed
1288,Hawa Dauda,F,Midwife,Tolon District communities,Tolon District communities,signed
1289,Adiza Iddrisu,F,Community Health Officer,Tolon District communities,Tolon District communities,signed
1290,Iddrisu Seidu,F,Enrolled Nurse,Tolon District communities,Tolon District communities,signed
1291,Rahinatu Iddrisu,F,Disease Control Officer,Tolon District communities,Tolon District communities,signed
1292,Yakubu Wumbei,F,Midwife,Tolon District communities,Tolon District communities,signed
1293,Alhassan Seidu,F,Enrolled Nurse,Tolon District communities,Tolon District communities,signed
1294,Salamatu Seidu,F,Medical Assistant,Tolon District communities,Tolon District communities,signed
1295,Abdul Yakubu,F,Medical Assistant,Tolon District communities,Tolon District communities,signed
1296,Sanatu Fuseini,F,Community Health Officer,Tolon District communities,Tolon District communities,signed
1297,Zuweira Alhassan,F,Enrolled Nurse,Tolon District communities,Tolon District communities,signed
1298,Abu Wumbei,F,Community Health Officer,Tolon District communities,Tolon District communities,signed
1299,Rahinatu Dauda,F,Midwife,Tolon District communities,Tolon District communities,signed
1300,Abu Abdulai,F,Enrolled Nurse,Tolon District communities,Tolon District communities,signed
1301,Mariam Abdulai,F,Community Health Officer,Tolon District communities,Tolon District communities,signed
1302,Ayishetu Wumbei,F,Disease Control Officer,Tolon District communities,Tolon District communities,signed
1303,Abdul Mahama,F,Disease Control Officer,Tolon District communities,Tolon District communities,signed
1304,Adiza Napari,F,Midwife,Tolon District communities,Tolon District communities,signed
1305,Mohammed Fuseini,F,Enrolled Nurse,Tolon District communities,Tolon District communities,signed
1306,Issah Abdulai,F,Enrolled Nurse,Tolon District communities,Tolon District communities,signed
1307,Fati Alhassan,F,Community Health Officer,Tolon District communities,Tolon District communities,signed
1308,Abdul Tia,F,Enrolled Nurse,Tolon District communities,Tolon District communities,signed
1309,Adiza Dauda,F,Disease Control Officer,Tolon District communities,Tolon District communities,signed
1310,Salamatu Napari,F,Disease Control Officer,Tolon District communities,Tolon District communities,signed
1311,Alhassan Iddrisu,F,Enrolled Nurse,Tolon District communities,Tolon District communities,signed
1312,Issah Tia,F,Community Health Officer,Tolon District communities,Tolon District communities,signed
1313,Salamatu Iddrisu,F,Disease Control Officer,Tolon District communities,Tolon District communities,signed
1314,Sanatu Seidu,F,Midwife,Tolon District communities,Tolon District communities,signed
1315,Sulemana Napari,F,Midwife,Tolon District communities,Tolon District communities,signed
1316,Abu Iddrisu,F,Community Health Officer,Tolon District communities,Tolon District communities,signed
1317,Ayishetu Fuseini,F,Enrolled Nurse,Tolon District communities,Tolon District communities,signed
1318,Issah Issahaku,F,Midwife,Tolon District communities,Tolon District communities,signed
1319,Ayishetu Abdulai,F,Disease Control Officer,Tolon District communities,Tolon District communities,signed
1320,Iddrisu Alhassan,F,Enrolled Nurse,Tolon District communities,Tolon District communities,signed
1321,Salamatu Yakubu,F,Enrolled Nurse,Tolon District communities,Tolon District communities,signed
1322,Memunatu Iddrisu,F,Disease Control Officer,Tolon District communities,Tolon District communities,signed
1323,Mariam Dauda,F,Community Health Officer,Tolon District communities,Tolon District communities,signed
1324,Adiza Iddrisu,F,Disease Control Officer,Tolon District communities,Tolon District communities,signed
1325,Baba Wumbei,F,Medical Assistant,Tolon District communities,Tolon District communities,signed
1326,Abu Tia,F,Disease Control Officer,Tolon District communities,Tolon District communities,signed
1327,Yakubu Mahama,F,Medical Assistant,Tolon District communities,Tolon District communities,signed
1328,Ayishetu Tia,F,Medical Assistant,Tolon District communities,Tolon District communities,signed
1329,Salamatu Issahaku,F,Community Health Officer,Tolon District communities,Tolon District communities,signed
1330,Mohammed Yakubu,F,Community Health Officer,Tolon District communities,Tolon District communities,signed
1331,Fati Abdulai,F,Enrolled Nurse,Tolon District communities,Tolon District communities,signed
1332,Iddrisu Napari,F,Disease Control Officer,Tolon District communities,Tolon District communities,signed
1333,Zuweira Mahama,F,Disease Control Officer,Tolon District communities,Tolon District communities,signed
1334,Alhassan Alhassan,F,Enrolled Nurse,Tolon District communities,Tolon District communities,signed
1335,Sanatu Yakubu,F,Community Health Officer,Tolon District communities,Tolon District communities,signed
1336,Mariam Yakubu,F,Medical Assistant,Tolon District communities,Tolon District communities,signed
1337,Yakubu Yakubu,F,Disease Control Officer,Tolon District communities,Tolon District communities,signed
1338,Abdul Seidu,F,Disease Control Officer,Tolon District communities,Tolon District communities,signed
1339,Abdul Mahama,F,Community Health Officer,Tolon District communities,Tolon District communities,signed
1340,Abu Abdulai,F,Midwife,Tolon District communities,Tolon District communities,signed
1341,Mohammed Iddrisu,F,Medical Assistant,Tolon District communities,Tolon District communities,signed
1342,Mohammed Seidu,F,Medical Assistant,Tolon District communities,Tolon District communities,signed
1343,Fuseini Napari,F,Medical Assistant,Tolon District communities,Tolon District communities,signed
1344,Abdul Abdulai,F,Disease Control Officer,Tolon District communities,Tolon District communities,signed
1345,Adiza Iddrisu,F,Community Health Officer,Tolon District communities,Tolon District communities,signed
1346,Alhassan Abdulai,F,Midwife,Tolon District communities,Tolon District communities,signed
1347,Fuseini Yakubu,F,Midwife,Tolon District communities,Tolon District communities,signed
1348,Alhassan Dauda,F,Community Health Officer,Tolon District communities,Tolon District communities,signed
1349,Abdul Napari,F,Midwife,Tolon District communities,Tolon District communities,signed
1350,Fati Yakubu,F,Community Health Officer,Tolon District communities,Tolon District communities,signed
1351,Memunatu Wumbei,F,Disease Control Officer,Tolon District communities,Tolon District communities,signed
1352,Sanatu Wumbei,F,Midwife,Tolon District communities,Tolon District communities,signed
1353,Sulemana Iddrisu,F,Medical Assistant,Tolon District communities,Tolon District communities,signed
1354,Sanatu Alhassan,F,Medical Assistant,Tolon District communities,Tolon District communities,signed
1355,Fuseini Napari,F,Midwife,Tolon District communities,Tolon District communities,signed
1356,Sanatu Mahama,F,Community Health Officer,Tolon District communities,Tolon District communities,signed
1357,Iddrisu Tia,F,Midwife,Tolon District communities,Tolon District communities,signed
1358,Iddrisu Mahama,F,Enrolled Nurse,Tolon District communities,Tolon District communities,signed
1359,Iddrisu Napari,F,Enrolled Nurse,Tolon District communities,Tolon District communities,signed
1360,Hawa Dauda,F,Disease Control Officer,Tolon District communities,Tolon District communities,signed
1361,Memunatu Wumbei,F,Disease Control Officer,Tolon District communities,Tolon District communities,signed
1362,Issah Issahaku,F,Midwife,Tolon District communities,Tolon District communities,signed
1363,Abdul Issahaku,F,Community Health Officer,Tolon District communities,Tolon District communities,signed
1364,Memunatu Iddrisu,F,Community Health Officer,Tolon District communities,Tolon District communities,signed
1365,Fati Issahaku,F,Medical Assistant,Tolon District communities,Tolon District communities,signed
1366,Ayishetu Mahama,F,Medical Assistant,Tolon District communities,Tolon District communities,signed
1367,Yakubu Issahaku,F,Midwife,Tolon District communities,Tolon District communities,signed
1368,Abdul Tia,F,Community Health Officer,Tolon District communities,Tolon District communities,signed
1369,Fuseini Yakubu,F,Midwife,Tolon District communities,Tolon District communities,signed
1370,Alhassan Fuseini,F,Community Health Officer,Tolon District communities,Tolon District communities,signed
1371,Sanatu Dauda,F,Disease Control Officer,Tolon District communities,Tolon District communities,signed
1372,Adiza Iddrisu,F,Community Health Officer,Tolon District communities,Tolon District communities,signed
1373,Sanatu Yakubu,F,Community Health Officer,Tolon District communities,Tolon District communities,signed
1374,Salamatu Seidu,F,Disease Control Officer,Tolon District communities,Tolon District communities,signed
1375,Fuseini Fuseini,F,Community Health Officer,Tolon District communities,Tolon District communities,signed
1376,Sulemana Issahaku,F,Enrolled Nurse,Tolon District communities,Tolon District communities,signed
1377,Issah Mahama,F,Disease Control Officer,Tolon District communities,Tolon District communities,signed
1378,Fati Iddrisu,F,Enrolled Nurse,Tolon District communities,Tolon District communities,signed
1379,Salamatu Dauda,F,Enrolled Nurse,Tolon District communities,Tolon District communities,signed
1380,Yakubu Dauda,F,Community Health Officer,Tolon District communities,Tolon District communities,signed
1381,Iddrisu Seidu,F,Disease Control Officer,Tolon District communities,Tolon District communities,signed
1382,Zuweira Napari,F,Disease Control Officer,Tolon District communities,Tolon District communities,signed
1383,Fuseini Alhassan,F,Midwife,Tolon District communities,Tolon District communities,signed
1384,Baba Mahama,F,Enrolled Nurse,Tolon District communities,Tolon District communities,signed
1385,Iddrisu Wumbei,F,Disease Control Officer,Tolon District communities,Tolon District communities,signed
1386,Alhassan Wumbei,F,Midwife,Tolon District communities,Tolon District communities,signed
1387,Iddrisu Napari,F,Community Health Officer,Tolon District communities,Tolon District communities,signed
1388,Hawa Napari,F,Disease Control Officer,Tolon District communities,Tolon District communities,signed
1389,Alhassan Issahaku,F,Midwife,Tolon District communities,Tolon District communities,signed
1390,Adiza Iddrisu,F,Community Health Officer,Tolon District communities,Tolon District communities,signed
1391,Ayishetu Issahaku,F,Enrolled Nurse,Tolon District communities,Tolon District communities,signed
1392,Mariam Abdulai,F,Disease Control Officer,Tolon District communities,Tolon District communities,signed
1393,Issah Yakubu,F,Disease Control Officer,Tolon District communities,Tolon District communities,signed
1394,Hawa Napari,F,Enrolled Nurse,Tolon District communities,Tolon District communities,signed
1395,Zuweira Issahaku,F,Disease Control Officer,Tolon District communities,Tolon District communities,signed
1396,Mohammed Alhassan,F,Community Health Officer,Tolon District communities,Tolon District communities,signed
1397,Mohammed Dauda,F,Disease Control Officer,Tolon District communities,Tolon District communities,signed
1398,Issah Dauda,F,Disease Control Officer,Tolon District communities,Tolon District communities,signed
1399,Yakubu Napari,F,Enrolled Nurse,Tolon District communities,Tolon District communities,signed
1400,Yakubu Fuseini,F,Disease Control Officer,Tolon District communities,Tolon District communities,signed
1401,Abdul Wumbei,F,Enrolled Nurse,Tolon District communities,Tolon District communities,signed
1402,Memunatu Tia,F,Enrolled Nurse,Tolon District communities,Tolon District communities,signed
1403,Ayishetu Seidu,F,Medical Assistant,Tolon District communities,Tolon District communities,signed
1404,Zuweira Issahaku,F,Medical Assistant,Tolon District communities,Tolon District communities,signed
1405,Adiza Yakubu,F,Community Health Officer,Tolon District communities,Tolon District communities,signed
1406,Zuweira Fuseini,F,Medical Assistant,Tolon District communities,Tolon District communities,signed
1407,Memunatu Fuseini,F,Medical Assistant,Tolon District communities,Tolon District communities,signed
1408,Memunatu Iddrisu,F,Disease Control Officer,Tolon District communities,Tolon District communities,signed
1409,Zuweira Napari,F,Enrolled Nurse,Tolon District communities,Tolon District communities,signed
1410,Salamatu Seidu,F,Medical Assistant,Tolon District communities,Tolon District communities,signed
1411,Fati Issahaku,F,Midwife,Tolon District communities,Tolon District communities,signed
1412,Issah Napari,F,Disease Control Officer,Tolon District communities,Tolon District communities,signed
1413,Sulemana Seidu,F,Midwife,Tolon District communities,Tolon District communities,signed
1414,Alhassan Yakubu,F,Medical Assistant,Tolon District communities,Tolon District communities,signed
1415,Baba Wumbei,F,Medical Assistant,Tolon District communities,Tolon District communities,signed
1416,Memunatu Wumbei,F,Enrolled Nurse,Tolon District communities,Tolon District communities,signed
1417,Memunatu Mahama,F,Disease Control Officer,Tolon District communities,Tolon District communities,signed
1418,Fuseini Issahaku,F,Medical Assistant,Tolon District communities,Tolon District communities,signed
1419,Alhassan Iddrisu,F,Medical Assistant,Tolon District communities,Tolon District communities,signed
1420,Adiza Issahaku,F,Community Health Officer,Tolon District communities,Tolon District communities,signed
1421,Abdul Napari,F,Disease Control Officer,Tolon District communities,Tolon District communities,signed
1422,Zuweira Napari,F,Disease Control Officer,Tolon District communities,Tolon District communities,signed
1423,Mohammed Issahaku,F,Medical Assistant,Tolon District communities,Tolon District communities,signed
1424,Iddrisu Abdulai,F,Community Health Officer,Tolon District communities,Tolon District communities,signed
1425,Baba Tia,F,Enrolled Nurse,Tolon District communities,Tolon District communities,signed
1426,Abdul Tia,F,Midwife,Tolon District communities,Tolon District communities,signed
1427,Issah Fuseini,F,Community Health Officer,Tolon District communities,Tolon District communities,signed
1428,Yakubu Iddrisu,F,Disease Control Officer,Tolon District communities,Tolon District communities,signed
1429,Abu Fuseini,F,Midwife,Tolon District communities,Tolon District communities,signed
1430,Adiza Iddrisu,F,Enrolled Nurse,Tolon District communities,Tolon District communities,signed
1431,Sulemana Yakubu,F,Medical Assistant,Tolon District communities,Tolon District communities,signed
1432,Iddrisu Wumbei,F,Midwife,Tolon District communities,Tolon District communities,signed
1433,Salamatu Napari,F,Disease Control Officer,Tolon District communities,Tolon District communities,signed
1434,Memunatu Wumbei,F,Midwife,Tolon District communities,Tolon District communities,signed
1435,Mohammed Abdulai,F,Enrolled Nurse,Tolon District communities,Tolon District communities,signed
1436,Abdul Issahaku,F,Community Health Officer,Tolon District communities,Tolon District communities,signed
1437,Ayishetu Tia,F,Medical Assistant,Tolon District communities,Tolon District communities,signed
1438,Ayishetu Tia,F,Medical Assistant,Tolon District communities,Tolon District communities,signed
1439,Memunatu Alhassan,F,Medical Assistant,Tolon District communities,Tolon District communities,signed
1440,Yakubu Tia,F,Midwife,Tolon District communities,Tolon District communities,signed
1441,Abdul Tia,F,Disease Control Officer,Tolon District communities,Tolon District communities,signed
1442,Abdul Abdulai,F,Community Health Officer,Tolon District communities,Tolon District communities,signed
1443,Hawa Seidu,F,Community Health Officer,Tolon District communities,Tolon District communities,signed
1444,Adiza Iddrisu,F,Disease Control Officer,Tolon District communities,Tolon District communities,signed
1445,Zuweira Alhassan,F,Midwife,Tolon District communities,Tolon District communities,signed
1446,Memunatu Fuseini,F,Disease Control Officer,Tolon District communities,Tolon District communities,signed
1447,Abdul Napari,F,Disease Control Officer,Tolon District communities,Tolon District communities,signed
1448,Hawa Fuseini,F,Medical Assistant,Tolon District communities,Tolon District communities,signed
1449,Ayishetu Dauda,F,Community Health Officer,Tolon District communities,Tolon District communities,signed
1450,Baba Seidu,F,Disease Control Officer,Tolon District communities,Tolon District communities,signed
1451,Abdul Tia,F,Enrolled Nurse,Tolon District communities,Tolon District communities,signed
1452,Issah Iddrisu,F,Medical Assistant,Tolon District communities,Tolon District communities,signed
1453,Mohammed Dauda,F,Medical Assistant,Tolon District communities,Tolon District communities,signed
1454,Fati Seidu,F,Community Health Officer,Tolon District communities,Tolon District communities,signed
1455,Iddrisu Mahama,F,Disease Control Officer,Tolon District communities,Tolon District communities,signed
1456,Abu Napari,F,Disease Control Officer,Tolon District communities,Tolon District communities,signed
1457,Hawa Napari,F,Enrolled Nurse,Tolon District communities,Tolon District communities,signed
1458,Mohammed Tia,F,Disease Control Officer,Tolon District communities,Tolon District communities,signed
1459,Baba Wumbei,F,Disease Control Officer,Tolon District communities,Tolon District communities,signed
1460,Sulemana Issahaku,F,Midwife,Tolon District communities,Tolon District communities,signed
1461,Mariam Iddrisu,F,Medical Assistant,Tolon District communities,Tolon District communities,signed
1462,Rahinatu Wumbei,F,Community Health Officer,Tolon District communities,Tolon District communities,signed
1463,Zuweira Seidu,F,Disease Control Officer,Tolon District communities,Tolon District communities,signed
1464,Alhassan Wumbei,F,Disease Control Officer,Tolon District communities,Tolon District communities,signed
1465,Iddrisu Dauda,F,Medical Assistant,Tolon District communities,Tolon District communities,signed
1466,Salamatu Abdulai,F,Community Health Officer,Tolon District communities,Tolon District communities,signed
1467,Ayishetu Seidu,F,Enrolled Nurse,Tolon District communities,Tolon District communities,signed
1468,Mohammed Dauda,F,Midwife,Tolon District communities,Tolon District communities,signed
1469,Mohammed Fuseini,F,Enrolled Nurse,Tolon District communities,Tolon District communities,signed
1470,Sulemana Alhassan,F,Midwife,Tolon District communities,Tolon District communities,signed
1471,Issah Dauda,F,Medical Assistant,Tolon District communities,Tolon District communities,signed
1472,Zuweira Dauda,F,Enrolled Nurse,Tolon District communities,Tolon District communities,signed
1473,Mariam Fuseini,F,Community Health Officer,Tolon District communities,Tolon District communities,signed
1474,Iddrisu Issahaku,F,Disease Control Officer,Tolon District communities,Tolon District communities,signed
1475,Sulemana Wumbei,F,Enrolled Nurse,Tolon District communities,Tolon District communities,signed
1476,Fati Dauda,F,Midwife,Tolon District communities,Tolon District communities,signed
1477,Hawa Seidu,F,Midwife,Tolon District communities,Tolon District communities,signed
1478,Hawa Seidu,F,Medical Assistant,Tolon District communities,Tolon District communities,signed
1479,Abdul Fuseini,F,Enrolled Nurse,Tolon District communities,Tolon District communities,signed
1480,Mohammed Wumbei,F,Disease Control Officer,Tolon District communities,Tolon District communities,signed
1481,Zuweira Dauda,F,Midwife,Tolon District communities,Tolon District communities,signed
1482,Fati Mahama,F,Disease Control Officer,Tolon District communities,Tolon District communities,signed
1483,Mariam Tia,F,Midwife,Tolon District communities,Tolon District communities,signed
1484,Zuweira Wumbei,F,Medical Assistant,Tolon District communities,Tolon District communities,signed
1485,Iddrisu Tia,F,Medical Assistant,Tolon District communities,Tolon District communities,signed
1486,Hawa Mahama,F,Midwife,Tolon District communities,Tolon District communities,signed
1487,Mohammed Fuseini,F,Enrolled Nurse,Tolon District communities,Tolon District communities,signed
1488,Hawa Yakubu,F,Disease Control Officer,Tolon District communities,Tolon District communities,signed
1489,Sulemana Tia,F,Enrolled Nurse,Tolon District communities,Tolon District communities,signed
1490,Sanatu Tia,F,Enrolled Nurse,Tolon District communities,Tolon District communities,signed
1491,Zuweira Wumbei,F,Community Health Officer,Tolon District communities,Tolon District communities,signed
1492,Adiza Dauda,F,Medical Assistant,Tolon District communities,Tolon District communities,signed
1493,Zuweira Seidu,F,Disease Control Officer,Tolon District communities,Tolon District communities,signed
1494,Mariam Seidu,F,Disease Control Officer,Tolon District communities,Tolon District communities,signed
1495,Zuweira Napari,F,Community Health Officer,Tolon District communities,Tolon District communities,signed
1496,Abu Seidu,F,Community Health Officer,Tolon District communities,Tolon District communities,signed
1497,Rahinatu Wumbei,F,Medical Assistant,Tolon District communities,Tolon District communities,signed
1498,Mohammed Alhassan,F,Disease Control Officer,Tolon District communities,Tolon District communities,signed
1499,Issah Fuseini,F,Medical Assistant,Tolon District communities,Tolon District communities,signed
1500,Mohammed Iddrisu,F,Disease Control Officer,Tolon District communities,Tolon District communities,signed
1501,Rahinatu Napari,F,Enrolled Nurse,Tolon District communities,Tolon District communities,signed
1502,Rahinatu Wumbei,F,Enrolled Nurse,Tolon District communities,Tolon District communities,signed
1503,Iddrisu Yakubu,F,Disease Control Officer,Tolon District communities,Tolon District communities,signed
1504,Ayishetu Napari,F,Disease Control Officer,Tolon District communities,Tolon District communities,signed
1505,Issah Iddrisu,F,Enrolled Nurse,Tolon District communities,Tolon District communities,signed
1506,Abu Wumbei,F,Medical Assistant,Tolon District communities,Tolon District communities,signed
1507,Memunatu Mahama,F,Medical Assistant,Tolon District communities,Tolon District communities,signed
1508,Yakubu Seidu,F,Medical Assistant,Tolon District communities,Tolon District communities,signed
1509,Fati Yakubu,F,Midwife,Tolon District communities,Tolon District communities,signed
1510,Adiza Napari,F,Community Health Officer,Tolon District communities,Tolon District communities,signed
1511,Abdul Iddrisu,F,Midwife,Tolon District communities,Tolon District communities,signed
1512,Baba Issahaku,F,Community Health Officer,Tolon District communities,Tolon District communities,signed
1513,Zuweira Yakubu,F,Community Health Officer,Tolon District communities,Tolon District communities,signed
1514,Sanatu Alhassan,F,Enrolled Nurse,Tolon District communities,Tolon District communities,signed
1515,Sulemana Fuseini,F,Enrolled Nurse,Tolon District communities,Tolon District communities,signed
1516,Mariam Issahaku,F,Medical Assistant,Tolon District communities,Tolon District communities,signed
1517,Baba Fuseini,F,Community Health Officer,Tolon District communities,Tolon District communities,signed
1518,Abu Abdulai,F,Midwife,Tolon District communities,Tolon District communities,signed
1519,Sanatu Issahaku,F,Disease Control Officer,Tolon District communities,Tolon District communities,signed
1520,Mariam Mahama,F,Enrolled Nurse,Tolon District communities,Tolon District communities,signed
1521,Fati Mahama,F,Community Health Officer,Tolon District communities,Tolon District communities,signed
1522,Memunatu Yakubu,F,Community Health Officer,Tolon District communities,Tolon District communities,signed
1523,Sulemana Alhassan,F,Community Health Officer,Tolon District communities,Tolon District communities,signed
1524,Abu Mahama,F,Medical Assistant,Tolon District communities,Tolon District communities,signed
1525,Sulemana Seidu,F,Medical Assistant,Tolon District communities,Tolon District communities,signed
1526,Baba Abdulai,F,Disease Control Officer,Tolon District communities,Tolon District communities,signed
1527,Abdul Wumbei,F,Community Health Officer,Tolon District communities,Tolon District communities,signed
1528,Fati Iddrisu,F,Medical Assistant,Tolon District communities,Tolon District communities,signed
1529,Yakubu Napari,F,Medical Assistant,Tolon District communities,Tolon District communities,signed
1530,Zuweira Wumbei,F,Midwife,Tolon District communities,Tolon District communities,signed
1531,Rahinatu Seidu,F,Community Health Officer,Tolon District communities,Tolon District communities,signed
1532,Mariam Wumbei,F,Medical Assistant,Tolon District communities,Tolon District communities,signed
1533,Sanatu Alhassan,F,Medical Assistant,Tolon District communities,Tolon District communities,signed
1534,Abu Alhassan,F,Disease Control Officer,Tolon District communities,Tolon District communities,signed
1535,Sanatu Wumbei,F,Community Health Officer,Tolon District communities,Tolon District communities,signed
1536,Mariam Issahaku,F,Medical Assistant,Tolon District communities,Tolon District communities,signed
1537,Rahinatu Seidu,F,Disease Control Officer,Tolon District communities,Tolon District communities,signed
1538,Sulemana Fuseini,F,Community Health Officer,Tolon District communities,Tolon District communities,signed
1539,Issah Napari,F,Disease Control Officer,Tolon District communities,Tolon District communities,signed
1540,Hawa Dauda,F,Disease Control Officer,Tolon District communities,Tolon District communities,signed
1541,Mohammed Mahama,F,Enrolled Nurse,Tolon District communities,Tolon District communities,signed
1542,Sanatu Abdulai,F,Enrolled Nurse,Tolon District communities,Tolon District communities,signed
1543,Memunatu Issahaku,F,Community Health Officer,Tolon District communities,Tolon District communities,signed
1544,Memunatu Dauda,F,Medical Assistant,Tolon District communities,Tolon District communities,signed
1545,Rahinatu Abdulai,F,Midwife,Tolon District communities,Tolon District communities,signed
1546,Ayishetu Iddrisu,F,Enrolled Nurse,Tolon District communities,Tolon District communities,signed
1547,Mohammed Tia,F,Community Health Officer,Tolon District communities,Tolon District communities,signed
1548,Sanatu Mahama,F,Midwife,Tolon District communities,Tolon District communities,signed
1549,Salamatu Napari,F,Community Health Officer,Tolon District communities,Tolon District communities,signed
1550,Alhassan Napari,F,Community Health Officer,Tolon District communities,Tolon District communities,signed
1551,Abdul Napari,F,Community Health Officer,Tolon District communities,Tolon District communities,signed
1552,Memunatu Tia,F,Enrolled Nurse,Tolon District communities,Tolon District communities,signed
1553,Salamatu Napari,F,Community Health Officer,Tolon District communities,Tolon District communities,signed
1554,Fati Issahaku,F,Enrolled Nurse,Tolon District communities,Tolon District communities,signed
1555,Abu Wumbei,F,Medical Assistant,Tolon District communities,Tolon District communities,signed
1556,Fati Issahaku,F,Midwife,Tolon District communities,Tolon District communities,signed
1557,Mohammed Issahaku,F,Medical Assistant,Tolon District communities,Tolon District communities,signed
1558,Iddrisu Alhassan,F,Enrolled Nurse,Tolon District communities,Tolon District communities,signed
1559,Rahinatu Napari,F,Medical Assistant,Tolon District communities,Tolon District communities,signed
1560,Sulemana Seidu,F,Disease Control Officer,Tolon District communities,Tolon District communities,signed
1561,Ayishetu Alhassan,F,Medical Assistant,Tolon District communities,Tolon District communities,signed
1562,Baba Yakubu,F,Enrolled Nurse,Tolon District communities,Tolon District communities,signed
1563,Fuseini Dauda,F,Disease Control Officer,Tolon District communities,Tolon District communities,signed
1564,Alhassan Fuseini,F,Community Health Officer,Tolon District communities,Tolon District communities,signed
1565,Ayishetu Iddrisu,F,Community Health Officer,Tolon District communities,Tolon District communities,signed
1566,Sulemana Iddrisu,F,Community Health Officer,Tolon District communities,Tolon District communities,signed
1567,Abu Tia,F,Medical Assistant,Tolon District communities,Tolon District communities,signed
1568,Abu Abdulai,F,Disease Control Officer,Tolon District communities,Tolon District communities,signed
1569,Baba Tia,F,Enrolled Nurse,Tolon District communities,Tolon District communities,signed
1570,Zuweira Issahaku,F,Community Health Officer,Tolon District communities,Tolon District communities,signed
1571,Salamatu Dauda,F,Midwife,Tolon District communities,Tolon District communities,signed
1572,Mariam Dauda,F,Enrolled Nurse,Tolon District communities,Tolon District communities,signed
1573,Yakubu Iddrisu,F,Disease Control Officer,Tolon District communities,Tolon District communities,signed
1574,Fati Abdulai,F,Medical Assistant,Tolon District communities,Tolon District communities,signed
1575,Yakubu Tia,F,Community Health Officer,Tolon District communities,Tolon District communities,signed
1576,Abdul Yakubu,F,Midwife,Tolon District communities,Tolon District communities,signed
1577,Salamatu Alhassan,F,Community Health Officer,Tolon District communities,Tolon District communities,signed
1578,Iddrisu Mahama,F,Disease Control Officer,Tolon District communities,Tolon District communities,signed
1579,Abu Wumbei,F,Medical Assistant,Tolon District communities,Tolon District communities,signed
1580,Sulemana Tia,F,Community Health Officer,Tolon District communities,Tolon District communities,signed
1581,Rahinatu Iddrisu,F,Disease Control Officer,Tolon District communities,Tolon District communities,signed
1582,Ayishetu Fuseini,F,Community Health Officer,Tolon District communities,Tolon District communities,signed
1583,Baba Alhassan,F,Medical Assistant,Tolon District communities,Tolon District communities,signed
1584,Zuweira Iddrisu,F,Disease Control Officer,Tolon District communities,Tolon District communities,signed
1585,Sulemana Alhassan,F,Community Health Officer,Tolon District communities,Tolon District communities,signed
1586,Sanatu Tia,F,Midwife,Tolon District communities,Tolon District communities,signed
1587,Abu Yakubu,F,Community Health Officer,Tolon District communities,Tolon District communities,signed
1588,Fuseini Alhassan,F,Medical Assistant,Tolon District communities,Tolon District communities,signed
1589,Sanatu Abdulai,F,Medical Assistant,Tolon District communities,Tolon District communities,signed
1590,Iddrisu Mahama,F,Enrolled Nurse,Tolon District communities,Tolon District communities,signed
1591,Sulemana Dauda,F,Disease Control Officer,Tolon District communities,Tolon District communities,signed
1592,Zuweira Yakubu,F,Community Health Officer,Tolon District communities,Tolon District communities,signed
1593,Mariam Issahaku,F,Disease Control Officer,Tolon District communities,Tolon District communities,signed
1594,Zuweira Abdulai,F,Disease Control Officer,Tolon District communities,Tolon District communities,signed
1595,Mariam Dauda,F,Enrolled Nurse,Tolon District communities,Tolon District communities,signed
1596,Abu Abdulai,F,Medical Assistant,Tolon District communities,Tolon District communities,signed
1597,Fati Iddrisu,F,Community Health Officer,Tolon District communities,Tolon District communities,signed
1598,Hawa Alhassan,F,Midwife,Tolon District communities,Tolon District communities,signed
1599,Salamatu Tia,F,Medical Assistant,Tolon District communities,Tolon District communities,signed
1600,Alhassan Tia,F,Medical Assistant,Tolon District communities,Tolon District communities,signed
