No,Name,Sex,Cadre/Role,Facility/Community,District,Signature
1,Mohammed Iddrisu,F,Community Health Officer,Kumbungu District communities,Kumbungu District communities,signed
2,Mohammed Napari,F,Midwife,Kumbungu District communities,Kumbungu District communities,signed
3,Zuweira Issahaku,F,Community Health Officer,Kumbungu District communities,Kumbungu District communities,signed
4,Mohammed Napari,F,Disease Control Officer,Kumbungu District communities,Kumbungu District communities,signed
5,Alhassan Issahaku,F,Midwife,Kumbungu District communities,Kumbungu District communities,signed
6,Ayishetu Napari,F,Midwife,Kumbungu District communities,Kumbungu District communities,signed
7,Salamatu Mahama,F,Enrolled Nurse,Kumbungu District communities,Kumbungu District communities,signed
8,Hawa Mahama,F,Disease Control Officer,Kumbungu District communities,Kumbungu District communities,signed
9,Issah Alhassan,F,Community Health Officer,Kumbungu District communities,Kumbungu District communities,signed
10,Baba Dauda,F,Community Health Officer,Kumbungu District communities,Kumbungu District communities,signed
11,Abu Fuseini,F,Community Health Officer,Kumbungu District communities,Kumbungu District communities,signed
12,Hawa Issahaku,F,Medical Assistant,Kumbungu District communities,Kumbungu District communities,signed
13,Sanatu Dauda,F,Medical Assistant,Kumbungu District communities,Kumbungu District communities,signed
14,Yakubu Seidu,F,Community Health Officer,Kumbungu District communities,Kumbungu District communities,signed
15,Sulemana Wumbei,F,Midwife,Kumbungu District communities,Kumbungu District communities,signed
16,Sanatu Issahaku,F,Medical Assistant,Kumbungu District communities,Kumbungu District communities,signed
17,Sulemana Iddrisu,F,Disease Control Officer,Kumbungu District communities,Kumbungu District communities,signed
18,Rahinatu Alhassan,F,Disease Control Officer,Kumbungu District communities,Kumbungu District communities,signed
19,Issah Wumbei,F,Disease Control Officer,Kumbungu District communities,Kumbungu District communities,signed
20,Sulemana Alhassan,F,Disease Control Officer,Kumbungu District communities,Kumbungu District communities,signed
21,Abdul Dauda,F,Disease Control Officer,Kumbungu District communities,Kumbungu District communities,signed
22,Memunatu Alhassan,F,Disease Control Officer,Kumbungu District communities,Kumbungu District communities,signed
23,Adiza Dauda,F,Medical Assistant,Kumbungu District communities,Kumbungu District communities,signed
24,Zuweira Fuseini,F,Midwife,Kumbungu District communities,Kumbungu District communities,signed
25,Ayishetu Wumbei,F,Medical Assistant,Kumbungu District communities,Kumbungu District communities,signed
26,Zuweira Iddrisu,F,Disease Control Officer,Kumbungu District communities,Kumbungu District communities,signed
27,Memunatu Tia,F,Enrolled Nurse,Kumbungu District communities,Kumbungu District communities,signed
28,Salamatu Abdulai,F,Disease Control Officer,Kumbungu District communities,Kumbungu District communities,signed
29,Iddrisu Iddrisu,F,Medical Assistant,Kumbungu District communities,Kumbungu District communities,signed
30,Rahinatu Iddrisu,F,Enrolled Nurse,Kumbungu District communities,Kumbungu District communities,signed
31,Salamatu Fuseini,F,Disease Control Officer,Kumbungu District communities,Kumbungu District communities,signed
32,Sulemana Iddrisu,F,Enrolled Nurse,Kumbungu District communities,Kumbungu District communities,signed
33,Iddrisu Alhassan,F,Community Health Officer,Kumbungu District communities,Kumbungu District communities,signed
34,Abdul Abdulai,F,Midwife,Kumbungu District communities,Kumbungu District communities,signed
35,Ayishetu Issahaku,F,Enrolled Nurse,Kumbungu District communities,Kumbungu District communities,signed
36,Alhassan Iddrisu,F,Medical Assistant,Kumbungu District communities,Kumbungu District communities,signed
37,Ayishetu Tia,F,Enrolled Nurse,Kumbungu District communities,Kumbungu District communities,signed
38,Yakubu Mahama,F,Disease Control Officer,Kumbungu District communities,Kumbungu District communities,signed
39,Baba Iddrisu,F,Disease Control Officer,Kumbungu District communities,Kumbungu District communities,signed
40,Sulemana Alhassan,F,Community Health Officer,Kumbungu District communities,Kumbungu District communities,signed
41,Iddrisu Alhassan,F,Medical Assistant,Kumbungu District communities,Kumbungu District communities,signed
42,Sulemana Dauda,F,Disease Control Officer,Kumbungu District communities,Kumbungu District communities,signed
43,Zuweira Dauda,F,Medical Assistant,Kumbungu District communities,Kumbungu District communities,signed
44,Alhassan Dauda,F,Medical Assistant,Kumbungu District communities,Kumbungu District communities,signed
45,Abu Mahama,F,Midwife,Kumbungu District communities,Kumbungu District communities,signed
46,Yakubu Wumbei,F,Community Health Officer,Kumbungu District communities,Kumbungu District communities,signed
47,Rahinatu Yakubu,F,Medical Assistant,Kumbungu District communities,Kumbungu District communities,signed
48,Sanatu Tia,F,Community Health Officer,Kumbungu District communities,Kumbungu District communities,signed
49,Salamatu Iddrisu,F,Midwife,Kumbungu District communities,Kumbungu District communities,signed
50,Yakubu Seidu,F,Enrolled Nurse,Kumbungu District communities,Kumbungu District communities,signed
51,Iddrisu Wumbei,F,Community Health Officer,Kumbungu District communities,Kumbungu District communities,signed
52,Sanatu Wumbei,F,Disease Control Officer,Kumbungu District communities,Kumbungu District communities,signed
53,Alhassan Alhassan,F,Midwife,Kumbungu District communities,Kumbungu District communities,signed
54,Abu Mahama,F,Medical Assistant,Kumbungu District communities,Kumbungu District communities,signed
55,Hawa Issahaku,F,Community Health Officer,Kumbungu District communities,Kumbungu District communities,signed
56,Fati Tia,F,Enrolled Nurse,Kumbungu District communities,Kumbungu District communities,signed
57,Memunatu Seidu,F,Disease Control Officer,Kumbungu District communities,Kumbungu District communities,signed
58,Salamatu Tia,F,Midwife,Kumbungu District communities,Kumbungu District communities,signed
59,Abu Issahaku,F,Enrolled Nurse,Kumbungu District communities,Kumbungu District communities,signed
60,Mariam Yakubu,F,Medical Assistant,Kumbungu District communities,Kumbungu District communities,signed
61,Memunatu Napari,F,Midwife,Kumbungu District communities,Kumbungu District communities,signed
62,Mohammed Mahama,F,Midwife,Kumbungu District communities,Kumbungu District communities,signed
63,Issah Tia,F,Enrolled Nurse,Kumbungu District communities,Kumbungu District communities,signed
64,Fati Abdulai,F,Community Health Officer,Kumbungu District communities,Kumbungu District communities,signed
65,Adiza Abdulai,F,Community Health Officer,Kumbungu District communities,Kumbungu District communities,signed
66,Ayishetu Issahaku,F,Disease Control Officer,Kumbungu District communities,Kumbungu District communities,signed
67,Yakubu Dauda,F,Disease Control Officer,Kumbungu District communities,Kumbungu District communities,signed
68,Hawa Tia,F,Midwife,Kumbungu District communities,Kumbungu District communities,signed
69,Abu Tia,F,Medical Assistant,Kumbungu District communities,Kumbungu District communities,signed
70,Mariam Seidu,F,Community Health Officer,Kumbungu District communities,Kumbungu District communities,signed
71,Sanatu Seidu,F,Disease Control Officer,Kumbungu District communities,Kumbungu District communities,signed
72,Ayishetu Mahama,F,Medical Assistant,Kumbungu District communities,Kumbungu District communities,signed
73,Abdul Iddrisu,F,Enrolled Nurse,Kumbungu District communities,Kumbungu District communities,signed
74,Sulemana Seidu,F,Medical Assistant,Kumbungu District communities,Kumbungu District communities,signed
75,Fati Tia,F,Medical Assistant,Kumbungu District communities,Kumbungu District communities,signed
76,Fuseini Alhassan,F,Community Health Officer,Kumbungu District communities,Kumbungu District communities,signed
77,Abdul Yakubu,F,Midwife,Kumbungu District communities,Kumbungu District communities,signed
78,Salamatu Napari,F,Midwife,Kumbungu District communities,Kumbungu District communities,signed
79,Iddrisu Abdulai,F,Disease Control Officer,Kumbungu District communities,Kumbungu District communities,signed
80,Rahinatu Iddrisu,F,Community Health Officer,Kumbungu District communities,Kumbungu District communities,signed
81,Baba Dauda,F,Midwife,Kumbungu District communities,Kumbungu District communities,signed
82,Hawa Tia,F,Midwife,Kumbungu District communities,Kumbungu District communities,signed
83,Sanatu Dauda,F,Medical Assistant,Kumbungu District communities,Kumbungu District communities,signed
84,Adiza Seidu,F,Disease Control Officer,Kumbungu District communities,Kumbungu District communities,signed
85,Zuweira Seidu,F,Midwife,Kumbungu District communities,Kumbungu District communities,signed
86,Abu Alhassan,F,Community Health Officer,Kumbungu District communities,Kumbungu District communities,signed
87,Baba Abdulai,F,Midwife,Kumbungu District communities,Kumbungu District communities,signed
88,Alhassan Tia,F,Medical Assistant,Kumbungu District communities,Kumbungu District communities,signed
89,Rahinatu Fuseini,F,Disease Control Officer,Kumbungu District communities,Kumbungu District communities,signed
90,Fuseini Seidu,F,Midwife,Kumbungu District communities,Kumbungu District communities,signed
91,Baba Tia,F,Medical Assistant,Kumbungu District communities,Kumbungu District communities,signed
92,Hawa Wumbei,F,Community Health Officer,Kumbungu District communities,Kumbungu District communities,signed
93,Adiza Mahama,F,Medical Assistant,Kumbungu District communities,Kumbungu District communities,signed
94,Ayishetu Napari,F,Midwife,Kumbungu District communities,Kumbungu District communities,signed
95,Baba Mahama,F,Disease Control Officer,Kumbungu District communities,Kumbungu District communities,signed
96,Sulemana Issahaku,F,Midwife,Kumbungu District communities,Kumbungu District communities,signed
97,Zuweira Napari,F,Medical Assistant,Kumbungu District communities,Kumbungu District communities,signed
98,Abu Mahama,F,Community Health Officer,Kumbungu District communities,Kumbungu District communities,signed
99,Fati Abdulai,F,Disease Control Officer,Kumbungu District communities,Kumbungu District communities,signed
100,Adiza Tia,F,Community Health Officer,Kumbungu District communities,Kumbungu District communities,signed
101,Sanatu Tia,F,Midwife,Kumbungu District communities,Kumbungu District communities,signed
102,Issah Abdulai,F,Midwife,Kumbungu District communities,Kumbungu District communities,signed
103,Iddrisu Dauda,F,Medical Assistant,Kumbungu District communities,Kumbungu District communities,signed
104,Fati Mahama,F,Disease Control Officer,Kumbungu District communities,Kumbungu District communities,signed
105,Zuweira Yakubu,F,Midwife,Kumbungu District communities,Kumbungu District communities,signed
106,Fati Tia,F,Enrolled Nurse,Kumbungu District communities,Kumbungu District communities,signed
107,Sulemana Seidu,F,Community Health Officer,Kumbungu District communities,Kumbungu District communities,signed
108,Zuweira Alhassan,F,Medical Assistant,Kumbungu District communities,Kumbungu District communities,signed
109,Mariam Mahama,F,Medical Assistant,Kumbungu District communities,Kumbungu District communities,signed
110,Ayishetu Abdulai,F,Disease Control Officer,Kumbungu District communities,Kumbungu District communities,signed
111,Baba Napari,F,Medical Assistant,Kumbungu District communities,Kumbungu District communities,signed
112,Fati Napari,F,Community Health Officer,Kumbungu District communities,Kumbungu District communities,signed
113,Rahinatu Seidu,F,Medical Assistant,Kumbungu District communities,Kumbungu District communities,signed
114,Memunatu Iddrisu,F,Medical Assistant,Kumbungu District communities,Kumbungu District communities,signed
115,Rahinatu Seidu,F,Disease Control Officer,Kumbungu District communities,Kumbungu District communities,signed
116,Mariam Iddrisu,F,Midwife,Kumbungu District communities,Kumbungu District communities,signed
117,Hawa Alhassan,F,Community Health Officer,Kumbungu District communities,Kumbungu District communities,signed
118,Memunatu Iddrisu,F,Enrolled Nurse,Kumbungu District communities,Kumbungu District communities,signed
119,Abu Yakubu,F,Enrolled Nurse,Kumbungu District communities,Kumbungu District communities,signed
120,Ayishetu Napari,F,Medical Assistant,Kumbungu District communities,Kumbungu District communities,signed
121,Rahinatu Wumbei,F,Disease Control Officer,Kumbungu District communities,Kumbungu District communities,signed
122,Mariam Iddrisu,F,Enrolled Nurse,Kumbungu District communities,Kumbungu District communities,signed
123,Abu Alhassan,F,Community Health Officer,Kumbungu District communities,Kumbungu District communities,signed
124,Abu Abdulai,F,Medical Assistant,Kumbungu District communities,Kumbungu District communities,signed
125,Adiza Tia,F,Disease Control Officer,Kumbungu District communities,Kumbungu District communities,signed
126,Hawa Iddrisu,F,Disease Control Officer,Kumbungu District communities,Kumbungu District communities,signed
127,Memunatu Iddrisu,F,Community Health Officer,Kumbungu District communities,Kumbungu District communities,signed
128,Mohammed Mahama,F,Disease Control Officer,Kumbungu District communities,Kumbungu District communities,signed
129,Adiza Napari,F,Medical Assistant,Kumbungu District communities,Kumbungu District communities,signed
130,Iddrisu Iddrisu,F,Enrolled Nurse,Kumbungu District communities,Kumbungu District communities,signed
131,Alhassan Dauda,F,Disease Control Officer,Kumbungu District communities,Kumbungu District communities,signed
132,Fuseini Napari,F,Community Health Officer,Kumbungu District communities,Kumbungu District communities,signed
133,Rahinatu Alhassan,F,Medical Assistant,Kumbungu District communities,Kumbungu District communities,signed
134,Alhassan Seidu,F,Medical Assistant,Kumbungu District communities,Kumbungu District communities,signed
135,Yakubu Wumbei,F,Disease Control Officer,Kumbungu District communities,Kumbungu District communities,signed
136,Iddrisu Alhassan,F,Medical Assistant,Kumbungu District communities,Kumbungu District communities,signed
137,Yakubu Mahama,F,Midwife,Kumbungu District communities,Kumbungu District communities,signed
138,Fuseini Napari,F,Enrolled Nurse,Kumbungu District communities,Kumbungu District communities,signed
139,Fuseini Tia,F,Enrolled Nurse,Kumbungu District communities,Kumbungu District communities,signed
140,Baba Fuseini,F,Enrolled Nurse,Kumbungu District communities,Kumbungu District communities,signed
141,Alhassan Iddrisu,F,Enrolled Nurse,Kumbungu District communities,Kumbungu District communities,signed
142,Zuweira Mahama,F,Midwife,Kumbungu District communities,Kumbungu District communities,signed
143,Iddrisu Alhassan,F,Community Health Officer,Kumbungu District communities,Kumbungu District communities,signed
144,Abdul Wumbei,F,Disease Control Officer,Kumbungu District communities,Kumbungu District communities,signed
145,Rahinatu Wumbei,F,Community Health Officer,Kumbungu District communities,Kumbungu District communities,signed
146,Hawa Alhassan,F,Community Health Officer,Kumbungu District communities,Kumbungu District communities,signed
147,Iddrisu Mahama,F,Disease Control Officer,Kumbungu District communities,Kumbungu District communities,signed
148,Salamatu Wumbei,F,Midwife,Kumbungu District communities,Kumbungu District communities,signed
149,Alhassan Abdulai,F,Enrolled Nurse,Kumbungu District communities,Kumbungu District communities,signed
150,Abu Issahaku,F,Disease Control Officer,Kumbungu District communities,Kumbungu District communities,signed
151,Alhassan Alhassan,F,Midwife,Kumbungu District communities,Kumbungu District communities,signed
152,Sulemana Napari,F,Enrolled Nurse,Kumbungu District communities,Kumbungu District communities,signed
153,Sanatu Abdulai,F,Community Health Officer,Kumbungu District communities,Kumbungu District communities,signed
154,Sanatu Fuseini,F,Midwife,Kumbungu District communities,Kumbungu District communities,signed
155,Memunatu Issahaku,F,Community Health Officer,Kumbungu District communities,Kumbungu District communities,signed
156,Ayishetu Dauda,F,Community Health Officer,Kumbungu District communities,Kumbungu District communities,signed
157,Ayishetu Mahama,F,Disease Control Officer,Kumbungu District communities,Kumbungu District communities,signed
158,Hawa Tia,F,Enrolled Nurse,Kumbungu District communities,Kumbungu District communities,signed
159,Baba Napari,F,Enrolled Nurse,Kumbungu District communities,Kumbungu District communities,signed
160,Memunatu Napari,F,Community Health Officer,Kumbungu District communities,Kumbungu District communities,signed
161,Mariam Fuseini,F,Enrolled Nurse,Kumbungu District communities,Kumbungu District communities,signed
162,Ayishetu Tia,F,Midwife,Kumbungu District communities,Kumbungu District communities,signed
163,Sulemana Dauda,F,Medical Assistant,Kumbungu District communities,Kumbungu District communities,signed
164,Baba Napari,F,Enrolled Nurse,Kumbungu District communities,Kumbungu District communities,signed
165,Hawa Mahama,F,Enrolled Nurse,Kumbungu District communities,Kumbungu District communities,signed
166,Ayishetu Tia,F,Medical Assistant,Kumbungu District communities,Kumbungu District communities,signed
167,Fati Wumbei,F,Community Health Officer,Kumbungu District communities,Kumbungu District communities,signed
168,Abu Iddrisu,F,Community Health Officer,Kumbungu District communities,Kumbungu District communities,signed
169,Baba Wumbei,F,Community Health Officer,Kumbungu District communities,Kumbungu District communities,signed
170,Rahinatu Tia,F,Community Health Officer,Kumbungu District communities,Kumbungu District communities,signed
171,Rahinatu Iddrisu,F,Enrolled Nurse,Kumbungu District communities,Kumbungu District communities,signed
172,Yakubu Yakubu,F,Community Health Officer,Kumbungu District communities,Kumbungu District communities,signed
173,Ayishetu Alhassan,F,Disease Control Officer,Kumbungu District communities,Kumbungu District communities,signed
174,Iddrisu Seidu,F,Disease Control Officer,Kumbungu District communities,Kumbungu District communities,signed
175,Fuseini Abdulai,F,Community Health Officer,Kumbungu District communities,Kumbungu District communities,signed
176,Zuweira Fuseini,F,Enrolled Nurse,Kumbungu District communities,Kumbungu District communities,signed
177,Yakubu Yakubu,F,Medical Assistant,Kumbungu District communities,Kumbungu District communities,signed
178,Fati Napari,F,Midwife,Kumbungu District communities,Kumbungu District communities,signed
179,Abdul Fuseini,F,Disease Control Officer,Kumbungu District communities,Kumbungu District communities,signed
180,Fuseini Issahaku,F,Enrolled Nurse,Kumbungu District communities,Kumbungu District communities,signed
181,Abdul Alhassan,F,Medical Assistant,Kumbungu District communities,Kumbungu District communities,signed
182,Rahinatu Abdulai,F,Disease Control Officer,Kumbungu District communities,Kumbungu District communities,signed
183,Yakubu Abdulai,F,Enrolled Nurse,Kumbungu District communities,Kumbungu District communities,signed
184,Issah Yakubu,F,Disease Control Officer,Kumbungu District communities,Kumbungu District communities,signed
185,Abdul Dauda,F,Midwife,Kumbungu District communities,Kumbungu District communities,signed
186,Mariam Wumbei,F,Midwife,Kumbungu District communities,Kumbungu District communities,signed
187,Zuweira Issahaku,F,Enrolled Nurse,Kumbungu District communities,Kumbungu District communities,signed
188,Ayishetu Wumbei,F,Enrolled Nurse,Kumbungu District communities,Kumbungu District communities,signed
189,Abdul Abdulai,F,Medical Assistant,Kumbungu District communities,Kumbungu District communities,signed
190,Fati Iddrisu,F,Medical Assistant,Kumbungu District communities,Kumbungu District communities,signed
191,Fati Fuseini,F,Enrolled Nurse,Kumbungu District communities,Kumbungu District communities,signed
192,Abu Napari,F,Medical Assistant,Kumbungu District communities,Kumbungu District communities,signed
193,Issah Issahaku,F,Enrolled Nurse,Kumbungu District communities,Kumbungu District communities,signed
194,Sanatu Tia,F,Medical Assistant,Kumbungu District communities,Kumbungu District communities,signed
195,Zuweira Mahama,F,Enrolled Nurse,Kumbungu District communities,Kumbungu District communities,signed
196,Fuseini Fuseini,F,Medical Assistant,Kumbungu District communities,Kumbungu District communities,signed
197,Adiza Seidu,F,Midwife,Kumbungu District communities,Kumbungu District communities,signed
198,Fati Abdulai,F,Medical Assistant,Kumbungu District communities,Kumbungu District communities,signed
199,Iddrisu Yakubu,F,Midwife,Kumbungu District communities,Kumbungu District communities,signed
200,Abdul Mahama,F,Midwife,Kumbungu District communities,Kumbungu District communities,signed
201,Mohammed Fuseini,F,Disease Control Officer,Kumbungu District communities,Kumbungu District communities,signed
202,Sulemana Iddrisu,F,Enrolled Nurse,Kumbungu District communities,Kumbungu District communities,signed
203,Mariam Napari,F,Community Health Officer,Kumbungu District communities,Kumbungu District communities,signed
204,Salamatu Yakubu,F,Disease Control Officer,Kumbungu District communities,Kumbungu District communities,signed
205,Alhassan Iddrisu,F,Community Health Officer,Kumbungu District communities,Kumbungu District communities,signed
206,Rahinatu Iddrisu,F,Midwife,Kumbungu District communities,Kumbungu District communities,signed
207,Yakubu Issahaku,F,Medical Assistant,Kumbungu District communities,Kumbungu District communities,signed
208,Alhassan Wumbei,F,Enrolled Nurse,Kumbungu District communities,Kumbungu District communities,signed
209,Sulemana Alhassan,F,Medical Assistant,Kumbungu District communities,Kumbungu District communities,signed
210,Zuweira Iddrisu,F,Medical Assistant,Kumbungu District communities,Kumbungu District communities,signed
211,Memunatu Abdulai,F,Midwife,Kumbungu District communities,Kumbungu District communities,signed
212,Iddrisu Iddrisu,F,Midwife,Kumbungu District communities,Kumbungu District communities,signed
213,Sanatu Yakubu,F,Disease Control Officer,Kumbungu District communities,Kumbungu District communities,signed
214,Sanatu Tia,F,Disease Control Officer,Kumbungu District communities,Kumbungu District communities,signed
215,Sulemana Yakubu,F,Disease Control Officer,Kumbungu District communities,Kumbungu District communities,signed
216,Sanatu Iddrisu,F,Medical Assistant,Kumbungu District communities,Kumbungu District communities,signed
217,Mariam Mahama,F,Enrolled Nurse,Kumbungu District communities,Kumbungu District communities,signed
218,Abdul Yakubu,F,Disease Control Officer,Kumbungu District communities,Kumbungu District communities,signed
219,Ayishetu Napari,F,Disease Control Officer,Kumbungu District communities,Kumbungu District communities,signed
220,Rahinatu Mahama,F,Midwife,Kumbungu District communities,Kumbungu District communities,signed
221,Yakubu Iddrisu,F,Medical Assistant,Kumbungu District communities,Kumbungu District communities,signed
222,Salamatu Iddrisu,F,Medical Assistant,Kumbungu District communities,Kumbungu District communities,signed
223,Rahinatu Dauda,F,Midwife,Kumbungu District communities,Kumbungu District communities,signed
224,Salamatu Abdulai,F,Medical Assistant,Kumbungu District communities,Kumbungu District communities,signed
225,Adiza Issahaku,F,Community Health Officer,Kumbungu District communities,Kumbungu District communities,signed
226,Fati Iddrisu,F,Disease Control Officer,Kumbungu District communities,Kumbungu District communities,signed
227,Salamatu Alhassan,F,Enrolled Nurse,Kumbungu District communities,Kumbungu District communities,signed
228,Abdul Issahaku,F,Enrolled Nurse,Kumbungu District communities,Kumbungu District communities,signed
229,Fati Fuseini,F,Disease Control Officer,Kumbungu District communities,Kumbungu District communities,signed
230,Issah Tia,F,Enrolled Nurse,Kumbungu District communities,Kumbungu District communities,signed
231,Sanatu Wumbei,F,Community Health Officer,Kumbungu District communities,Kumbungu District communities,signed
232,Issah Iddrisu,F,Midwife,Kumbungu District communities,Kumbungu District communities,signed
233,Ayishetu Napari,F,Community Health Officer,Kumbungu District communities,Kumbungu District communities,signed
234,Rahinatu Issahaku,F,Enrolled Nurse,Kumbungu District communities,Kumbungu District communities,signed
235,Memunatu Issahaku,F,Medical Assistant,Kumbungu District communities,Kumbungu District communities,signed
236,Mariam Napari,F,Disease Control Officer,Kumbungu District communities,Kumbungu District communities,signed
237,Ayishetu Fuseini,F,Medical Assistant,Kumbungu District communities,Kumbungu District communities,signed
238,Abdul Mahama,F,Enrolled Nurse,Kumbungu District communities,Kumbungu District communities,signed
239,Abu Fuseini,F,Disease Control Officer,Kumbungu District communities,Kumbungu District communities,signed
240,Ayishetu Alhassan,F,Disease Control Officer,Kumbungu District communities,Kumbungu District communities,signed
241,Alhassan Napari,F,Disease Control Officer,Kumbungu District communities,Kumbungu District communities,signed
242,Sanatu Abdulai,F,Midwife,Kumbungu District communities,Kumbungu District communities,signed
243,Adiza Mahama,F,Disease Control Officer,Kumbungu District communities,Kumbungu District communities,signed
244,Fuseini Iddrisu,F,Midwife,Kumbungu District communities,Kumbungu District communities,signed
245,Hawa Fuseini,F,Enrolled Nurse,Kumbungu District communities,Kumbungu District communities,signed
246,Adiza Dauda,F,Midwife,Kumbungu District communities,Kumbungu District communities,signed
247,Alhassan Abdulai,F,Enrolled Nurse,Kumbungu District communities,Kumbungu District communities,signed
248,Rahinatu Iddrisu,F,Disease Control Officer,Kumbungu District communities,Kumbungu District communities,signed
249,Fati Wumbei,F,Community Health Officer,Kumbungu District communities,Kumbungu District communities,signed
250,Iddrisu Seidu,F,Enrolled Nurse,Kumbungu District communities,Kumbungu District communities,signed
251,Sulemana Wumbei,F,Community Health Officer,Kumbungu District communities,Kumbungu District communities,signed
252,Memunatu Mahama,F,Medical Assistant,Kumbungu District communities,Kumbungu District communities,signed
253,Zuweira Tia,F,Enrolled Nurse,Kumbungu District communities,Kumbungu District communities,signed
254,Rahinatu Alhassan,F,Disease Control Officer,Kumbungu District communities,Kumbungu District communities,signed
255,Baba Tia,F,Medical Assistant,Kumbungu District communities,Kumbungu District communities,signed
256,Ayishetu Mahama,F,Disease Control Officer,Kumbungu District communities,Kumbungu District communities,signed
257,Yakubu Dauda,F,Enrolled Nurse,Kumbungu District communities,Kumbungu District communities,signed
258,Memunatu Yakubu,F,Midwife,Kumbungu District communities,Kumbungu District communities,signed
259,Abu Issahaku,F,Medical Assistant,Kumbungu District communities,Kumbungu District communities,signed
260,Ayishetu Abdulai,F,Disease Control Officer,Kumbungu District communities,Kumbungu District communities,signed
261,Iddrisu Mahama,F,Medical Assistant,Kumbungu District communities,Kumbungu District communities,signed
262,Fuseini Napari,F,Enrolled Nurse,Kumbungu District communities,Kumbungu District communities,signed
263,Hawa Wumbei,F,Disease Control Officer,Kumbungu District communities,Kumbungu District communities,signed
264,Fati Dauda,F,Disease Control Officer,Kumbungu District communities,Kumbungu District communities,signed
265,Fati Dauda,F,Enrolled Nurse,Kumbungu District communities,Kumbungu District communities,signed
266,Mariam Seidu,F,Midwife,Kumbungu District communities,Kumbungu District communities,signed
267,Zuweira Seidu,F,Community Health Officer,Kumbungu District communities,Kumbungu District communities,signed
268,Adiza Fuseini,F,Community Health Officer,Kumbungu District communities,Kumbungu District communities,signed
269,Abu Napari,F,Medical Assistant,Kumbungu District communities,Kumbungu District communities,signed
270,Issah Alhassan,F,Midwife,Kumbungu District communities,Kumbungu District communities,signed
271,Zuweira Iddrisu,F,Midwife,Kumbungu District communities,Kumbungu District communities,signed
272,Issah Tia,F,Medical Assistant,Kumbungu District communities,Kumbungu District communities,signed
273,Abdul Yakubu,F,Disease Control Officer,Kumbungu District communities,Kumbungu District communities,signed
274,Sulemana Mahama,F,Enrolled Nurse,Kumbungu District communities,Kumbungu District communities,signed
275,Yakubu Iddrisu,F,Enrolled Nurse,Kumbungu District communities,Kumbungu District communities,signed
276,Alhassan Abdulai,F,Community Health Officer,Kumbungu District communities,Kumbungu District communities,signed
277,Abu Issahaku,F,Disease Control Officer,Kumbungu District communities,Kumbungu District communities,signed
278,Mohammed Mahama,F,Enrolled Nurse,Kumbungu District communities,Kumbungu District communities,signed
279,Alhassan Iddrisu,F,Medical Assistant,Kumbungu District communities,Kumbungu District communities,signed
280,Rahinatu Issahaku,F,Community Health Officer,Kumbungu District communities,Kumbungu District communities,signed
281,Iddrisu Seidu,F,Enrolled Nurse,Kumbungu District communities,Kumbungu District communities,signed
282,Ayishetu Iddrisu,F,Disease Control Officer,Kumbungu District communities,Kumbungu District communities,signed
283,Issah Abdulai,F,Medical Assistant,Kumbungu District communities,Kumbungu District communities,signed
284,Ayishetu Wumbei,F,Medical Assistant,Kumbungu District communities,Kumbungu District communities,signed
285,Mohammed Seidu,F,Community Health Officer,Kumbungu District communities,Kumbungu District communities,signed
286,Zuweira Abdulai,F,Community Health Officer,Kumbungu District communities,Kumbungu District communities,signed
287,Abu Napari,F,Community Health Officer,Kumbungu District communities,Kumbungu District communities,signed
288,Fati Wumbei,F,Medical Assistant,Kumbungu District communities,Kumbungu District communities,signed
289,Yakubu Alhassan,F,Medical Assistant,Kumbungu District communities,Kumbungu District communities,signed
290,Salamatu Tia,F,Medical Assistant,Kumbungu District communities,Kumbungu District communities,signed
291,Sanatu Tia,F,Community Health Officer,Kumbungu District communities,Kumbungu District communities,signed
292,Rahinatu Wumbei,F,Disease Control Officer,Kumbungu District communities,Kumbungu District communities,signed
293,Mariam Alhassan,F,Disease Control Officer,Kumbungu District communities,Kumbungu District communities,signed
294,Fuseini Abdulai,F,Midwife,Kumbungu District communities,Kumbungu District communities,signed
295,Issah Tia,F,Midwife,Kumbungu District communities,Kumbungu District communities,signed
296,Baba Mahama,F,Community Health Officer,Kumbungu District communities,Kumbungu District communities,signed
297,Sulemana Napari,F,Enrolled Nurse,Kumbungu District communities,Kumbungu District communities,signed
298,Fati Tia,F,Midwife,Kumbungu District communities,Kumbungu District communities,signed
299,Abdul Alhassan,F,Medical Assistant,Kumbungu District communities,Kumbungu District communities,signed
300,Yakubu Abdulai,F,Enrolled Nurse,Kumbungu District communities,Kumbungu District communities,signed
301,Mohammed Issahaku,F,Enrolled Nurse,Kumbungu District communities,Kumbungu District communities,signed
302,Abu Fuseini,F,Medical Assistant,Kumbungu District communities,Kumbungu District communities,signed
303,Iddrisu Mahama,F,Community Health Officer,Kumbungu District communities,Kumbungu District communities,signed
304,Mohammed Yakubu,F,Midwife,Kumbungu District communities,Kumbungu District communities,signed
305,Fuseini Dauda,F,Midwife,Kumbungu District communities,Kumbungu District communities,signed
306,Mariam Abdulai,F,Community Health Officer,Kumbungu District communities,Kumbungu District communities,signed
307,Adiza Tia,F,Community Health Officer,Kumbungu District communities,Kumbungu District communities,signed
308,Abu Wumbei,F,Medical Assistant,Kumbungu District communities,Kumbungu District communities,signed
309,Hawa Mahama,F,Enrolled Nurse,Kumbungu District communities,Kumbungu District communities,signed
310,Yakubu Iddrisu,F,Enrolled Nurse,Kumbungu District communities,Kumbungu District communities,signed
311,Fati Alhassan,F,Medical Assistant,Kumbungu District communities,Kumbungu District communities,signed
312,Abu Wumbei,F,Medical Assistant,Kumbungu District communities,Kumbungu District communities,signed
313,Abu Alhassan,F,Enrolled Nurse,Kumbungu District communities,Kumbungu District communities,signed
314,Memunatu Seidu,F,Medical Assistant,Kumbungu District communities,Kumbungu District communities,signed
315,Fuseini Seidu,F,Community Health Officer,Kumbungu District communities,Kumbungu District communities,signed
316,Abdul Dauda,F,Disease Control Officer,Kumbungu District communities,Kumbungu District communities,signed
317,Iddrisu Alhassan,F,Medical Assistant,Kumbungu District communities,Kumbungu District communities,signed
318,Sanatu Issahaku,F,Medical Assistant,Kumbungu District communities,Kumbungu District communities,signed
319,Mariam Wumbei,F,Enrolled Nurse,Kumbungu District communities,Kumbungu District communities,signed
320,Issah Wumbei,F,Community Health Officer,Kumbungu District communities,Kumbungu District communities,signed
321,Memunatu Tia,F,Enrolled Nurse,Kumbungu District communities,Kumbungu District communities,signed
322,Mariam Wumbei,F,Medical Assistant,Kumbungu District communities,Kumbungu District communities,signed
323,Abdul Wumbei,F,Enrolled Nurse,Kumbungu District communities,Kumbungu District communities,signed
324,Abdul Issahaku,F,Community Health Officer,Kumbungu District communities,Kumbungu District communities,signed
325,Baba Wumbei,F,Medical Assistant,Kumbungu District communities,Kumbungu District communities,signed
326,Iddrisu Dauda,F,Disease Control Officer,Kumbungu District communities,Kumbungu District communities,signed
327,Rahinatu Dauda,F,Medical Assistant,Kumbungu District communities,Kumbungu District communities,signed
328,Memunatu Seidu,F,Medical Assistant,Kumbungu District communities,Kumbungu District communities,signed
329,Sanatu Tia,F,Medical Assistant,Kumbungu District communities,Kumbungu District communities,signed
330,Alhassan Seidu,F,Midwife,Kumbungu District communities,Kumbungu District communities,signed
331,Abdul Seidu,F,Community Health Officer,Kumbungu District communities,Kumbungu District communities,signed
332,Memunatu Dauda,F,Community Health Officer,Kumbungu District communities,Kumbungu District communities,signed
333,Issah Dauda,F,Disease Control Officer,Kumbungu District communities,Kumbungu District communities,signed
334,Rahinatu Napari,F,Midwife,Kumbungu District communities,Kumbungu District communities,signed
335,Hawa Dauda,F,Enrolled Nurse,Kumbungu District communities,Kumbungu District communities,signed
336,Alhassan Iddrisu,F,Midwife,Kumbungu District communities,Kumbungu District communities,signed
337,Hawa Issahaku,F,Enrolled Nurse,Kumbungu District communities,Kumbungu District communities,signed
338,Rahinatu Dauda,F,Medical Assistant,Kumbungu District communities,Kumbungu District communities,signed
339,Fati Wumbei,F,Disease Control Officer,Kumbungu District communities,Kumbungu District communities,signed
340,Memunatu Alhassan,F,Community Health Officer,Kumbungu District communities,Kumbungu District communities,signed
341,Adiza Dauda,F,Enrolled Nurse,Kumbungu District communities,Kumbungu District communities,signed
342,Abu Tia,F,Disease Control Officer,Kumbungu District communities,Kumbungu District communities,signed
343,Sanatu Dauda,F,Disease Control Officer,Kumbungu District communities,Kumbungu District communities,signed
344,Abdul Tia,F,Enrolled Nurse,Kumbungu District communities,Kumbungu District communities,signed
345,Sanatu Dauda,F,Enrolled Nurse,Kumbungu District communities,Kumbungu District communities,signed
346,Memunatu Alhassan,F,Community Health Officer,Kumbungu District communities,Kumbungu District communities,signed
347,Mohammed Abdulai,F,Midwife,Kumbungu District communities,Kumbungu District communities,signed
348,Hawa Dauda,F,Enrolled Nurse,Kumbungu District communities,Kumbungu District communities,signed
349,Mariam Issahaku,F,Enrolled Nurse,Kumbungu District communities,Kumbungu District communities,signed
350,Issah Fuseini,F,Community Health Officer,Kumbungu District communities,Kumbungu District communities,signed
351,Rahinatu Issahaku,F,Enrolled Nurse,Kumbungu District communities,Kumbungu District communities,signed
352,Iddrisu Abdulai,F,Enrolled Nurse,Kumbungu District communities,Kumbungu District communities,signed
353,Iddrisu Wumbei,F,Disease Control Officer,Kumbungu District communities,Kumbungu District communities,signed
354,Zuweira Dauda,F,Enrolled Nurse,Kumbungu District communities,Kumbungu District communities,signed
355,Fati Seidu,F,Enrolled Nurse,Kumbungu District communities,Kumbungu District communities,signed
356,Zuweira Mahama,F,Medical Assistant,Kumbungu District communities,Kumbungu District communities,signed
357,Rahinatu Tia,F,Disease Control Officer,Kumbungu District communities,Kumbungu District communities,signed
358,Issah Iddrisu,F,Midwife,Kumbungu District communities,Kumbungu District communities,signed
359,Ayishetu Wumbei,F,Medical Assistant,Kumbungu District communities,Kumbungu District communities,signed
360,Baba Abdulai,F,Disease Control Officer,Kumbungu District communities,Kumbungu District communities,signed
361,Yakubu Issahaku,F,Community Health Officer,Kumbungu District communities,Kumbungu District communities,signed
362,Abdul Wumbei,F,Medical Assistant,Kumbungu District communities,Kumbungu District communities,signed
363,Hawa Mahama,F,Midwife,Kumbungu District communities,Kumbungu District communities,signed
364,Abdul Yakubu,F,Disease Control Officer,Kumbungu District communities,Kumbungu District communities,signed
365,Issah Issahaku,F,Midwife,Kumbungu District communities,Kumbungu District communities,signed
366,Ayishetu Wumbei,F,Medical Assistant,Kumbungu District communities,Kumbungu District communities,signed
367,Mariam Alhassan,F,Community Health Officer,Kumbungu District communities,Kumbungu District communities,signed
368,Baba Iddrisu,F,Community Health Officer,Kumbungu District communities,Kumbungu District communities,signed
369,Yakubu Dauda,F,Midwife,Kumbungu District communities,Kumbungu District communities,signed
370,Mohammed Seidu,F,Disease Control Officer,Kumbungu District communities,Kumbungu District communities,signed
371,Sulemana Alhassan,F,Enrolled Nurse,Kumbungu District communities,Kumbungu District communities,signed
372,Mohammed Iddrisu,F,Midwife,Kumbungu District communities,Kumbungu District communities,signed
373,Ayishetu Seidu,F,Midwife,Kumbungu District communities,Kumbungu District communities,signed
374,Rahinatu Yakubu,F,Disease Control Officer,Kumbungu District communities,Kumbungu District communities,signed
375,Mariam Abdulai,F,Midwife,Kumbungu District communities,Kumbungu District communities,signed
376,Rahinatu Wumbei,F,Disease Control Officer,Kumbungu District communities,Kumbungu District communities,signed
377,Hawa Mahama,F,Enrolled Nurse,Kumbungu District communities,Kumbungu District communities,signed
378,Mariam Dauda,F,Community Health Officer,Kumbungu District communities,Kumbungu District communities,signed
379,Sanatu Yakubu,F,Midwife,Kumbungu District communities,Kumbungu District communities,signed
380,Salamatu Tia,F,Disease Control Officer,Kumbungu District communities,Kumbungu District communities,signed
381,Fuseini Wumbei,F,Medical Assistant,Kumbungu District communities,Kumbungu District communities,signed
382,Mariam Seidu,F,Medical Assistant,Kumbungu District communities,Kumbungu District communities,signed
383,Memunatu Tia,F,Community Health Officer,Kumbungu District communities,Kumbungu District communities,signed
384,Hawa Yakubu,F,Medical Assistant,Kumbungu District communities,Kumbungu District communities,signed
385,Issah Fuseini,F,Medical Assistant,Kumbungu District communities,Kumbungu District communities,signed
386,Iddrisu Abdulai,F,Enrolled Nurse,Kumbungu District communities,Kumbungu District communities,signed
387,Sulemana Dauda,F,Community Health Officer,Kumbungu District communities,Kumbungu District communities,signed
388,Memunatu Tia,F,Midwife,Kumbungu District communities,Kumbungu District communities,signed
389,Hawa Abdulai,F,Disease Control Officer,Kumbungu District communities,Kumbungu District communities,signed
390,Abu Abdulai,F,Community Health Officer,Kumbungu District communities,Kumbungu District communities,signed
391,Fati Abdulai,F,Enrolled Nurse,Kumbungu District communities,Kumbungu District communities,signed
392,Iddrisu Wumbei,F,Community Health Officer,Kumbungu District communities,Kumbungu District communities,signed
393,Fuseini Tia,F,Enrolled Nurse,Kumbungu District communities,Kumbungu District communities,signed
394,Sanatu Mahama,F,Medical Assistant,Kumbungu District communities,Kumbungu District communities,signed
395,Salamatu Tia,F,Medical Assistant,Kumbungu District communities,Kumbungu District communities,signed
396,Issah Issahaku,F,Midwife,Kumbungu District communities,Kumbungu District communities,signed
397,Ayishetu Wumbei,F,Medical Assistant,Kumbungu District communities,Kumbungu District communities,signed
398,Sanatu Wumbei,F,Midwife,Kumbungu District communities,Kumbungu District communities,signed
399,Abu Issahaku,F,Midwife,Kumbungu District communities,Kumbungu District communities,signed
400,Abdul Napari,F,Community Health Officer,Kumbungu District communities,Kumbungu District communities,signed
401,Salamatu Abdulai,F,Community Health Officer,Kumbungu District communities,Kumbungu District communities,signed
402,Issah Fuseini,F,Community Health Officer,Kumbungu District communities,Kumbungu District communities,signed
403,Yakubu Wumbei,F,Community Health Officer,Kumbungu District communities,Kumbungu District communities,signed
404,Adiza Issahaku,F,Community Health Officer,Kumbungu District communities,Kumbungu District communities,signed
405,Issah Tia,F,Midwife,Kumbungu District communities,Kumbungu District communities,signed
406,Mariam Abdulai,F,Midwife,Kumbungu District communities,Kumbungu District communities,signed
407,Hawa Dauda,F,Midwife,Kumbungu District communities,Kumbungu District communities,signed
408,Ayishetu Mahama,F,Community Health Officer,Kumbungu District communities,Kumbungu District communities,signed
409,Sulemana Seidu,F,Community Health Officer,Kumbungu District communities,Kumbungu District communities,signed
410,Issah Mahama,F,Medical Assistant,Kumbungu District communities,Kumbungu District communities,signed
411,Salamatu Yakubu,F,Disease Control Officer,Kumbungu District communities,Kumbungu District communities,signed
412,Mohammed Wumbei,F,Community Health Officer,Kumbungu District communities,Kumbungu District communities,signed
413,Abu Yakubu,F,Enrolled Nurse,Kumbungu District communities,Kumbungu District communities,signed
414,Yakubu Abdulai,F,Midwife,Kumbungu District communities,Kumbungu District communities,signed
415,Abdul Napari,F,Medical Assistant,Kumbungu District communities,Kumbungu District communities,signed
416,Rahinatu Mahama,F,Medical Assistant,Kumbungu District communities,Kumbungu District communities,signed
417,Mariam Iddrisu,F,Disease Control Officer,Kumbungu District communities,Kumbungu District communities,signed
418,Sulemana Tia,F,Medical Assistant,Kumbungu District communities,Kumbungu District communities,signed
419,Fati Seidu,F,Midwife,Kumbungu District communities,Kumbungu District communities,signed
420,Baba Mahama,F,Community Health Officer,Kumbungu District communities,Kumbungu District communities,signed
421,Abdul Wumbei,F,Community Health Officer,Kumbungu District communities,Kumbungu District communities,signed
422,Issah Alhassan,F,Medical Assistant,Kumbungu District communities,Kumbungu District communities,signed
423,Abdul Dauda,F,Disease Control Officer,Kumbungu District communities,Kumbungu District communities,signed
424,Fati Dauda,F,Community Health Officer,Kumbungu District communities,Kumbungu District communities,signed
425,Zuweira Wumbei,F,Disease Control Officer,Kumbungu District communities,Kumbungu District communities,signed
426,Yakubu Seidu,F,Enrolled Nurse,Kumbungu District communities,Kumbungu District communities,signed
427,Iddrisu Mahama,F,Disease Control Officer,Kumbungu District communities,Kumbungu District communities,signed
428,Zuweira Tia,F,Midwife,Kumbungu District communities,Kumbungu District communities,signed
429,Mohammed Seidu,F,Disease Control Officer,Kumbungu District communities,Kumbungu District communities,signed
430,Zuweira Tia,F,Community Health Officer,Kumbungu District communities,Kumbungu District communities,signed
431,Memunatu Wumbei,F,Midwife,Kumbungu District communities,Kumbungu District communities,signed
432,Abdul Wumbei,F,Midwife,Kumbungu District communities,Kumbungu District communities,signed
433,Baba Yakubu,F,Enrolled Nurse,Kumbungu District communities,Kumbungu District communities,signed
434,Hawa Napari,F,Disease Control Officer,Kumbungu District communities,Kumbungu District communities,signed
435,Yakubu Dauda,F,Enrolled Nurse,Kumbungu District communities,Kumbungu District communities,signed
436,Iddrisu Tia,F,Enrolled Nurse,Kumbungu District communities,Kumbungu District communities,signed
437,Salamatu Yakubu,F,Community Health Officer,Kumbungu District communities,Kumbungu District communities,signed
438,Adiza Napari,F,Disease Control Officer,Kumbungu District communities,Kumbungu District communities,signed
439,Salamatu Dauda,F,Midwife,Kumbungu District communities,Kumbungu District communities,signed
440,Alhassan Napari,F,Enrolled Nurse,Kumbungu District communities,Kumbungu District communities,signed
441,Memunatu Tia,F,Midwife,Kumbungu District communities,Kumbungu District communities,signed
442,Memunatu Iddrisu,F,Medical Assistant,Kumbungu District communities,Kumbungu District communities,signed
443,Abu Iddrisu,F,Enrolled Nurse,Kumbungu District communities,Kumbungu District communities,signed
444,Sulemana Fuseini,F,Disease Control Officer,Kumbungu District communities,Kumbungu District communities,signed
445,Fati Wumbei,F,Medical Assistant,Kumbungu District communities,Kumbungu District communities,signed
446,Mohammed Dauda,F,Midwife,Kumbungu District communities,Kumbungu District communities,signed
447,Baba Alhassan,F,Midwife,Kumbungu District communities,Kumbungu District communities,signed
448,Mohammed Abdulai,F,Community Health Officer,Kumbungu District communities,Kumbungu District communities,signed
449,Sulemana Tia,F,Midwife,Kumbungu District communities,Kumbungu District communities,signed
450,Salamatu Mahama,F,Enrolled Nurse,Kumbungu District communities,Kumbungu District communities,signed
451,Sanatu Fuseini,F,Disease Control Officer,Kumbungu District communities,Kumbungu District communities,signed
452,Yakubu Iddrisu,F,Midwife,Kumbungu District communities,Kumbungu District communities,signed
453,Zuweira Yakubu,F,Community Health Officer,Kumbungu District communities,Kumbungu District communities,signed
454,Ayishetu Issahaku,F,Disease Control Officer,Kumbungu District communities,Kumbungu District communities,signed
455,Salamatu Yakubu,F,Community Health Officer,Kumbungu District communities,Kumbungu District communities,signed
456,Abdul Mahama,F,Enrolled Nurse,Kumbungu District communities,Kumbungu District communities,signed
457,Sulemana Wumbei,F,Medical Assistant,Kumbungu District communities,Kumbungu District communities,signed
458,Alhassan Wumbei,F,Enrolled Nurse,Kumbungu District communities,Kumbungu District communities,signed
459,Sulemana Tia,F,Medical Assistant,Kumbungu District communities,Kumbungu District communities,signed
460,Alhassan Napari,F,Enrolled Nurse,Kumbungu District communities,Kumbungu District communities,signed
461,Ayishetu Yakubu,F,Medical Assistant,Kumbungu District communities,Kumbungu District communities,signed
462,Salamatu Seidu,F,Enrolled Nurse,Kumbungu District communities,Kumbungu District communities,signed
463,Hawa Yakubu,F,Medical Assistant,Kumbungu District communities,Kumbungu District communities,signed
464,Alhassan Napari,F,Community Health Officer,Kumbungu District communities,Kumbungu District communities,signed
465,Baba Fuseini,F,Medical Assistant,Kumbungu District communities,Kumbungu District communities,signed
466,Zuweira Iddrisu,F,Medical Assistant,Kumbungu District communities,Kumbungu District communities,signed
467,Alhassan Yakubu,F,Midwife,Kumbungu District communities,Kumbungu District communities,signed
468,Hawa Napari,F,Enrolled Nurse,Kumbungu District communities,Kumbungu District communities,signed
469,Baba Yakubu,F,Midwife,Kumbungu District communities,Kumbungu District communities,signed
470,Fuseini Abdulai,F,Enrolled Nurse,Kumbungu District communities,Kumbungu District communities,signed
471,Abu Mahama,F,Disease Control Officer,Kumbungu District communities,Kumbungu District communities,signed
472,Alhassan Wumbei,F,Midwife,Kumbungu District communities,Kumbungu District communities,signed
473,Fati Napari,F,Disease Control Officer,Kumbungu District communities,Kumbungu District communities,signed
474,Baba Seidu,F,Medical Assistant,Kumbungu District communities,Kumbungu District communities,signed
475,Abu Issahaku,F,Community Health Officer,Kumbungu District communities,Kumbungu District communities,signed
476,Iddrisu Issahaku,F,Disease Control Officer,Kumbungu District communities,Kumbungu District communities,signed
477,Zuweira Abdulai,F,Disease Control Officer,Kumbungu District communities,Kumbungu District communities,signed
478,Ayishetu Dauda,F,Enrolled Nurse,Kumbungu District communities,Kumbungu District communities,signed
479,Mariam Tia,F,Medical Assistant,Kumbungu District communities,Kumbungu District communities,signed
480,Memunatu Fuseini,F,Midwife,Kumbungu District communities,Kumbungu District communities,signed
481,Zuweira Dauda,F,Medical Assistant,Kumbungu District communities,Kumbungu District communities,signed
482,Issah Dauda,F,Midwife,Kumbungu District communities,Kumbungu District communities,signed
483,Zuweira Issahaku,F,Midwife,Kumbungu District communities,Kumbungu District communities,signed
484,Abdul Tia,F,Medical Assistant,Kumbungu District communities,Kumbungu District communities,signed
485,Mariam Abdulai,F,Disease Control Officer,Kumbungu District communities,Kumbungu District communities,signed
486,Memunatu Mahama,F,Enrolled Nurse,Kumbungu District communities,Kumbungu District communities,signed
487,Abu Napari,F,Disease Control Officer,Kumbungu District communities,Kumbungu District communities,signed
488,Fuseini Dauda,F,Medical Assistant,Kumbungu District communities,Kumbungu District communities,signed
489,Iddrisu Dauda,F,Community Health Officer,Kumbungu District communities,Kumbungu District communities,signed
490,Fati Abdulai,F,Community Health Officer,Kumbungu District communities,Kumbungu District communities,signed
491,Abu Iddrisu,F,Medical Assistant,Kumbungu District communities,Kumbungu District communities,signed
492,Zuweira Abdulai,F,Medical Assistant,Kumbungu District communities,Kumbungu District communities,signed
493,Issah Issahaku,F,Midwife,Kumbungu District communities,Kumbungu District communities,signed
494,Memunatu Wumbei,F,Medical Assistant,Kumbungu District communities,Kumbungu District communities,signed
495,Ayishetu Issahaku,F,Medical Assistant,Kumbungu District communities,Kumbungu District communities,signed
496,Fuseini Tia,F,Community Health Officer,Kumbungu District communities,Kumbungu District communities,signed
497,Hawa Mahama,F,Disease Control Officer,Kumbungu District communities,Kumbungu District communities,signed
498,Rahinatu Fuseini,F,Enrolled Nurse,Kumbungu District communities,Kumbungu District communities,signed
499,Sanatu Issahaku,F,Enrolled Nurse,Kumbungu District communities,Kumbungu District communities,signed
500,Yakubu Alhassan,F,Disease Control Officer,Kumbungu District communities,Kumbungu District communities,signed
501,Adiza Yakubu,F,Community Health Officer,Kumbungu District communities,Kumbungu District communities,signed
502,Mohammed Wumbei,F,Enrolled Nurse,Kumbungu District communities,Kumbungu District communities,signed
503,Zuweira Seidu,F,Disease Control Officer,Kumbungu District communities,Kumbungu District communities,signed
504,Yakubu Napari,F,Community Health Officer,Kumbungu District communities,Kumbungu District communities,signed
505,Memunatu Iddrisu,F,Enrolled Nurse,Kumbungu District communities,Kumbungu District communities,signed
506,Memunatu Tia,F,Midwife,Kumbungu District communities,Kumbungu District communities,signed
507,Mariam Wumbei,F,Community Health Officer,Kumbungu District communities,Kumbungu District communities,signed
508,Sanatu Dauda,F,Community Health Officer,Kumbungu District communities,Kumbungu District communities,signed
509,Mohammed Tia,F,Midwife,Kumbungu District communities,Kumbungu District communities,signed
510,Yakubu Abdulai,F,Disease Control Officer,Kumbungu District communities,Kumbungu District communities,signed
511,Mohammed Napari,F,Midwife,Kumbungu District communities,Kumbungu District communities,signed
512,Mariam Alhassan,F,Disease Control Officer,Kumbungu District communities,Kumbungu District communities,signed
513,Memunatu Seidu,F,Midwife,Kumbungu District communities,Kumbungu District communities,signed
514,Abu Alhassan,F,Midwife,Kumbungu District communities,Kumbungu District communities,signed
515,Abu Dauda,F,Medical Assistant,Kumbungu District communities,Kumbungu District communities,signed
516,Alhassan Yakubu,F,Midwife,Kumbungu District communities,Kumbungu District communities,signed
517,Memunatu Tia,F,Enrolled Nurse,Kumbungu District communities,Kumbungu District communities,signed
518,Mariam Wumbei,F,Medical Assistant,Kumbungu District communities,Kumbungu District communities,signed
519,Sanatu Mahama,F,Medical Assistant,Kumbungu District communities,Kumbungu District communities,signed
520,Issah Iddrisu,F,Medical Assistant,Kumbungu District communities,Kumbungu District communities,signed
521,Fuseini Yakubu,F,Community Health Officer,Kumbungu District communities,Kumbungu District communities,signed
522,Alhassan Dauda,F,Disease Control Officer,Kumbungu District communities,Kumbungu District communities,signed
523,Sanatu Napari,F,Community Health Officer,Kumbungu District communities,Kumbungu District communities,signed
524,Hawa Seidu,F,Community Health Officer,Kumbungu District communities,Kumbungu District communities,signed
525,Salamatu Fuseini,F,Enrolled Nurse,Kumbungu District communities,Kumbungu District communities,signed
526,Issah Fuseini,F,Community Health Officer,Kumbungu District communities,Kumbungu District communities,signed
527,Issah Mahama,F,Enrolled Nurse,Kumbungu District communities,Kumbungu District communities,signed
528,Ayishetu Dauda,F,Medical Assistant,Kumbungu District communities,Kumbungu District communities,signed
529,Memunatu Seidu,F,Medical Assistant,Kumbungu District communities,Kumbungu District communities,signed
530,Sanatu Yakubu,F,Disease Control Officer,Kumbungu District communities,Kumbungu District communities,signed
531,Abu Wumbei,F,Disease Control Officer,Kumbungu District communities,Kumbungu District communities,signed
532,Abu Dauda,F,Enrolled Nurse,Kumbungu District communities,Kumbungu District communities,signed
533,Issah Iddrisu,F,Medical Assistant,Kumbungu District communities,Kumbungu District communities,signed
534,Iddrisu Fuseini,F,Disease Control Officer,Kumbungu District communities,Kumbungu District communities,signed
535,Rahinatu Mahama,F,Community Health Officer,Kumbungu District communities,Kumbungu District communities,signed
536,Adiza Tia,F,Community Health Officer,Kumbungu District communities,Kumbungu District communities,signed
537,Hawa Dauda,F,Community Health Officer,Kumbungu District communities,Kumbungu District communities,signed
538,Alhassan Napari,F,Community Health Officer,Kumbungu District communities,Kumbungu District communities,signed
539,Salamatu Napari,F,Enrolled Nurse,Kumbungu District communities,Kumbungu District communities,signed
540,Sanatu Dauda,F,Enrolled Nurse,Kumbungu District communities,Kumbungu District communities,signed
541,Rahinatu Napari,F,Midwife,Kumbungu District communities,Kumbungu District communities,signed
542,Hawa Napari,F,Medical Assistant,Kumbungu District communities,Kumbungu District communities,signed
543,Yakubu Yakubu,F,Midwife,Kumbungu District communities,Kumbungu District communities,signed
544,Memunatu Mahama,F,Midwife,Kumbungu District communities,Kumbungu District communities,signed
545,Abu Napari,F,Community Health Officer,Kumbungu District communities,Kumbungu District communities,signed
546,Salamatu Issahaku,F,Midwife,Kumbungu District communities,Kumbungu District communities,signed
547,Ayishetu Napari,F,Disease Control Officer,Kumbungu District communities,Kumbungu District communities,signed
548,Baba Abdulai,F,Disease Control Officer,Kumbungu District communities,Kumbungu District communities,signed
549,Rahinatu Mahama,F,Community Health Officer,Kumbungu District communities,Kumbungu District communities,signed
550,Sanatu Fuseini,F,Disease Control Officer,Kumbungu District communities,Kumbungu District communities,signed
551,Salamatu Seidu,F,Disease Control Officer,Kumbungu District communities,Kumbungu District communities,signed
552,Abu Mahama,F,Enrolled Nurse,Kumbungu District communities,Kumbungu District communities,signed
553,Fati Tia,F,Medical Assistant,Kumbungu District communities,Kumbungu District communities,signed
554,Issah Seidu,F,Disease Control Officer,Kumbungu District communities,Kumbungu District communities,signed
555,Yakubu Fuseini,F,Disease Control Officer,Kumbungu District communities,Kumbungu District communities,signed
556,Sanatu Napari,F,Community Health Officer,Kumbungu District communities,Kumbungu District communities,signed
557,Sulemana Mahama,F,Disease Control Officer,Kumbungu District communities,Kumbungu District communities,signed
558,Memunatu Yakubu,F,Community Health Officer,Kumbungu District communities,Kumbungu District communities,signed
559,Sulemana Alhassan,F,Disease Control Officer,Kumbungu District communities,Kumbungu District communities,signed
560,Iddrisu Mahama,F,Midwife,Kumbungu District communities,Kumbungu District communities,signed
561,Mariam Alhassan,F,Community Health Officer,Kumbungu District communities,Kumbungu District communities,signed
562,Sulemana Fuseini,F,Medical Assistant,Kumbungu District communities,Kumbungu District communities,signed
563,Issah Dauda,F,Medical Assistant,Kumbungu District communities,Kumbungu District communities,signed
564,Hawa Alhassan,F,Community Health Officer,Kumbungu District communities,Kumbungu District communities,signed
565,Yakubu Tia,F,Medical Assistant,Kumbungu District communities,Kumbungu District communities,signed
566,Adiza Mahama,F,Midwife,Kumbungu District communities,Kumbungu District communities,signed
567,Iddrisu Napari,F,Disease Control Officer,Kumbungu District communities,Kumbungu District communities,signed
568,Fati Seidu,F,Community Health Officer,Kumbungu District communities,Kumbungu District communities,signed
569,Salamatu Mahama,F,Disease Control Officer,Kumbungu District communities,Kumbungu District communities,signed
570,Ayishetu Fuseini,F,Medical Assistant,Kumbungu District communities,Kumbungu District communities,signed
571,Yakubu Fuseini,F,Disease Control Officer,Kumbungu District communities,Kumbungu District communities,signed
572,Sanatu Tia,F,Midwife,Kumbungu District communities,Kumbungu District communities,signed
573,Issah Wumbei,F,Disease Control Officer,Kumbungu District communities,Kumbungu District communities,signed
574,Memunatu Dauda,F,Disease Control Officer,Kumbungu District communities,Kumbungu District communities,signed
575,Fuseini Issahaku,F,Midwife,Kumbungu District communities,Kumbungu District communities,signed
576,Ayishetu Yakubu,F,Midwife,Kumbungu District communities,Kumbungu District communities,signed
577,Yakubu Seidu,F,Disease Control Officer,Kumbungu District communities,Kumbungu District communities,signed
578,Iddrisu Yakubu,F,Midwife,Kumbungu District communities,Kumbungu District communities,signed
579,Hawa Yakubu,F,Enrolled Nurse,Kumbungu District communities,Kumbungu District communities,signed
580,Ayishetu Yakubu,F,Medical Assistant,Kumbungu District communities,Kumbungu District communities,signed
581,Fati Iddrisu,F,Community Health Officer,Kumbungu District communities,Kumbungu District communities,signed
582,Memunatu Tia,F,Medical Assistant,Kumbungu District communities,Kumbungu District communities,signed
583,Adiza Mahama,F,Community Health Officer,Kumbungu District communities,Kumbungu District communities,signed
584,Memunatu Yakubu,F,Disease Control Officer,Kumbungu District communities,Kumbungu District communities,signed
585,Salamatu Dauda,F,Medical Assistant,Kumbungu District communities,Kumbungu District communities,signed
586,Adiza Iddrisu,F,Midwife,Kumbungu District communities,Kumbungu District communities,signed
587,Fuseini Iddrisu,F,Midwife,Kumbungu District communities,Kumbungu District communities,signed
588,Ayishetu Fuseini,F,Disease Control Officer,Kumbungu District communities,Kumbungu District communities,signed
589,Abdul Iddrisu,F,Disease Control Officer,Kumbungu District communities,Kumbungu District communities,signed
590,Hawa Wumbei,F,Community Health Officer,Kumbungu District communities,Kumbungu District communities,signed
591,Iddrisu Tia,F,Community Health Officer,Kumbungu District communities,Kumbungu District communities,signed
592,Sulemana Napari,F,Medical Assistant,Kumbungu District communities,Kumbungu District communities,signed
593,Mariam Issahaku,F,Medical Assistant,Kumbungu District communities,Kumbungu District communities,signed
594,Alhassan Abdulai,F,Enrolled Nurse,Kumbungu District communities,Kumbungu District communities,signed
595,Mohammed Issahaku,F,Midwife,Kumbungu District communities,Kumbungu District communities,signed
596,Adiza Napari,F,Medical Assistant,Kumbungu District communities,Kumbungu District communities,signed
597,Salamatu Dauda,F,Midwife,Kumbungu District communities,Kumbungu District communities,signed
598,Memunatu Abdulai,F,Medical Assistant,Kumbungu District communities,Kumbungu District communities,signed
599,Sanatu Abdulai,F,Community Health Officer,Kumbungu District communities,Kumbungu District communities,signed
600,Fuseini Dauda,F,Enrolled Nurse,Kumbungu District communities,Kumbungu District communities,signed
601,Fuseini Tia,F,Disease Control Officer,Kumbungu District communities,Kumbungu District communities,signed
602,Mariam Mahama,F,Enrolled Nurse,Kumbungu District communities,Kumbungu District communities,signed
603,Yakubu Mahama,F,Medical Assistant,Kumbungu District communities,Kumbungu District communities,signed
604,Rahinatu Tia,F,Community Health Officer,Kumbungu District communities,Kumbungu District communities,signed
605,Sanatu Mahama,F,Community Health Officer,Kumbungu District communities,Kumbungu District communities,signed
606,Adiza Abdulai,F,Medical Assistant,Kumbungu District communities,Kumbungu District communities,signed
607,Fuseini Mahama,F,Community Health Officer,Kumbungu District communities,Kumbungu District communities,signed
608,Salamatu Abdulai,F,Community Health Officer,Kumbungu District communities,Kumbungu District communities,signed
609,Mohammed Dauda,F,Enrolled Nurse,Kumbungu District communities,Kumbungu District communities,signed
610,Ayishetu Mahama,F,Disease Control Officer,Kumbungu District communities,Kumbungu District communities,signed
611,Ayishetu Issahaku,F,Disease Control Officer,Kumbungu District communities,Kumbungu District communities,signed
612,Yakubu Napari,F,Medical Assistant,Kumbungu District communities,Kumbungu District communities,signed
613,Rahinatu Tia,F,Midwife,Kumbungu District communities,Kumbungu District communities,signed
614,Ayishetu Alhassan,F,Disease Control Officer,Kumbungu District communities,Kumbungu District communities,signed
615,Baba Tia,F,Disease Control Officer,Kumbungu District communities,Kumbungu District communities,signed
616,Rahinatu Abdulai,F,Disease Control Officer,Kumbungu District communities,Kumbungu District communities,signed
617,Salamatu Dauda,F,Medical Assistant,Kumbungu District communities,Kumbungu District communities,signed
618,Sulemana Fuseini,F,Disease Control Officer,Kumbungu District communities,Kumbungu District communities,signed
619,Salamatu Abdulai,F,Enrolled Nurse,Kumbungu District communities,Kumbungu District communities,signed
620,Abu Fuseini,F,Enrolled Nurse,Kumbungu District communities,Kumbungu District communities,signed
621,Zuweira Issahaku,F,Midwife,Kumbungu District communities,Kumbungu District communities,signed
622,Alhassan Wumbei,F,Community Health Officer,Kumbungu District communities,Kumbungu District communities,signed
623,Mariam Alhassan,F,Enrolled Nurse,Kumbungu District communities,Kumbungu District communities,signed
624,Issah Iddrisu,F,Medical Assistant,Kumbungu District communities,Kumbungu District communities,signed
625,Mohammed Dauda,F,Community Health Officer,Kumbungu District communities,Kumbungu District communities,signed
626,Fuseini Abdulai,F,Community Health Officer,Kumbungu District communities,Kumbungu District communities,signed
627,Mohammed Wumbei,F,Community Health Officer,Kumbungu District communities,Kumbungu District communities,signed
628,Abu Issahaku,F,Disease Control Officer,Kumbungu District communities,Kumbungu District communities,signed
629,Memunatu Abdulai,F,Enrolled Nurse,Kumbungu District communities,Kumbungu District communities,signed
630,Fuseini Alhassan,F,Midwife,Kumbungu District communities,Kumbungu District communities,signed
631,Issah Wumbei,F,Community Health Officer,Kumbungu District communities,Kumbungu District communities,signed
632,Fati Tia,F,Community Health Officer,Kumbungu District communities,Kumbungu District communities,signed
633,Mohammed Yakubu,F,Enrolled Nurse,Kumbungu District communities,Kumbungu District communities,signed
634,Salamatu Alhassan,F,Enrolled Nurse,Kumbungu District communities,Kumbungu District communities,signed
635,Sanatu Seidu,F,Midwife,Kumbungu District communities,Kumbungu District communities,signed
636,Fuseini Issahaku,F,Disease Control Officer,Kumbungu District communities,Kumbungu District communities,signed
637,Iddrisu Yakubu,F,Disease Control Officer,Kumbungu District communities,Kumbungu District communities,signed
638,Sulemana Dauda,F,Community Health Officer,Kumbungu District communities,Kumbungu District communities,signed
639,Mohammed Alhassan,F,Community Health Officer,Kumbungu District communities,Kumbungu District communities,signed
640,Sanatu Iddrisu,F,Midwife,Kumbungu District communities,Kumbungu District communities,signed
641,Sanatu Alhassan,F,Community Health Officer,Kumbungu District communities,Kumbungu District communities,signed
642,Sanatu Mahama,F,Midwife,Kumbungu District communities,Kumbungu District communities,signed
643,Iddrisu Alhassan,F,Disease Control Officer,Kumbungu District communities,Kumbungu District communities,signed
644,Fuseini Dauda,F,Enrolled Nurse,Kumbungu District communities,Kumbungu District communities,signed
645,Yakubu Napari,F,Disease Control Officer,Kumbungu District communities,Kumbungu District communities,signed
646,Fuseini Yakubu,F,Community Health Officer,Kumbungu District communities,Kumbungu District communities,signed
647,Sanatu Iddrisu,F,Midwife,Kumbungu District communities,Kumbungu District communities,signed
648,Sanatu Fuseini,F,Medical Assistant,Kumbungu District communities,Kumbungu District communities,signed
649,Hawa Abdulai,F,Community Health Officer,Kumbungu District communities,Kumbungu District communities,signed
650,Rahinatu Wumbei,F,Enrolled Nurse,Kumbungu District communities,Kumbungu District communities,signed
651,Abdul Fuseini,F,Disease Control Officer,Kumbungu District communities,Kumbungu District communities,signed
652,Iddrisu Tia,F,Disease Control Officer,Kumbungu District communities,Kumbungu District communities,signed
653,Alhassan Iddrisu,F,Community Health Officer,Kumbungu District communities,Kumbungu District communities,signed
654,Issah Wumbei,F,Medical Assistant,Kumbungu District communities,Kumbungu District communities,signed
655,Abu Wumbei,F,Medical Assistant,Kumbungu District communities,Kumbungu District communities,signed
656,Yakubu Napari,F,Disease Control Officer,Kumbungu District communities,Kumbungu District communities,signed
657,Adiza Seidu,F,Enrolled Nurse,Kumbungu District communities,Kumbungu District communities,signed
658,Alhassan Mahama,F,Midwife,Kumbungu District communities,Kumbungu District communities,signed
659,Mariam Yakubu,F,Midwife,Kumbungu District communities,Kumbungu District communities,signed
660,Adiza Abdulai,F,Midwife,Kumbungu District communities,Kumbungu District communities,signed
661,Zuweira Fuseini,F,Enrolled Nurse,Kumbungu District communities,Kumbungu District communities,signed
662,Mariam Dauda,F,Disease Control Officer,Kumbungu District communities,Kumbungu District communities,signed
663,Sanatu Yakubu,F,Medical Assistant,Kumbungu District communities,Kumbungu District communities,signed
664,Zuweira Abdulai,F,Disease Control Officer,Kumbungu District communities,Kumbungu District communities,signed
665,Memunatu Seidu,F,Midwife,Kumbungu District communities,Kumbungu District communities,signed
666,Memunatu Dauda,F,Midwife,Kumbungu District communities,Kumbungu District communities,signed
667,Fati Abdulai,F,Enrolled Nurse,Kumbungu District communities,Kumbungu District communities,signed
668,Issah Abdulai,F,Enrolled Nurse,Kumbungu District communities,Kumbungu District communities,signed
669,Zuweira Dauda,F,Enrolled Nurse,Kumbungu District communities,Kumbungu District communities,signed
670,Iddrisu Wumbei,F,Enrolled Nurse,Kumbungu District communities,Kumbungu District communities,signed
671,Rahinatu Napari,F,Enrolled Nurse,Kumbungu District communities,Kumbungu District communities,signed
672,Adiza Issahaku,F,Enrolled Nurse,Kumbungu District communities,Kumbungu District communities,signed
673,Mariam Seidu,F,Medical Assistant,Kumbungu District communities,Kumbungu District communities,signed
674,Fati Issahaku,F,Enrolled Nurse,Kumbungu District communities,Kumbungu District communities,signed
675,Hawa Iddrisu,F,Midwife,Kumbungu District communities,Kumbungu District communities,signed
676,Sanatu Wumbei,F,Disease Control Officer,Kumbungu District communities,Kumbungu District communities,signed
677,Zuweira Tia,F,Community Health Officer,Kumbungu District communities,Kumbungu District communities,signed
678,Alhassan Alhassan,F,Medical Assistant,Kumbungu District communities,Kumbungu District communities,signed
679,Sulemana Issahaku,F,Disease Control Officer,Kumbungu District communities,Kumbungu District communities,signed
680,Sanatu Issahaku,F,Medical Assistant,Kumbungu District communities,Kumbungu District communities,signed
681,Mariam Alhassan,F,Medical Assistant,Kumbungu District communities,Kumbungu District communities,signed
682,Fuseini Dauda,F,Enrolled Nurse,Kumbungu District communities,Kumbungu District communities,signed
683,Memunatu Seidu,F,Disease Control Officer,Kumbungu District communities,Kumbungu District communities,signed
684,Sulemana Dauda,F,Enrolled Nurse,Kumbungu District communities,Kumbungu District communities,signed
685,Salamatu Seidu,F,Medical Assistant,Kumbungu District communities,Kumbungu District communities,signed
686,Alhassan Alhassan,F,Enrolled Nurse,Kumbungu District communities,Kumbungu District communities,signed
687,Mariam Napari,F,Disease Control Officer,Kumbungu District communities,Kumbungu District communities,signed
688,Adiza Napari,F,Medical Assistant,Kumbungu District communities,Kumbungu District communities,signed
689,Adiza Issahaku,F,Disease Control Officer,Kumbungu District communities,Kumbungu District communities,signed
690,Sanatu Napari,F,Disease Control Officer,Kumbungu District communities,Kumbungu District communities,signed
691,Hawa Yakubu,F,Disease Control Officer,Kumbungu District communities,Kumbungu District communities,signed
692,Sulemana Yakubu,F,Disease Control Officer,Kumbungu District communities,Kumbungu District communities,signed
693,Abu Wumbei,F,Disease Control Officer,Kumbungu District communities,Kumbungu District communities,signed
694,Alhassan Fuseini,F,Medical Assistant,Kumbungu District communities,Kumbungu District communities,signed
695,Issah Iddrisu,F,Enrolled Nurse,Kumbungu District communities,Kumbungu District communities,signed
696,Yakubu Abdulai,F,Community Health Officer,Kumbungu District communities,Kumbungu District communities,signed
697,Yakubu Fuseini,F,Midwife,Kumbungu District communities,Kumbungu District communities,signed
698,Memunatu Dauda,F,Medical Assistant,Kumbungu District communities,Kumbungu District communities,signed
699,Rahinatu Napari,F,Midwife,Kumbungu District communities,Kumbungu District communities,signed
700,Adiza Mahama,F,Disease Control Officer,Kumbungu District communities,Kumbungu District communities,signed
701,Abu Seidu,F,Medical Assistant,Kumbungu District communities,Kumbungu District communities,signed
702,Sanatu Mahama,F,Community Health Officer,Kumbungu District communities,Kumbungu District communities,signed
703,Yakubu Abdulai,F,Disease Control Officer,Kumbungu District communities,Kumbungu District communities,signed
704,Adiza Seidu,F,Disease Control Officer,Kumbungu District communities,Kumbungu District communities,signed
705,Hawa Wumbei,F,Disease Control Officer,Kumbungu District communities,Kumbungu District communities,signed
706,Abdul Mahama,F,Community Health Officer,Kumbungu District communities,Kumbungu District communities,signed
707,Memunatu Abdulai,F,Midwife,Kumbungu District communities,Kumbungu District communities,signed
708,Salamatu Issahaku,F,Disease Control Officer,Kumbungu District communities,Kumbungu District communities,signed
709,Hawa Tia,F,Community Health Officer,Kumbungu District communities,Kumbungu District communities,signed
710,Memunatu Mahama,F,Disease Control Officer,Kumbungu District communities,Kumbungu District communities,signed
711,Alhassan Yakubu,F,Disease Control Officer,Kumbungu District communities,Kumbungu District communities,signed
712,Fuseini Napari,F,Community Health Officer,Kumbungu District communities,Kumbungu District communities,signed
713,Salamatu Issahaku,F,Midwife,Kumbungu District communities,Kumbungu District communities,signed
714,Iddrisu Abdulai,F,Enrolled Nurse,Kumbungu District communities,Kumbungu District communities,signed
715,Abu Dauda,F,Disease Control Officer,Kumbungu District communities,Kumbungu District communities,signed
716,Mohammed Issahaku,F,Medical Assistant,Kumbungu District communities,Kumbungu District communities,signed
717,Adiza Abdulai,F,Community Health Officer,Kumbungu District communities,Kumbungu District communities,signed
718,Memunatu Dauda,F,Disease Control Officer,Kumbungu District communities,Kumbungu District communities,signed
719,Ayishetu Iddrisu,F,Midwife,Kumbungu District communities,Kumbungu District communities,signed
720,Sanatu Seidu,F,Disease Control Officer,Kumbungu District communities,Kumbungu District communities,signed
721,Issah Abdulai,F,Enrolled Nurse,Kumbungu District communities,Kumbungu District communities,signed
722,Fuseini Issahaku,F,Enrolled Nurse,Kumbungu District communities,Kumbungu District communities,signed
723,Mohammed Seidu,F,Enrolled Nurse,Kumbungu District communities,Kumbungu District communities,signed
724,Issah Yakubu,F,Medical Assistant,Kumbungu District communities,Kumbungu District communities,signed
725,Yakubu Iddrisu,F,Medical Assistant,Kumbungu District communities,Kumbungu District communities,signed
726,Fati Iddrisu,F,Enrolled Nurse,Kumbungu District communities,Kumbungu District communities,signed
727,Mariam Mahama,F,Community Health Officer,Kumbungu District communities,Kumbungu District communities,signed
728,Salamatu Yakubu,F,Disease Control Officer,Kumbungu District communities,Kumbungu District communities,signed
729,Alhassan Napari,F,Disease Control Officer,Kumbungu District communities,Kumbungu District communities,signed
730,Rahinatu Seidu,F,Medical Assistant,Kumbungu District communities,Kumbungu District communities,signed
731,Abdul Alhassan,F,Midwife,Kumbungu District communities,Kumbungu District communities,signed
732,Alhassan Issahaku,F,Community Health Officer,Kumbungu District communities,Kumbungu District communities,signed
733,Abu Dauda,F,Community Health Officer,Kumbungu District communities,Kumbungu District communities,signed
734,Issah Tia,F,Midwife,Kumbungu District communities,Kumbungu District communities,signed
735,Fuseini Tia,F,Medical Assistant,Kumbungu District communities,Kumbungu District communities,signed
736,Alhassan Yakubu,F,Medical Assistant,Kumbungu District communities,Kumbungu District communities,signed
737,Adiza Napari,F,Midwife,Kumbungu District communities,Kumbungu District communities,signed
738,Abdul Seidu,F,Midwife,Kumbungu District communities,Kumbungu District communities,signed
739,Baba Abdulai,F,Community Health Officer,Kumbungu District communities,Kumbungu District communities,signed
740,Abdul Iddrisu,F,Enrolled Nurse,Kumbungu District communities,Kumbungu District communities,signed
741,Issah Issahaku,F,Disease Control Officer,Kumbungu District communities,Kumbungu District communities,signed
742,Memunatu Seidu,F,Disease Control Officer,Kumbungu District communities,Kumbungu District communities,signed
743,Adiza Fuseini,F,Community Health Officer,Kumbungu District communities,Kumbungu District communities,signed
744,Fati Napari,F,Community Health Officer,Kumbungu District communities,Kumbungu District communities,signed
745,Sanatu Iddrisu,F,Midwife,Kumbungu District communities,Kumbungu District communities,signed
746,Sulemana Abdulai,F,Community Health Officer,Kumbungu District communities,Kumbungu District communities,signed
747,Issah Abdulai,F,Enrolled Nurse,Kumbungu District communities,Kumbungu District communities,signed
748,Rahinatu Yakubu,F,Disease Control Officer,Kumbungu District communities,Kumbungu District communities,signed
749,Fati Yakubu,F,Enrolled Nurse,Kumbungu District communities,Kumbungu District communities,signed
750,Memunatu Wumbei,F,Community Health Officer,Kumbungu District communities,Kumbungu District communities,signed
751,Hawa Mahama,F,Midwife,Kumbungu District communities,Kumbungu District communities,signed
752,Ayishetu Alhassan,F,Community Health Officer,Kumbungu District communities,Kumbungu District communities,signed
753,Yakubu Tia,F,Midwife,Kumbungu District communities,Kumbungu District communities,signed
754,Memunatu Seidu,F,Disease Control Officer,Kumbungu District communities,Kumbungu District communities,signed
755,Issah Wumbei,F,Midwife,Kumbungu District communities,Kumbungu District communities,signed
756,Iddrisu Iddrisu,F,Disease Control Officer,Kumbungu District communities,Kumbungu District communities,signed
757,Mariam Yakubu,F,Medical Assistant,Kumbungu District communities,Kumbungu District communities,signed
758,Fati Iddrisu,F,Medical Assistant,Kumbungu District communities,Kumbungu District communities,signed
759,Mariam Abdulai,F,Disease Control Officer,Kumbungu District communities,Kumbungu District communities,signed
760,Fati Iddrisu,F,Disease Control Officer,Kumbungu District communities,Kumbungu District communities,signed
761,Abu Seidu,F,Enrolled Nurse,Kumbungu District communities,Kumbungu District communities,signed
762,Memunatu Fuseini,F,Midwife,Kumbungu District communities,Kumbungu District communities,signed
763,Ayishetu Napari,F,Disease Control Officer,Kumbungu District communities,Kumbungu District communities,signed
764,Zuweira Wumbei,F,Midwife,Kumbungu District communities,Kumbungu District communities,signed
765,Fati Wumbei,F,Community Health Officer,Kumbungu District communities,Kumbungu District communities,signed
766,Abdul Dauda,F,Disease Control Officer,Kumbungu District communities,Kumbungu District communities,signed
767,Mohammed Alhassan,F,Community Health Officer,Kumbungu District communities,Kumbungu District communities,signed
768,Hawa Wumbei,F,Disease Control Officer,Kumbungu District communities,Kumbungu District communities,signed
769,Baba Issahaku,F,Community Health Officer,Kumbungu District communities,Kumbungu District communities,signed
770,Zuweira Issahaku,F,Enrolled Nurse,Kumbungu District communities,Kumbungu District communities,signed
771,Mohammed Issahaku,F,Medical Assistant,Kumbungu District communities,Kumbungu District communities,signed
772,Fati Iddrisu,F,Enrolled Nurse,Kumbungu District communities,Kumbungu District communities,signed
773,Sanatu Napari,F,Midwife,Kumbungu District communities,Kumbungu District communities,signed
774,Issah Fuseini,F,Enrolled Nurse,Kumbungu District communities,Kumbungu District communities,signed
775,Sanatu Iddrisu,F,Enrolled Nurse,Kumbungu District communities,Kumbungu District communities,signed
776,Issah Fuseini,F,Enrolled Nurse,Kumbungu District communities,Kumbungu District communities,signed
777,Iddrisu Abdulai,F,Community Health Officer,Kumbungu District communities,Kumbungu District communities,signed
778,Mohammed Seidu,F,Enrolled Nurse,Kumbungu District communities,Kumbungu District communities,signed
779,Fati Alhassan,F,Medical Assistant,Kumbungu District communities,Kumbungu District communities,signed
780,Sulemana Fuseini,F,Disease Control Officer,Kumbungu District communities,Kumbungu District communities,signed
781,Mohammed Issahaku,F,Midwife,Kumbungu District communities,Kumbungu District communities,signed
782,Hawa Alhassan,F,Enrolled Nurse,Kumbungu District communities,Kumbungu District communities,signed
783,Yakubu Wumbei,F,Medical Assistant,Kumbungu District communities,Kumbungu District communities,signed
784,Hawa Napari,F,Disease Control Officer,Kumbungu District communities,Kumbungu District communities,signed
785,Fati Tia,F,Enrolled Nurse,Kumbungu District communities,Kumbungu District communities,signed
786,Abu Napari,F,Community Health Officer,Kumbungu District communities,Kumbungu District communities,signed
787,Mohammed Dauda,F,Medical Assistant,Kumbungu District communities,Kumbungu District communities,signed
788,Sulemana Fuseini,F,Midwife,Kumbungu District communities,Kumbungu District communities,signed
789,Memunatu Alhassan,F,Medical Assistant,Kumbungu District communities,Kumbungu District communities,signed
790,Issah Wumbei,F,Disease Control Officer,Kumbungu District communities,Kumbungu District communities,signed
791,Memunatu Abdulai,F,Disease Control Officer,Kumbungu District communities,Kumbungu District communities,signed
792,Fuseini Tia,F,Medical Assistant,Kumbungu District communities,Kumbungu District communities,signed
793,Yakubu Iddrisu,F,Enrolled Nurse,Kumbungu District communities,Kumbungu District communities,signed
794,Zuweira Iddrisu,F,Midwife,Kumbungu District communities,Kumbungu District communities,signed
795,Abdul Alhassan,F,Disease Control Officer,Kumbungu District communities,Kumbungu District communities,signed
796,Abdul Issahaku,F,Medical Assistant,Kumbungu District communities,Kumbungu District communities,signed
797,Alhassan Wumbei,F,Midwife,Kumbungu District communities,Kumbungu District communities,signed
798,Adiza Abdulai,F,Midwife,Kumbungu District communities,Kumbungu District communities,signed
799,Issah Alhassan,F,Medical Assistant,Kumbungu District communities,Kumbungu District communities,signed
800,Rahinatu Tia,F,Disease Control Officer,Kumbungu District communities,Kumbungu District communities,signed
801,Sanatu Wumbei,F,Community Health Officer,Kumbungu District communities,Kumbungu District communities,signed
802,Fati Alhassan,F,Medical Assistant,Kumbungu District communities,Kumbungu District communities,signed
803,Ayishetu Dauda,F,Community Health Officer,Kumbungu District communities,Kumbungu District communities,signed
804,Fuseini Iddrisu,F,Medical Assistant,Kumbungu District communities,Kumbungu District communities,signed
805,Mohammed Fuseini,F,Enrolled Nurse,Kumbungu District communities,Kumbungu District communities,signed
806,Sulemana Alhassan,F,Community Health Officer,Kumbungu District communities,Kumbungu District communities,signed
807,Mariam Abdulai,F,Community Health Officer,Kumbungu District communities,Kumbungu District communities,signed
808,Sanatu Fuseini,F,Medical Assistant,Kumbungu District communities,Kumbungu District communities,signed
809,Yakubu Dauda,F,Midwife,Kumbungu District communities,Kumbungu District communities,signed
810,Hawa Issahaku,F,Enrolled Nurse,Kumbungu District communities,Kumbungu District communities,signed
811,Rahinatu Tia,F,Medical Assistant,Kumbungu District communities,Kumbungu District communities,signed
812,Abdul Seidu,F,Medical Assistant,Kumbungu District communities,Kumbungu District communities,signed
813,Memunatu Issahaku,F,Midwife,Kumbungu District communities,Kumbungu District communities,signed
814,Alhassan Alhassan,F,Disease Control Officer,Kumbungu District communities,Kumbungu District communities,signed
815,Rahinatu Alhassan,F,Community Health Officer,Kumbungu District communities,Kumbungu District communities,signed
816,Sanatu Dauda,F,Disease Control Officer,Kumbungu District communities,Kumbungu District communities,signed
817,Hawa Abdulai,F,Midwife,Kumbungu District communities,Kumbungu District communities,signed
818,Yakubu Iddrisu,F,Midwife,Kumbungu District communities,Kumbungu District communities,signed
819,Fuseini Mahama,F,Community Health Officer,Kumbungu District communities,Kumbungu District communities,signed
820,Mohammed Iddrisu,F,Community Health Officer,Kumbungu District communities,Kumbungu District communities,signed
821,Hawa Issahaku,F,Community Health Officer,Kumbungu District communities,Kumbungu District communities,signed
822,Hawa Tia,F,Midwife,Kumbungu District communities,Kumbungu District communities,signed
823,Abu Yakubu,F,Community Health Officer,Kumbungu District communities,Kumbungu District communities,signed
824,Hawa Dauda,F,Community Health Officer,Kumbungu District communities,Kumbungu District communities,signed
825,Adiza Tia,F,Community Health Officer,Kumbungu District communities,Kumbungu District communities,signed
826,Memunatu Iddrisu,F,Enrolled Nurse,Kumbungu District communities,Kumbungu District communities,signed
827,Adiza Iddrisu,F,Community Health Officer,Kumbungu District communities,Kumbungu District communities,signed
828,Yakubu Iddrisu,F,Community Health Officer,Kumbungu District communities,Kumbungu District communities,signed
829,Mariam Dauda,F,Enrolled Nurse,Kumbungu District communities,Kumbungu District communities,signed
830,Abdul Napari,F,Enrolled Nurse,Kumbungu District communities,Kumbungu District communities,signed
831,Iddrisu Dauda,F,Enrolled Nurse,Kumbungu District communities,Kumbungu District communities,signed
832,Hawa Tia,F,Medical Assistant,Kumbungu District communities,Kumbungu District communities,signed
833,Yakubu Issahaku,F,Disease Control Officer,Kumbungu District communities,Kumbungu District communities,signed
834,Issah Fuseini,F,Community Health Officer,Kumbungu District communities,Kumbungu District communities,signed
835,Yakubu Napari,F,Enrolled Nurse,Kumbungu District communities,Kumbungu District communities,signed
836,Fuseini Tia,F,Medical Assistant,Kumbungu District communities,Kumbungu District communities,signed
837,Sulemana Yakubu,F,Midwife,Kumbungu District communities,Kumbungu District communities,signed
838,Ayishetu Napari,F,Medical Assistant,Kumbungu District communities,Kumbungu District communities,signed
839,Memunatu Issahaku,F,Enrolled Nurse,Kumbungu District communities,Kumbungu District communities,signed
840,Mohammed Alhassan,F,Midwife,Kumbungu District communities,Kumbungu District communities,signed
841,Mariam Issahaku,F,Enrolled Nurse,Kumbungu District communities,Kumbungu District communities,signed
842,Abu Napari,F,Medical Assistant,Kumbungu District communities,Kumbungu District communities,signed
843,Alhassan Alhassan,F,Disease Control Officer,Kumbungu District communities,Kumbungu District communities,signed
844,Fuseini Issahaku,F,Enrolled Nurse,Kumbungu District communities,Kumbungu District communities,signed
845,Adiza Abdulai,F,Disease Control Officer,Kumbungu District communities,Kumbungu District communities,signed
846,Iddrisu Iddrisu,F,Midwife,Kumbungu District communities,Kumbungu District communities,signed
847,Rahinatu Abdulai,F,Disease Control Officer,Kumbungu District communities,Kumbungu District communities,signed
848,Sanatu Tia,F,Disease Control Officer,Kumbungu District communities,Kumbungu District communities,signed
849,Ayishetu Tia,F,Disease Control Officer,Kumbungu District communities,Kumbungu District communities,signed
850,Abdul Dauda,F,Midwife,Kumbungu District communities,Kumbungu District communities,signed
851,Adiza Yakubu,F,Midwife,Kumbungu District communities,Kumbungu District communities,signed
852,Alhassan Abdulai,F,Community Health Officer,Kumbungu District communities,Kumbungu District communities,signed
853,Mariam Tia,F,Disease Control Officer,Kumbungu District communities,Kumbungu District communities,signed
854,Ayishetu Abdulai,F,Midwife,Kumbungu District communities,Kumbungu District communities,signed
855,Baba Tia,F,Community Health Officer,Kumbungu District communities,Kumbungu District communities,signed
856,Issah Napari,F,Community Health Officer,Kumbungu District communities,Kumbungu District communities,signed
857,Sulemana Abdulai,F,Enrolled Nurse,Kumbungu District communities,Kumbungu District communities,signed
858,Zuweira Fuseini,F,Medical Assistant,Kumbungu District communities,Kumbungu District communities,signed
859,Hawa Iddrisu,F,Community Health Officer,Kumbungu District communities,Kumbungu District communities,signed
860,Sulemana Issahaku,F,Medical Assistant,Kumbungu District communities,Kumbungu District communities,signed
861,Memunatu Fuseini,F,Medical Assistant,Kumbungu District communities,Kumbungu District communities,signed
862,Mariam Issahaku,F,Midwife,Kumbungu District communities,Kumbungu District communities,signed
863,Ayishetu Wumbei,F,Disease Control Officer,Kumbungu District communities,Kumbungu District communities,signed
864,Zuweira Fuseini,F,Midwife,Kumbungu District communities,Kumbungu District communities,signed
865,Adiza Wumbei,F,Midwife,Kumbungu District communities,Kumbungu District communities,signed
866,Fuseini Alhassan,F,Midwife,Kumbungu District communities,Kumbungu District communities,signed
867,Salamatu Yakubu,F,Midwife,Kumbungu District communities,Kumbungu District communities,signed
868,Alhassan Seidu,F,Disease Control Officer,Kumbungu District communities,Kumbungu District communities,signed
869,Memunatu Seidu,F,Community Health Officer,Kumbungu District communities,Kumbungu District communities,signed
870,Iddrisu Iddrisu,F,Enrolled Nurse,Kumbungu District communities,Kumbungu District communities,signed
871,Alhassan Iddrisu,F,Community Health Officer,Kumbungu District communities,Kumbungu District communities,signed
872,Fuseini Yakubu,F,Midwife,Kumbungu District communities,Kumbungu District communities,signed
873,Memunatu Issahaku,F,Disease Control Officer,Kumbungu District communities,Kumbungu District communities,signed
874,Sulemana Tia,F,Medical Assistant,Kumbungu District communities,Kumbungu District communities,signed
875,Sulemana Wumbei,F,Medical Assistant,Kumbungu District communities,Kumbungu District communities,signed
876,Hawa Yakubu,F,Disease Control Officer,Kumbungu District communities,Kumbungu District communities,signed
877,Memunatu Yakubu,F,Disease Control Officer,Kumbungu District communities,Kumbungu District communities,signed
878,Fuseini Tia,F,Community Health Officer,Kumbungu District communities,Kumbungu District communities,signed
879,Baba Iddrisu,F,Midwife,Kumbungu District communities,Kumbungu District communities,signed
880,Salamatu Tia,F,Disease Control Officer,Kumbungu District communities,Kumbungu District communities,signed
881,Mariam Fuseini,F,Medical Assistant,Kumbungu District communities,Kumbungu District communities,signed
882,Fuseini Issahaku,F,Midwife,Kumbungu District communities,Kumbungu District communities,signed
883,Fati Abdulai,F,Disease Control Officer,Kumbungu District communities,Kumbungu District communities,signed
884,Adiza Issahaku,F,Community Health Officer,Kumbungu District communities,Kumbungu District communities,signed
885,Iddrisu Iddrisu,F,Midwife,Kumbungu District communities,Kumbungu District communities,signed
886,Rahinatu Alhassan,F,Medical Assistant,Kumbungu District communities,Kumbungu District communities,signed
887,Iddrisu Seidu,F,Medical Assistant,Kumbungu District communities,Kumbungu District communities,signed
888,Alhassan Issahaku,F,Enrolled Nurse,Kumbungu District communities,Kumbungu District communities,signed
889,Issah Alhassan,F,Medical Assistant,Kumbungu District communities,Kumbungu District communities,signed
890,Abdul Napari,F,Midwife,Kumbungu District communities,Kumbungu District communities,signed
891,Zuweira Dauda,F,Community Health Officer,Kumbungu District communities,Kumbungu District communities,signed
892,Issah Abdulai,F,Midwife,Kumbungu District communities,Kumbungu District communities,signed
893,Sulemana Wumbei,F,Community Health Officer,Kumbungu District communities,Kumbungu District communities,signed
894,Yakubu Yakubu,F,Community Health Officer,Kumbungu District communities,Kumbungu District communities,signed
895,Abdul Seidu,F,Medical Assistant,Kumbungu District communities,Kumbungu District communities,signed
896,Sulemana Yakubu,F,Enrolled Nurse,Kumbungu District communities,Kumbungu District communities,signed
897,Memunatu Issahaku,F,Enrolled Nurse,Kumbungu District communities,Kumbungu District communities,signed
898,Mariam Abdulai,F,Enrolled Nurse,Kumbungu District communities,Kumbungu District communities,signed
899,Hawa Napari,F,Enrolled Nurse,Kumbungu District communities,Kumbungu District communities,signed
900,Abdul Tia,F,Midwife,Kumbungu District communities,Kumbungu District communities,signed
901,Fuseini Yakubu,F,Medical Assistant,Kumbungu District communities,Kumbungu District communities,signed
902,Fuseini Napari,F,Midwife,Kumbungu District communities,Kumbungu District communities,signed
903,Memunatu Mahama,F,Midwife,Kumbungu District communities,Kumbungu District communities,signed
904,Issah Abdulai,F,Midwife,Kumbungu District communities,Kumbungu District communities,signed
905,Abu Iddrisu,F,Midwife,Kumbungu District communities,Kumbungu District communities,signed
906,Fati Yakubu,F,Community Health Officer,Kumbungu District communities,Kumbungu District communities,signed
907,Zuweira Yakubu,F,Disease Control Officer,Kumbungu District communities,Kumbungu District communities,signed
908,Mohammed Dauda,F,Community Health Officer,Kumbungu District communities,Kumbungu District communities,signed
909,Adiza Alhassan,F,Enrolled Nurse,Kumbungu District communities,Kumbungu District communities,signed
910,Rahinatu Tia,F,Community Health Officer,Kumbungu District communities,Kumbungu District communities,signed
911,Ayishetu Yakubu,F,Community Health Officer,Kumbungu District communities,Kumbungu District communities,signed
912,Sanatu Wumbei,F,Midwife,Kumbungu District communities,Kumbungu District communities,signed
913,Iddrisu Mahama,F,Enrolled Nurse,Kumbungu District communities,Kumbungu District communities,signed
914,Salamatu Seidu,F,Medical Assistant,Kumbungu District communities,Kumbungu District communities,signed
915,Abu Iddrisu,F,Community Health Officer,Kumbungu District communities,Kumbungu District communities,signed
916,Ayishetu Tia,F,Community Health Officer,Kumbungu District communities,Kumbungu District communities,signed
917,Yakubu Fuseini,F,Midwife,Kumbungu District communities,Kumbungu District communities,signed
918,Mariam Wumbei,F,Enrolled Nurse,Kumbungu District communities,Kumbungu District communities,signed
919,Adiza Seidu,F,Midwife,Kumbungu District communities,Kumbungu District communities,signed
920,Fuseini Napari,F,Medical Assistant,Kumbungu District communities,Kumbungu District communities,signed
921,Memunatu Issahaku,F,Disease Control Officer,Kumbungu District communities,Kumbungu District communities,signed
922,Alhassan Alhassan,F,Midwife,Kumbungu District communities,Kumbungu District communities,signed
923,Baba Mahama,F,Medical Assistant,Kumbungu District communities,Kumbungu District communities,signed
924,Fuseini Alhassan,F,Midwife,Kumbungu District communities,Kumbungu District communities,signed
925,Fuseini Abdulai,F,Disease Control Officer,Kumbungu District communities,Kumbungu District communities,signed
926,Yakubu Mahama,F,Midwife,Kumbungu District communities,Kumbungu District communities,signed
927,Yakubu Issahaku,F,Midwife,Kumbungu District communities,Kumbungu District communities,signed
928,Memunatu Seidu,F,Disease Control Officer,Kumbungu District communities,Kumbungu District communities,signed
929,Mariam Abdulai,F,Disease Control Officer,Kumbungu District communities,Kumbungu District communities,signed
930,Fati Tia,F,Community Health Officer,Kumbungu District communities,Kumbungu District communities,signed
931,Issah Tia,F,Community Health Officer,Kumbungu District communities,Kumbungu District communities,signed
932,Issah Issahaku,F,Medical Assistant,Kumbungu District communities,Kumbungu District communities,signed
933,Fati Issahaku,F,Enrolled Nurse,Kumbungu District communities,Kumbungu District communities,signed
934,Ayishetu Iddrisu,F,Midwife,Kumbungu District communities,Kumbungu District communities,signed
935,Ayishetu Mahama,F,Enrolled Nurse,Kumbungu District communities,Kumbungu District communities,signed
936,Ayishetu Mahama,F,Disease Control Officer,Kumbungu District communities,Kumbungu District communities,signed
937,Sulemana Abdulai,F,Medical Assistant,Kumbungu District communities,Kumbungu District communities,signed
938,Iddrisu Dauda,F,Disease Control Officer,Kumbungu District communities,Kumbungu District communities,signed
939,Baba Dauda,F,Community Health Officer,Kumbungu District communities,Kumbungu District communities,signed
940,Sanatu Napari,F,Community Health Officer,Kumbungu District communities,Kumbungu District communities,signed
941,Iddrisu Tia,F,Midwife,Kumbungu District communities,Kumbungu District communities,signed
942,Ayishetu Abdulai,F,Midwife,Kumbungu District communities,Kumbungu District communities,signed
943,Yakubu Alhassan,F,Community Health Officer,Kumbungu District communities,Kumbungu District communities,signed
944,Sulemana Wumbei,F,Disease Control Officer,Kumbungu District communities,Kumbungu District communities,signed
945,Yakubu Iddrisu,F,Midwife,Kumbungu District communities,Kumbungu District communities,signed
946,Fati Dauda,F,Medical Assistant,Kumbungu District communities,Kumbungu District communities,signed
947,Abu Abdulai,F,Medical Assistant,Kumbungu District communities,Kumbungu District communities,signed
948,Zuweira Tia,F,Community Health Officer,Kumbungu District communities,Kumbungu District communities,signed
949,Memunatu Fuseini,F,Medical Assistant,Kumbungu District communities,Kumbungu District communities,signed
950,Fati Iddrisu,F,Enrolled Nurse,Kumbungu District communities,Kumbungu District communities,signed
951,Sanatu Wumbei,F,Midwife,Kumbungu District communities,Kumbungu District communities,signed
952,Adiza Tia,F,Midwife,Kumbungu District communities,Kumbungu District communities,signed
953,Adiza Seidu,F,Disease Control Officer,Kumbungu District communities,Kumbungu District communities,signed
954,Fati Iddrisu,F,Enrolled Nurse,Kumbungu District communities,Kumbungu District communities,signed
955,Zuweira Mahama,F,Community Health Officer,Kumbungu District communities,Kumbungu District communities,signed
956,Fati Iddrisu,F,Medical Assistant,Kumbungu District communities,Kumbungu District communities,signed
957,Memunatu Alhassan,F,Midwife,Kumbungu District communities,Kumbungu District communities,signed
958,Ayishetu Alhassan,F,Medical Assistant,Kumbungu District communities,Kumbungu District communities,signed
959,Hawa Iddrisu,F,Disease Control Officer,Kumbungu District communities,Kumbungu District communities,signed
960,Iddrisu Iddrisu,F,Midwife,Kumbungu District communities,Kumbungu District communities,signed
961,Sulemana Tia,F,Medical Assistant,Kumbungu District communities,Kumbungu District communities,signed
962,Abdul Issahaku,F,Medical Assistant,Kumbungu District communities,Kumbungu District communities,signed
963,Mariam Alhassan,F,Community Health Officer,Kumbungu District communities,Kumbungu District communities,signed
964,Alhassan Abdulai,F,Medical Assistant,Kumbungu District communities,Kumbungu District communities,signed
965,Abu Tia,F,Medical Assistant,Kumbungu District communities,Kumbungu District communities,signed
966,Alhassan Fuseini,F,Community Health Officer,Kumbungu District communities,Kumbungu District communities,signed
967,Salamatu Iddrisu,F,Disease Control Officer,Kumbungu District communities,Kumbungu District communities,signed
968,Memunatu Dauda,F,Disease Control Officer,Kumbungu District communities,Kumbungu District communities,signed
969,Sanatu Iddrisu,F,Community Health Officer,Kumbungu District communities,Kumbungu District communities,signed
970,Fati Alhassan,F,Medical Assistant,Kumbungu District communities,Kumbungu District communities,signed
971,Mariam Wumbei,F,Medical Assistant,Kumbungu District communities,Kumbungu District communities,signed
972,Iddrisu Yakubu,F,Disease Control Officer,Kumbungu District communities,Kumbungu District communities,signed
973,Hawa Tia,F,Medical Assistant,Kumbungu District communities,Kumbungu District communities,signed
974,Mohammed Tia,F,Disease Control Officer,Kumbungu District communities,Kumbungu District communities,signed
975,Yakubu Issahaku,F,Midwife,Kumbungu District communities,Kumbungu District communities,signed
976,Salamatu Dauda,F,Community Health Officer,Kumbungu District communities,Kumbungu District communities,signed
977,Abdul Alhassan,F,Midwife,Kumbungu District communities,Kumbungu District communities,signed
978,Fati Issahaku,F,Disease Control Officer,Kumbungu District communities,Kumbungu District communities,signed
979,Rahinatu Mahama,F,Enrolled Nurse,Kumbungu District communities,Kumbungu District communities,signed
980,Zuweira Issahaku,F,Community Health Officer,Kumbungu District communities,Kumbungu District communities,signed
981,Sanatu Alhassan,F,Enrolled Nurse,Kumbungu District communities,Kumbungu District communities,signed
982,Issah Dauda,F,Community Health Officer,Kumbungu District communities,Kumbungu District communities,signed
983,Hawa Fuseini,F,Medical Assistant,Kumbungu District communities,Kumbungu District communities,signed
984,Fati Yakubu,F,Medical Assistant,Kumbungu District communities,Kumbungu District communities,signed
985,Baba Alhassan,F,Medical Assistant,Kumbungu District communities,Kumbungu District communities,signed
986,Alhassan Wumbei,F,Medical Assistant,Kumbungu District communities,Kumbungu District communities,signed
987,Baba Tia,F,Midwife,Kumbungu District communities,Kumbungu District communities,signed
988,Abu Wumbei,F,Midwife,Kumbungu District communities,Kumbungu District communities,signed
989,Mariam Abdulai,F,Disease Control Officer,Kumbungu District communities,Kumbungu District communities,signed
990,Memunatu Issahaku,F,Medical Assistant,Kumbungu District communities,Kumbungu District communities,signed
991,Issah Wumbei,F,Disease Control Officer,Kumbungu District communities,Kumbungu District communities,signed
992,Sanatu Seidu,F,Disease Control Officer,Kumbungu District communities,Kumbungu District communities,signed
993,Alhassan Iddrisu,F,Enrolled Nurse,Kumbungu District communities,Kumbungu District communities,signed
994,Mariam Wumbei,F,Enrolled Nurse,Kumbungu District communities,Kumbungu District communities,signed
995,Adiza Fuseini,F,Enrolled Nurse,Kumbungu District communities,Kumbungu District communities,signed
996,Hawa Alhassan,F,Community Health Officer,Kumbungu District communities,Kumbungu District communities,signed
997,Alhassan Iddrisu,F,Enrolled Nurse,Kumbungu District communities,Kumbungu District communities,signed
998,Fuseini Mahama,F,Community Health Officer,Kumbungu District communities,Kumbungu District communities,signed
999,Adiza Tia,F,Midwife,Kumbungu District communities,Kumbungu District communities,signed
1000,Memunatu Wumbei,F,Midwife,Kumbungu District communities,Kumbungu District communities,signed
1001,Adiza Mahama,F,Community Health Officer,Kumbungu District communities,Kumbungu District communities,signed
1002,Abdul Dauda,F,Midwife,Kumbungu District communities,Kumbungu District communities,signed
1003,Mariam Iddrisu,F,Community Health Officer,Kumbungu District communities,Kumbungu District communities,signed
1004,Mohammed Alhassan,F,Enrolled Nurse,Kumbungu District communities,Kumbungu District communities,signed
1005,Baba Iddrisu,F,Disease Control Officer,Kumbungu District communities,Kumbungu District communities,signed
1006,Sulemana Iddrisu,F,Community Health Officer,Kumbungu District communities,Kumbungu District communities,signed
1007,Alhassan Alhassan,F,Midwife,Kumbungu District communities,Kumbungu District communities,signed
1008,Mariam Tia,F,Disease Control Officer,Kumbungu District communities,Kumbungu District communities,signed
1009,Memunatu Yakubu,F,Disease Control Officer,Kumbungu District communities,Kumbungu District communities,signed
1010,Hawa Mahama,F,Disease Control Officer,Kumbungu District communities,Kumbungu District communities,signed
1011,Salamatu Alhassan,F,Midwife,Kumbungu District communities,Kumbungu District communities,signed
1012,Yakubu Dauda,F,Community Health Officer,Kumbungu District communities,Kumbungu District communities,signed
1013,Hawa Fuseini,F,Disease Control Officer,Kumbungu District communities,Kumbungu District communities,signed
1014,Sanatu Tia,F,Medical Assistant,Kumbungu District communities,Kumbungu District communities,signed
1015,Hawa Tia,F,Enrolled Nurse,Kumbungu District communities,Kumbungu District communities,signed
1016,Mohammed Tia,F,Disease Control Officer,Kumbungu District communities,Kumbungu District communities,signed
1017,Issah Issahaku,F,Medical Assistant,Kumbungu District communities,Kumbungu District communities,signed
1018,Issah Fuseini,F,Medical Assistant,Kumbungu District communities,Kumbungu District communities,signed
1019,Sulemana Issahaku,F,Community Health Officer,Kumbungu District communities,Kumbungu District communities,signed
1020,Rahinatu Napari,F,Community Health Officer,Kumbungu District communities,Kumbungu District communities,signed
1021,Mariam Alhassan,F,Enrolled Nurse,Kumbungu District communities,Kumbungu District communities,signed
1022,Zuweira Mahama,F,Medical Assistant,Kumbungu District communities,Kumbungu District communities,signed
1023,Baba Issahaku,F,Disease Control Officer,Kumbungu District communities,Kumbungu District communities,signed
1024,Sanatu Napari,F,Medical Assistant,Kumbungu District communities,Kumbungu District communities,signed
1025,Rahinatu Yakubu,F,Community Health Officer,Kumbungu District communities,Kumbungu District communities,signed
1026,Rahinatu Alhassan,F,Disease Control Officer,Kumbungu District communities,Kumbungu District communities,signed
1027,Baba Fuseini,F,Medical Assistant,Kumbungu District communities,Kumbungu District communities,signed
1028,Fuseini Napari,F,Medical Assistant,Kumbungu District communities,Kumbungu District communities,signed
1029,Rahinatu Wumbei,F,Enrolled Nurse,Kumbungu District communities,Kumbungu District communities,signed
1030,Alhassan Seidu,F,Disease Control Officer,Kumbungu District communities,Kumbungu District communities,signed
1031,Yakubu Issahaku,F,Midwife,Kumbungu District communities,Kumbungu District communities,signed
1032,Fati Wumbei,F,Medical Assistant,Kumbungu District communities,Kumbungu District communities,signed
1033,Ayishetu Dauda,F,Midwife,Kumbungu District communities,Kumbungu District communities,signed
1034,Abdul Wumbei,F,Midwife,Kumbungu District communities,Kumbungu District communities,signed
1035,Salamatu Dauda,F,Enrolled Nurse,Kumbungu District communities,Kumbungu District communities,signed
1036,Zuweira Abdulai,F,Medical Assistant,Kumbungu District communities,Kumbungu District communities,signed
1037,Fuseini Seidu,F,Disease Control Officer,Kumbungu District communities,Kumbungu District communities,signed
1038,Adiza Seidu,F,Midwife,Kumbungu District communities,Kumbungu District communities,signed
1039,Abu Napari,F,Midwife,Kumbungu District communities,Kumbungu District communities,signed
1040,Mohammed Abdulai,F,Midwife,Kumbungu District communities,Kumbungu District communities,signed
1041,Hawa Iddrisu,F,Medical Assistant,Kumbungu District communities,Kumbungu District communities,signed
1042,Alhassan Yakubu,F,Community Health Officer,Kumbungu District communities,Kumbungu District communities,signed
1043,Fati Mahama,F,Midwife,Kumbungu District communities,Kumbungu District communities,signed
1044,Mohammed Napari,F,Medical Assistant,Kumbungu District communities,Kumbungu District communities,signed
1045,Zuweira Alhassan,F,Midwife,Kumbungu District communities,Kumbungu District communities,signed
1046,Alhassan Napari,F,Disease Control Officer,Kumbungu District communities,Kumbungu District communities,signed
1047,Mohammed Mahama,F,Disease Control Officer,Kumbungu District communities,Kumbungu District communities,signed
1048,Adiza Napari,F,Medical Assistant,Kumbungu District communities,Kumbungu District communities,signed
1049,Mohammed Issahaku,F,Disease Control Officer,Kumbungu District communities,Kumbungu District communities,signed
1050,Baba Seidu,F,Disease Control Officer,Kumbungu District communities,Kumbungu District communities,signed
1051,Zuweira Napari,F,Midwife,Kumbungu District communities,Kumbungu District communities,signed
1052,Ayishetu Iddrisu,F,Medical Assistant,Kumbungu District communities,Kumbungu District communities,signed
1053,Fati Alhassan,F,Disease Control Officer,Kumbungu District communities,Kumbungu District communities,signed
1054,Yakubu Abdulai,F,Community Health Officer,Kumbungu District communities,Kumbungu District communities,signed
1055,Mariam Yakubu,F,Community Health Officer,Kumbungu District communities,Kumbungu District communities,signed
1056,Mariam Tia,F,Community Health Officer,Kumbungu District communities,Kumbungu District communities,signed
1057,Baba Issahaku,F,Medical Assistant,Kumbungu District communities,Kumbungu District communities,signed
1058,Mohammed Tia,F,Disease Control Officer,Kumbungu District communities,Kumbungu District communities,signed
1059,Alhassan Iddrisu,F,Enrolled Nurse,Kumbungu District communities,Kumbungu District communities,signed
1060,Salamatu Iddrisu,F,Enrolled Nurse,Kumbungu District communities,Kumbungu District communities,signed
1061,Issah Dauda,F,Disease Control Officer,Kumbungu District communities,Kumbungu District communities,signed
1062,Yakubu Dauda,F,Community Health Officer,Kumbungu District communities,Kumbungu District communities,signed
1063,Adiza Dauda,F,Medical Assistant,Kumbungu District communities,Kumbungu District communities,signed
1064,Yakubu Napari,F,Disease Control Officer,Kumbungu District communities,Kumbungu District communities,signed
1065,Iddrisu Seidu,F,Midwife,Kumbungu District communities,Kumbungu District communities,signed
1066,Adiza Yakubu,F,Community Health Officer,Kumbungu District communities,Kumbungu District communities,signed
1067,Salamatu Yakubu,F,Community Health Officer,Kumbungu District communities,Kumbungu District communities,signed
1068,Mariam Wumbei,F,Medical Assistant,Kumbungu District communities,Kumbungu District communities,signed
1069,Fati Iddrisu,F,Disease Control Officer,Kumbungu District communities,Kumbungu District communities,signed
1070,Sanatu Mahama,F,Medical Assistant,Kumbungu District communities,Kumbungu District communities,signed
1071,Hawa Dauda,F,Medical Assistant,Kumbungu District communities,Kumbungu District communities,signed
1072,Zuweira Issahaku,F,Community Health Officer,Kumbungu District communities,Kumbungu District communities,signed
1073,Abdul Alhassan,F,Disease Control Officer,Kumbungu District communities,Kumbungu District communities,signed
1074,Alhassan Iddrisu,F,Medical Assistant,Kumbungu District communities,Kumbungu District communities,signed
1075,Mariam Issahaku,F,Disease Control Officer,Kumbungu District communities,Kumbungu District communities,signed
1076,Sulemana Seidu,F,Disease Control Officer,Kumbungu District communities,Kumbungu District communities,signed
1077,Rahinatu Tia,F,Enrolled Nurse,Kumbungu District communities,Kumbungu District communities,signed
1078,Baba Issahaku,F,Midwife,Kumbungu District communities,Kumbungu District communities,signed
1079,Adiza Dauda,F,Medical Assistant,Kumbungu District communities,Kumbungu District communities,signed
1080,Mariam Fuseini,F,Enrolled Nurse,Kumbungu District communities,Kumbungu District communities,signed
1081,Rahinatu Seidu,F,Enrolled Nurse,Kumbungu District communities,Kumbungu District communities,signed
1082,Adiza Yakubu,F,Medical Assistant,Kumbungu District communities,Kumbungu District communities,signed
1083,Mariam Mahama,F,Medical Assistant,Kumbungu District communities,Kumbungu District communities,signed
1084,Alhassan Alhassan,F,Medical Assistant,Kumbungu District communities,Kumbungu District communities,signed
1085,Abdul Iddrisu,F,Medical Assistant,Kumbungu District communities,Kumbungu District communities,signed
1086,Ayishetu Seidu,F,Disease Control Officer,Kumbungu District communities,Kumbungu District communities,signed
1087,Adiza Mahama,F,Midwife,Kumbungu District communities,Kumbungu District communities,signed
1088,Memunatu Iddrisu,F,Disease Control Officer,Kumbungu District communities,Kumbungu District communities,signed
1089,Abdul Napari,F,Enrolled Nurse,Kumbungu District communities,Kumbungu District communities,signed
1090,Fuseini Dauda,F,Midwife,Kumbungu District communities,Kumbungu District communities,signed
1091,Yakubu Iddrisu,F,Midwife,Kumbungu District communities,Kumbungu District communities,signed
1092,Issah Mahama,F,Midwife,Kumbungu District communities,Kumbungu District communities,signed
1093,Baba Mahama,F,Enrolled Nurse,Kumbungu District communities,Kumbungu District communities,signed
1094,Fuseini Seidu,F,Midwife,Kumbungu District communities,Kumbungu District communities,signed
1095,Salamatu Mahama,F,Medical Assistant,Kumbungu District communities,Kumbungu District communities,signed
1096,Baba Yakubu,F,Disease Control Officer,Kumbungu District communities,Kumbungu District communities,signed
1097,Fati Mahama,F,Medical Assistant,Kumbungu District communities,Kumbungu District communities,signed
1098,Fuseini Tia,F,Community Health Officer,Kumbungu District communities,Kumbungu District communities,signed
1099,Sulemana Iddrisu,F,Medical Assistant,Kumbungu District communities,Kumbungu District communities,signed
1100,Fuseini Yakubu,F,Disease Control Officer,Kumbungu District communities,Kumbungu District communities,signed
1101,Iddrisu Seidu,F,Enrolled Nurse,Kumbungu District communities,Kumbungu District communities,signed
1102,Yakubu Alhassan,F,Community Health Officer,Kumbungu District communities,Kumbungu District communities,signed
1103,Sanatu Fuseini,F,Midwife,Kumbungu District communities,Kumbungu District communities,signed
1104,Sulemana Yakubu,F,Enrolled Nurse,Kumbungu District communities,Kumbungu District communities,signed
1105,Iddrisu Issahaku,F,Community Health Officer,Kumbungu District communities,Kumbungu District communities,signed
1106,Ayishetu Abdulai,F,Community Health Officer,Kumbungu District communities,Kumbungu District communities,signed
1107,Iddrisu Seidu,F,Midwife,Kumbungu District communities,Kumbungu District communities,signed
1108,Ayishetu Napari,F,Disease Control Officer,Kumbungu District communities,Kumbungu District communities,signed
1109,Iddrisu Yakubu,F,Disease Control Officer,Kumbungu District communities,Kumbungu District communities,signed
1110,Memunatu Tia,F,Disease Control Officer,Kumbungu District communities,Kumbungu District communities,signed
1111,Salamatu Yakubu,F,Community Health Officer,Kumbungu District communities,Kumbungu District communities,signed
1112,Mohammed Issahaku,F,Disease Control Officer,Kumbungu District communities,Kumbungu District communities,signed
1113,Fati Seidu,F,Medical Assistant,Kumbungu District communities,Kumbungu District communities,signed
1114,Yakubu Dauda,F,Community Health Officer,Kumbungu District communities,Kumbungu District communities,signed
1115,Iddrisu Seidu,F,Medical Assistant,Kumbungu District communities,Kumbungu District communities,signed
1116,Fuseini Seidu,F,Midwife,Kumbungu District communities,Kumbungu District communities,signed
1117,Adiza Tia,F,Enrolled Nurse,Kumbungu District communities,Kumbungu District communities,signed
1118,Yakubu Yakubu,F,Midwife,Kumbungu District communities,Kumbungu District communities,signed
1119,Mariam Napari,F,Disease Control Officer,Kumbungu District communities,Kumbungu District communities,signed
1120,Yakubu Napari,F,Disease Control Officer,Kumbungu District communities,Kumbungu District communities,signed
1121,Baba Seidu,F,Enrolled Nurse,Kumbungu District communities,Kumbungu District communities,signed
1122,Alhassan Dauda,F,Medical Assistant,Kumbungu District communities,Kumbungu District communities,signed
1123,Abdul Abdulai,F,Community Health Officer,Kumbungu District communities,Kumbungu District communities,signed
1124,Baba Seidu,F,Community Health Officer,Kumbungu District communities,Kumbungu District communities,signed
1125,Iddrisu Alhassan,F,Medical Assistant,Kumbungu District communities,Kumbungu District communities,signed
1126,Yakubu Wumbei,F,Enrolled Nurse,Kumbungu District communities,Kumbungu District communities,signed
1127,Rahinatu Fuseini,F,Midwife,Kumbungu District communities,Kumbungu District communities,signed
1128,Mohammed Alhassan,F,Community Health Officer,Kumbungu District communities,Kumbungu District communities,signed
1129,Hawa Mahama,F,Enrolled Nurse,Kumbungu District communities,Kumbungu District communities,signed
1130,Adiza Iddrisu,F,Medical Assistant,Kumbungu District communities,Kumbungu District communities,signed
1131,Zuweira Dauda,F,Medical Assistant,Kumbungu District communities,Kumbungu District communities,signed
1132,Mohammed Seidu,F,Disease Control Officer,Kumbungu District communities,Kumbungu District communities,signed
1133,Hawa Napari,F,Enrolled Nurse,Kumbungu District communities,Kumbungu District communities,signed
1134,Issah Abdulai,F,Medical Assistant,Kumbungu District communities,Kumbungu District communities,signed
1135,Sulemana Alhassan,F,Enrolled Nurse,Kumbungu District communities,Kumbungu District communities,signed
1136,Baba Abdulai,F,Medical Assistant,Kumbungu District communities,Kumbungu District communities,signed
1137,Zuweira Napari,F,Midwife,Kumbungu District communities,Kumbungu District communities,signed
1138,Mohammed Yakubu,F,Medical Assistant,Kumbungu District communities,Kumbungu District communities,signed
1139,Mariam Napari,F,Medical Assistant,Kumbungu District communities,Kumbungu District communities,signed
1140,Hawa Issahaku,F,Medical Assistant,Kumbungu District communities,Kumbungu District communities,signed
1141,Adiza Tia,F,Enrolled Nurse,Kumbungu District communities,Kumbungu District communities,signed
1142,Sulemana Yakubu,F,Disease Control Officer,Kumbungu District communities,Kumbungu District communities,signed
1143,Ayishetu Wumbei,F,Enrolled Nurse,Kumbungu District communities,Kumbungu District communities,signed
1144,Yakubu Issahaku,F,Midwife,Kumbungu District communities,Kumbungu District communities,signed
1145,Issah Alhassan,F,Midwife,Kumbungu District communities,Kumbungu District communities,signed
1146,Salamatu Fuseini,F,Disease Control Officer,Kumbungu District communities,Kumbungu District communities,signed
1147,Salamatu Mahama,F,Community Health Officer,Kumbungu District communities,Kumbungu District communities,signed
1148,Abu Abdulai,F,Enrolled Nurse,Kumbungu District communities,Kumbungu District communities,signed
1149,Adiza Tia,F,Enrolled Nurse,Kumbungu District communities,Kumbungu District communities,signed
1150,Rahinatu Seidu,F,Midwife,Kumbungu District communities,Kumbungu District communities,signed
1151,Ayishetu Tia,F,Midwife,Kumbungu District communities,Kumbungu District communities,signed
1152,Fati Abdulai,F,Medical Assistant,Kumbungu District communities,Kumbungu District communities,signed
1153,Zuweira Napari,F,Midwife,Kumbungu District communities,Kumbungu District communities,signed
1154,Baba Tia,F,Community Health Officer,Kumbungu District communities,Kumbungu District communities,signed
1155,Memunatu Dauda,F,Enrolled Nurse,Kumbungu District communities,Kumbungu District communities,signed
1156,Mariam Wumbei,F,Midwife,Kumbungu District communities,Kumbungu District communities,signed
1157,Yakubu Abdulai,F,Enrolled Nurse,Kumbungu District communities,Kumbungu District communities,signed
1158,Yakubu Tia,F,Enrolled Nurse,Kumbungu District communities,Kumbungu District communities,signed
1159,Baba Iddrisu,F,Disease Control Officer,Kumbungu District communities,Kumbungu District communities,signed
1160,Mohammed Napari,F,Community Health Officer,Kumbungu District communities,Kumbungu District communities,signed
1161,Abdul Iddrisu,F,Disease Control Officer,Kumbungu District communities,Kumbungu District communities,signed
1162,Fuseini Abdulai,F,Disease Control Officer,Kumbungu District communities,Kumbungu District communities,signed
1163,Rahinatu Seidu,F,Medical Assistant,Kumbungu District communities,Kumbungu District communities,signed
1164,Mariam Seidu,F,Midwife,Kumbungu District communities,Kumbungu District communities,signed
1165,Sanatu Yakubu,F,Enrolled Nurse,Kumbungu District communities,Kumbungu District communities,signed
1166,Adiza Abdulai,F,Disease Control Officer,Kumbungu District communities,Kumbungu District communities,signed
1167,Adiza Iddrisu,F,Disease Control Officer,Kumbungu District communities,Kumbungu District communities,signed
1168,Yakubu Alhassan,F,Enrolled Nurse,Kumbungu District communities,Kumbungu District communities,signed
1169,Memunatu Tia,F,Midwife,Kumbungu District communities,Kumbungu District communities,signed
1170,Sanatu Seidu,F,Community Health Officer,Kumbungu District communities,Kumbungu District communities,signed
1171,Issah Iddrisu,F,Disease Control Officer,Kumbungu District communities,Kumbungu District communities,signed
1172,Rahinatu Dauda,F,Midwife,Kumbungu District communities,Kumbungu District communities,signed
1173,Alhassan Issahaku,F,Medical Assistant,Kumbungu District communities,Kumbungu District communities,signed
1174,Zuweira Dauda,F,Community Health Officer,Kumbungu District communities,Kumbungu District communities,signed
1175,Sanatu Tia,F,Medical Assistant,Kumbungu District communities,Kumbungu District communities,signed
1176,Abdul Issahaku,F,Disease Control Officer,Kumbungu District communities,Kumbungu District communities,signed
1177,Adiza Abdulai,F,Community Health Officer,Kumbungu District communities,Kumbungu District communities,signed
1178,Mariam Issahaku,F,Disease Control Officer,Kumbungu District communities,Kumbungu District communities,signed
1179,Mariam Mahama,F,Midwife,Kumbungu District communities,Kumbungu District communities,signed
1180,Rahinatu Tia,F,Community Health Officer,Kumbungu District communities,Kumbungu District communities,signed
1181,Abdul Dauda,F,Disease Control Officer,Kumbungu District communities,Kumbungu District communities,signed
1182,Baba Napari,F,Enrolled Nurse,Kumbungu District communities,Kumbungu District communities,signed
1183,Alhassan Wumbei,F,Community Health Officer,Kumbungu District communities,Kumbungu District communities,signed
1184,Salamatu Fuseini,F,Disease Control Officer,Kumbungu District communities,Kumbungu District communities,signed
1185,Abu Abdulai,F,Enrolled Nurse,Kumbungu District communities,Kumbungu District communities,signed
1186,Abdul Issahaku,F,Community Health Officer,Kumbungu District communities,Kumbungu District communities,signed
1187,Alhassan Abdulai,F,Disease Control Officer,Kumbungu District communities,Kumbungu District communities,signed
1188,Yakubu Mahama,F,Disease Control Officer,Kumbungu District communities,Kumbungu District communities,signed
1189,Rahinatu Issahaku,F,Enrolled Nurse,Kumbungu District communities,Kumbungu District communities,signed
1190,Baba Wumbei,F,Disease Control Officer,Kumbungu District communities,Kumbungu District communities,signed
1191,Adiza Fuseini,F,Disease Control Officer,Kumbungu District communities,Kumbungu District communities,signed
1192,Alhassan Seidu,F,Midwife,Kumbungu District communities,Kumbungu District communities,signed
1193,Yakubu Napari,F,Community Health Officer,Kumbungu District communities,Kumbungu District communities,signed
1194,Sulemana Dauda,F,Disease Control Officer,Kumbungu District communities,Kumbungu District communities,signed
1195,Salamatu Dauda,F,Enrolled Nurse,Kumbungu District communities,Kumbungu District communities,signed
1196,Abu Iddrisu,F,Medical Assistant,Kumbungu District communities,Kumbungu District communities,signed
1197,Rahinatu Fuseini,F,Enrolled Nurse,Kumbungu District communities,Kumbungu District communities,signed
1198,Sulemana Issahaku,F,Disease Control Officer,Kumbungu District communities,Kumbungu District communities,signed
1199,Mohammed Dauda,F,Disease Control Officer,Kumbungu District communities,Kumbungu District communities,signed
1200,Fuseini Iddrisu,F,Enrolled Nurse,Kumbungu District communities,Kumbungu District communities,signed
1201,Issah Alhassan,F,Enrolled Nurse,Kumbungu District communities,Kumbungu District communities,signed
1202,Sanatu Tia,F,Enrolled Nurse,Kumbungu District communities,Kumbungu District communities,signed
1203,Mariam Dauda,F,Medical Assistant,Kumbungu District communities,Kumbungu District communities,signed
1204,Sulemana Wumbei,F,Community Health Officer,Kumbungu District communities,Kumbungu District communities,signed
1205,Salamatu Wumbei,F,Medical Assistant,Kumbungu District communities,Kumbungu District communities,signed
1206,Yakubu Abdulai,F,Disease Control Officer,Kumbungu District communities,Kumbungu District communities,signed
1207,Zuweira Yakubu,F,Medical Assistant,Kumbungu District communities,Kumbungu District communities,signed
1208,Yakubu Issahaku,F,Community Health Officer,Kumbungu District communities,Kumbungu District communities,signed
1209,Alhassan Mahama,F,Medical Assistant,Kumbungu District communities,Kumbungu District communities,signed
1210,Issah Issahaku,F,Community Health Officer,Kumbungu District communities,Kumbungu District communities,signed
1211,Salamatu Alhassan,F,Midwife,Kumbungu District communities,Kumbungu District communities,signed
1212,Adiza Abdulai,F,Disease Control Officer,Kumbungu District communities,Kumbungu District communities,signed
1213,Mariam Iddrisu,F,Disease Control Officer,Kumbungu District communities,Kumbungu District communities,signed
1214,Fati Abdulai,F,Midwife,Kumbungu District communities,Kumbungu District communities,signed
1215,Baba Dauda,F,Disease Control Officer,Kumbungu District communities,Kumbungu District communities,signed
1216,Rahinatu Fuseini,F,Medical Assistant,Kumbungu District communities,Kumbungu District communities,signed
1217,Salamatu Issahaku,F,Midwife,Kumbungu District communities,Kumbungu District communities,signed
1218,Zuweira Iddrisu,F,Community Health Officer,Kumbungu District communities,Kumbungu District communities,signed
1219,Baba Iddrisu,F,Midwife,Kumbungu District communities,Kumbungu District communities,signed
1220,Mohammed Iddrisu,F,Community Health Officer,Kumbungu District communities,Kumbungu District communities,signed
1221,Fuseini Fuseini,F,Midwife,Kumbungu District communities,Kumbungu District communities,signed
1222,Hawa Issahaku,F,Enrolled Nurse,Kumbungu District communities,Kumbungu District communities,signed
1223,Ayishetu Seidu,F,Community Health Officer,Kumbungu District communities,Kumbungu District communities,signed
1224,Abu Wumbei,F,Disease Control Officer,Kumbungu District communities,Kumbungu District communities,signed
1225,Adiza Mahama,F,Enrolled Nurse,Kumbungu District communities,Kumbungu District communities,signed
1226,Abu Issahaku,F,Community Health Officer,Kumbungu District communities,Kumbungu District communities,signed
1227,Ayishetu Dauda,F,Enrolled Nurse,Kumbungu District communities,Kumbungu District communities,signed
1228,Rahinatu Iddrisu,F,Enrolled Nurse,Kumbungu District communities,Kumbungu District communities,signed
1229,Abdul Wumbei,F,Disease Control Officer,Kumbungu District communities,Kumbungu District communities,signed
1230,Fuseini Dauda,F,Disease Control Officer,Kumbungu District communities,Kumbungu District communities,signed
1231,Baba Abdulai,F,Midwife,Kumbungu District communities,Kumbungu District communities,signed
1232,Mariam Issahaku,F,Community Health Officer,Kumbungu District communities,Kumbungu District communities,signed
1233,Ayishetu Yakubu,F,Medical Assistant,Kumbungu District communities,Kumbungu District communities,signed
1234,Abu Yakubu,F,Midwife,Kumbungu District communities,Kumbungu District communities,signed
1235,Fuseini Alhassan,F,Medical Assistant,Kumbungu District communities,Kumbungu District communities,signed
1236,Memunatu Mahama,F,Midwife,Kumbungu District communities,Kumbungu District communities,signed
1237,Mariam Fuseini,F,Disease Control Officer,Kumbungu District communities,Kumbungu District communities,signed
1238,Yakubu Tia,F,Midwife,Kumbungu District communities,Kumbungu District communities,signed
1239,Mariam Iddrisu,F,Enrolled Nurse,Kumbungu District communities,Kumbungu District communities,signed
1240,Sanatu Abdulai,F,Medical Assistant,Kumbungu District communities,Kumbungu District communities,signed
1241,Hawa Tia,F,Disease Control Officer,Kumbungu District communities,Kumbungu District communities,signed
1242,Fati Issahaku,F,Disease Control Officer,Kumbungu District communities,Kumbungu District communities,signed
1243,Alhassan Iddrisu,F,Medical Assistant,Kumbungu District communities,Kumbungu District communities,signed
1244,Salamatu Wumbei,F,Disease Control Officer,Kumbungu District communities,Kumbungu District communities,signed
1245,Adiza Seidu,F,Enrolled Nurse,Kumbungu District communities,Kumbungu District communities,signed
1246,Abdul Alhassan,F,Enrolled Nurse,Kumbungu District communities,Kumbungu District communities,signed
1247,Salamatu Wumbei,F,Midwife,Kumbungu District communities,Kumbungu District communities,signed
1248,Ayishetu Mahama,F,Community Health Officer,Kumbungu District communities,Kumbungu District communities,signed
1249,Salamatu Mahama,F,Midwife,Kumbungu District communities,Kumbungu District communities,signed
1250,Adiza Fuseini,F,Medical Assistant,Kumbungu District communities,Kumbungu District communities,signed
1251,Iddrisu Abdulai,F,Medical Assistant,Kumbungu District communities,Kumbungu District communities,signed
1252,Zuweira Abdulai,F,Community Health Officer,Kumbungu District communities,Kumbungu District communities,signed
1253,Issah Mahama,F,Disease Control Officer,Kumbungu District communities,Kumbungu District communities,signed
1254,Abdul Yakubu,F,Enrolled Nurse,Kumbungu District communities,Kumbungu District communities,signed
1255,Rahinatu Tia,F,Community Health Officer,Kumbungu District communities,Kumbungu District communities,signed
1256,Alhassan Issahaku,F,Medical Assistant,Kumbungu District communities,Kumbungu District communities,signed
1257,Issah Alhassan,F,Community Health Officer,Kumbungu District communities,Kumbungu District communities,signed
1258,Salamatu Mahama,F,Midwife,Kumbungu District communities,Kumbungu District communities,signed
1259,Mariam Dauda,F,Community Health Officer,Kumbungu District communities,Kumbungu District communities,signed
1260,Memunatu Issahaku,F,Enrolled Nurse,Kumbungu District communities,Kumbungu District communities,signed
1261,Issah Seidu,F,Disease Control Officer,Kumbungu District communities,Kumbungu District communities,signed
1262,Adiza Dauda,F,Enrolled Nurse,Kumbungu District communities,Kumbungu District communities,signed
1263,Baba Seidu,F,Community Health Officer,Kumbungu District communities,Kumbungu District communities,signed
1264,Baba Yakubu,F,Disease Control Officer,Kumbungu District communities,Kumbungu District communities,signed
1265,Rahinatu Alhassan,F,Enrolled Nurse,Kumbungu District communities,Kumbungu District communities,signed
1266,Abdul Mahama,F,Medical Assistant,Kumbungu District communities,Kumbungu District communities,signed
1267,Fati Alhassan,F,Community Health Officer,Kumbungu District communities,Kumbungu District communities,signed
1268,Ayishetu Napari,F,Medical Assistant,Kumbungu District communities,Kumbungu District communities,signed
1269,Abu Tia,F,Medical Assistant,Kumbungu District communities,Kumbungu District communities,signed
1270,Baba Alhassan,F,Midwife,Kumbungu District communities,Kumbungu District communities,signed
1271,Yakubu Yakubu,F,Enrolled Nurse,Kumbungu District communities,Kumbungu District communities,signed
1272,Memunatu Dauda,F,Community Health Officer,Kumbungu District communities,Kumbungu District communities,signed
1273,Ayishetu Issahaku,F,Disease Control Officer,Kumbungu District communities,Kumbungu District communities,signed
1274,Mohammed Napari,F,Community Health Officer,Kumbungu District communities,Kumbungu District communities,signed
1275,Rahinatu Dauda,F,Midwife,Kumbungu District communities,Kumbungu District communities,signed
1276,Rahinatu Tia,F,Medical Assistant,Kumbungu District communities,Kumbungu District communities,signed
1277,Adiza Seidu,F,Community Health Officer,Kumbungu District communities,Kumbungu District communities,signed
1278,Fati Tia,F,Medical Assistant,Kumbungu District communities,Kumbungu District communities,signed
1279,Abu Tia,F,Community Health Officer,Kumbungu District communities,Kumbungu District communities,signed
1280,Fuseini Fuseini,F,Enrolled Nurse,Kumbungu District communities,Kumbungu District communities,signed
1281,Sanatu Tia,F,Disease Control Officer,Kumbungu District communities,Kumbungu District communities,signed
1282,Fuseini Abdulai,F,Disease Control Officer,Kumbungu District communities,Kumbungu District communities,signed
1283,Memunatu Issahaku,F,Enrolled Nurse,Kumbungu District communities,Kumbungu District communities,signed
1284,Sulemana Yakubu,F,Medical Assistant,Kumbungu District communities,Kumbungu District communities,signed
1285,Fuseini Napari,F,Enrolled Nurse,Kumbungu District communities,Kumbungu District communities,signed
1286,Alhassan Fuseini,F,Disease Control Officer,Kumbungu District communities,Kumbungu District communities,signed
1287,Yakubu Issahaku,F,Community Health Officer,Kumbungu District communities,Kumbungu District communities,signed
1288,Zuweira Alhassan,F,Midwife,Kumbungu District communities,Kumbungu District communities,signed
1289,Zuweira Tia,F,Midwife,Kumbungu District communities,Kumbungu District communities,signed
1290,Sanatu Dauda,F,Community Health Officer,Kumbungu District communities,Kumbungu District communities,signed
1291,Hawa Fuseini,F,Community Health Officer,Kumbungu District communities,Kumbungu District communities,signed
1292,Fati Napari,F,Midwife,Kumbungu District communities,Kumbungu District communities,signed
1293,Adiza Tia,F,Enrolled Nurse,Kumbungu District communities,Kumbungu District communities,signed
1294,Abu Mahama,F,Midwife,Kumbungu District communities,Kumbungu District communities,signed
1295,Alhassan Dauda,F,Midwife,Kumbungu District communities,Kumbungu District communities,signed
1296,Issah Alhassan,F,Enrolled Nurse,Kumbungu District communities,Kumbungu District communities,signed
1297,Hawa Iddrisu,F,Medical Assistant,Kumbungu District communities,Kumbungu District communities,signed
1298,Abdul Iddrisu,F,Midwife,Kumbungu District communities,Kumbungu District communities,signed
1299,Adiza Abdulai,F,Community Health Officer,Kumbungu District communities,Kumbungu District communities,signed
1300,Alhassan Dauda,F,Community Health Officer,Kumbungu District communities,Kumbungu District communities,signed
1301,Sulemana Iddrisu,F,Midwife,Kumbungu District communities,Kumbungu District communities,signed
1302,Yakubu Issahaku,F,Disease Control Officer,Kumbungu District communities,Kumbungu District communities,signed
1303,Alhassan Issahaku,F,Disease Control Officer,Kumbungu District communities,Kumbungu District communities,signed
1304,Fati Tia,F,Enrolled Nurse,Kumbungu District communities,Kumbungu District communities,signed
1305,Mohammed Alhassan,F,Community Health Officer,Kumbungu District communities,Kumbungu District communities,signed
1306,Iddrisu Wumbei,F,Community Health Officer,Kumbungu District communities,Kumbungu District communities,signed
1307,Fati Dauda,F,Community Health Officer,Kumbungu District communities,Kumbungu District communities,signed
1308,Salamatu Seidu,F,Midwife,Kumbungu District communities,Kumbungu District communities,signed
1309,Memunatu Tia,F,Disease Control Officer,Kumbungu District communities,Kumbungu District communities,signed
1310,Mohammed Abdulai,F,Midwife,Kumbungu District communities,Kumbungu District communities,signed
1311,Sanatu Tia,F,Disease Control Officer,Kumbungu District communities,Kumbungu District communities,signed
1312,Issah Wumbei,F,Midwife,Kumbungu District communities,Kumbungu District communities,signed
1313,Abu Abdulai,F,Medical Assistant,Kumbungu District communities,Kumbungu District communities,signed
1314,Sulemana Abdulai,F,Enrolled Nurse,Kumbungu District communities,Kumbungu District communities,signed
1315,Mohammed Tia,F,Medical Assistant,Kumbungu District communities,Kumbungu District communities,signed
1316,Salamatu Alhassan,F,Disease Control Officer,Kumbungu District communities,Kumbungu District communities,signed
1317,Yakubu Yakubu,F,Disease Control Officer,Kumbungu District communities,Kumbungu District communities,signed
1318,Sulemana Tia,F,Disease Control Officer,Kumbungu District communities,Kumbungu District communities,signed
1319,Mariam Yakubu,F,Enrolled Nurse,Kumbungu District communities,Kumbungu District communities,signed
1320,Hawa Mahama,F,Medical Assistant,Kumbungu District communities,Kumbungu District communities,signed
1321,Issah Tia,F,Midwife,Kumbungu District communities,Kumbungu District communities,signed
1322,Abdul Mahama,F,Medical Assistant,Kumbungu District communities,Kumbungu District communities,signed
1323,Zuweira Napari,F,Disease Control Officer,Kumbungu District communities,Kumbungu District communities,signed
1324,Memunatu Issahaku,F,Medical Assistant,Kumbungu District communities,Kumbungu District communities,signed
1325,Ayishetu Dauda,F,Midwife,Kumbungu District communities,Kumbungu District communities,signed
1326,Rahinatu Seidu,F,Disease Control Officer,Kumbungu District communities,Kumbungu District communities,signed
1327,Sanatu Alhassan,F,Disease Control Officer,Kumbungu District communities,Kumbungu District communities,signed
1328,Mariam Tia,F,Enrolled Nurse,Kumbungu District communities,Kumbungu District communities,signed
1329,Adiza Napari,F,Enrolled Nurse,Kumbungu District communities,Kumbungu District communities,signed
1330,Abdul Issahaku,F,Midwife,Kumbungu District communities,Kumbungu District communities,signed
1331,Mohammed Tia,F,Community Health Officer,Kumbungu District communities,Kumbungu District communities,signed
1332,Alhassan Fuseini,F,Enrolled Nurse,Kumbungu District communities,Kumbungu District communities,signed
1333,Sulemana Seidu,F,Community Health Officer,Kumbungu District communities,Kumbungu District communities,signed
1334,Fati Issahaku,F,Medical Assistant,Kumbungu District communities,Kumbungu District communities,signed
1335,Sulemana Tia,F,Disease Control Officer,Kumbungu District communities,Kumbungu District communities,signed
1336,Issah Tia,F,Medical Assistant,Kumbungu District communities,Kumbungu District communities,signed
1337,Fati Seidu,F,Medical Assistant,Kumbungu District communities,Kumbungu District communities,signed
1338,Zuweira Fuseini,F,Disease Control Officer,Kumbungu District communities,Kumbungu District communities,signed
1339,Sulemana Mahama,F,Disease Control Officer,Kumbungu District communities,Kumbungu District communities,signed
1340,Abdul Alhassan,F,Enrolled Nurse,Kumbungu District communities,Kumbungu District communities,signed
1341,Yakubu Dauda,F,Community Health Officer,Kumbungu District communities,Kumbungu District communities,signed
1342,Baba Issahaku,F,Midwife,Kumbungu District communities,Kumbungu District communities,signed
1343,Zuweira Abdulai,F,Midwife,Kumbungu District communities,Kumbungu District communities,signed
1344,Fuseini Wumbei,F,Enrolled Nurse,Kumbungu District communities,Kumbungu District communities,signed
1345,Sulemana Mahama,F,Midwife,Kumbungu District communities,Kumbungu District communities,signed
1346,Adiza Fuseini,F,Midwife,Kumbungu District communities,Kumbungu District communities,signed
1347,Iddrisu Fuseini,F,Disease Control Officer,Kumbungu District communities,Kumbungu District communities,signed
1348,Zuweira Yakubu,F,Enrolled Nurse,Kumbungu District communities,Kumbungu District communities,signed
1349,Rahinatu Fuseini,F,Medical Assistant,Kumbungu District communities,Kumbungu District communities,signed
1350,Baba Alhassan,F,Community Health Officer,Kumbungu District communities,Kumbungu District communities,signed
1351,Abdul Tia,F,Midwife,Kumbungu District communities,Kumbungu District communities,signed
1352,Alhassan Dauda,F,Medical Assistant,Kumbungu District communities,Kumbungu District communities,signed
1353,Baba Fuseini,F,Midwife,Kumbungu District communities,Kumbungu District communities,signed
1354,Iddrisu Issahaku,F,Medical Assistant,Kumbungu District communities,Kumbungu District communities,signed
1355,Abu Wumbei,F,Midwife,Kumbungu District communities,Kumbungu District communities,signed
1356,Mohammed Dauda,F,Midwife,Kumbungu District communities,Kumbungu District communities,signed
1357,Baba Dauda,F,Enrolled Nurse,Kumbungu District communities,Kumbungu District communities,signed
1358,Sanatu Seidu,F,Midwife,Kumbungu District communities,Kumbungu District communities,signed
1359,Fuseini Abdulai,F,Community Health Officer,Kumbungu District communities,Kumbungu District communities,signed
1360,Zuweira Abdulai,F,Midwife,Kumbungu District communities,Kumbungu District communities,signed
1361,Fuseini Alhassan,F,Disease Control Officer,Kumbungu District communities,Kumbungu District communities,signed
1362,Hawa Issahaku,F,Medical Assistant,Kumbungu District communities,Kumbungu District communities,signed
1363,Sanatu Fuseini,F,Enrolled Nurse,Kumbungu District communities,Kumbungu District communities,signed
1364,Ayishetu Mahama,F,Medical Assistant,Kumbungu District communities,Kumbungu District communities,signed
1365,Adiza Yakubu,F,Enrolled Nurse,Kumbungu District communities,Kumbungu District communities,signed
1366,Alhassan Mahama,F,Community Health Officer,Kumbungu District communities,Kumbungu District communities,signed
1367,Adiza Seidu,F,Midwife,Kumbungu District communities,Kumbungu District communities,signed
1368,Rahinatu Abdulai,F,Enrolled Nurse,Kumbungu District communities,Kumbungu District communities,signed
1369,Memunatu Tia,F,Community Health Officer,Kumbungu District communities,Kumbungu District communities,signed
1370,Hawa Mahama,F,Medical Assistant,Kumbungu District communities,Kumbungu District communities,signed
1371,Yakubu Dauda,F,Enrolled Nurse,Kumbungu District communities,Kumbungu District communities,signed
1372,Fuseini Seidu,F,Midwife,Kumbungu District communities,Kumbungu District communities,signed
1373,Fati Dauda,F,Community Health Officer,Kumbungu District communities,Kumbungu District communities,signed
1374,Baba Tia,F,Disease Control Officer,Kumbungu District communities,Kumbungu District communities,signed
1375,Rahinatu Fuseini,F,Medical Assistant,Kumbungu District communities,Kumbungu District communities,signed
1376,Iddrisu Napari,F,Medical Assistant,Kumbungu District communities,Kumbungu District communities,signed
1377,Adiza Napari,F,Disease Control Officer,Kumbungu District communities,Kumbungu District communities,signed
1378,Fuseini Tia,F,Community Health Officer,Kumbungu District communities,Kumbungu District communities,signed
1379,Yakubu Abdulai,F,Community Health Officer,Kumbungu District communities,Kumbungu District communities,signed
1380,Abu Seidu,F,Enrolled Nurse,Kumbungu District communities,Kumbungu District communities,signed
1381,Sulemana Abdulai,F,Medical Assistant,Kumbungu District communities,Kumbungu District communities,signed
1382,Sulemana Dauda,F,Enrolled Nurse,Kumbungu District communities,Kumbungu District communities,signed
1383,Memunatu Seidu,F,Enrolled Nurse,Kumbungu District communities,Kumbungu District communities,signed
1384,Mohammed Abdulai,F,Enrolled Nurse,Kumbungu District communities,Kumbungu District communities,signed
1385,Issah Napari,F,Midwife,Kumbungu District communities,Kumbungu District communities,signed
1386,Fuseini Yakubu,F,Disease Control Officer,Kumbungu District communities,Kumbungu District communities,signed
1387,Fuseini Napari,F,Enrolled Nurse,Kumbungu District communities,Kumbungu District communities,signed
1388,Fati Alhassan,F,Enrolled Nurse,Kumbungu District communities,Kumbungu District communities,signed
1389,Memunatu Fuseini,F,Medical Assistant,Kumbungu District communities,Kumbungu District communities,signed
1390,Abu Alhassan,F,Enrolled Nurse,Kumbungu District communities,Kumbungu District communities,signed
1391,Sulemana Abdulai,F,Enrolled Nurse,Kumbungu District communities,Kumbungu District communities,signed
1392,Abu Fuseini,F,Community Health Officer,Kumbungu District communities,Kumbungu District communities,signed
1393,Iddrisu Yakubu,F,Midwife,Kumbungu District communities,Kumbungu District communities,signed
1394,Rahinatu Yakubu,F,Community Health Officer,Kumbungu District communities,Kumbungu District communities,signed
1395,Ayishetu Seidu,F,Community Health Officer,Kumbungu District communities,Kumbungu District communities,signed
1396,Salamatu Issahaku,F,Enrolled Nurse,Kumbungu District communities,Kumbungu District communities,signed
1397,Sanatu Yakubu,F,Medical Assistant,Kumbungu District communities,Kumbungu District communities,signed
1398,Baba Seidu,F,Disease Control Officer,Kumbungu District communities,Kumbungu District communities,signed
1399,Sulemana Tia,F,Community Health Officer,Kumbungu District communities,Kumbungu District communities,signed
1400,Fati Yakubu,F,Disease Control Officer,Kumbungu District communities,Kumbungu District communities,signed
1401,Mariam Abdulai,F,Midwife,Kumbungu District communities,Kumbungu District communities,signed
1402,Baba Iddrisu,F,Medical Assistant,Kumbungu District communities,Kumbungu District communities,signed
1403,Rahinatu Tia,F,Midwife,Kumbungu District communities,Kumbungu District communities,signed
1404,Ayishetu Issahaku,F,Enrolled Nurse,Kumbungu District communities,Kumbungu District communities,signed
1405,Zuweira Seidu,F,Enrolled Nurse,Kumbungu District communities,Kumbungu District communities,signed
1406,Baba Alhassan,F,Medical Assistant,Kumbungu District communities,Kumbungu District communities,signed
1407,Fuseini Abdulai,F,Community Health Officer,Kumbungu District communities,Kumbungu District communities,signed
1408,Salamatu Dauda,F,Enrolled Nurse,Kumbungu District communities,Kumbungu District communities,signed
1409,Mohammed Iddrisu,F,Medical Assistant,Kumbungu District communities,Kumbungu District communities,signed
1410,Ayishetu Tia,F,Community Health Officer,Kumbungu District communities,Kumbungu District communities,signed
1411,Salamatu Napari,F,Midwife,Kumbungu District communities,Kumbungu District communities,signed
1412,Abdul Napari,F,Disease Control Officer,Kumbungu District communities,Kumbungu District communities,signed
1413,Salamatu Seidu,F,Medical Assistant,Kumbungu District communities,Kumbungu District communities,signed
1414,Sanatu Mahama,F,Medical Assistant,Kumbungu District communities,Kumbungu District communities,signed
1415,Abdul Tia,F,Disease Control Officer,Kumbungu District communities,Kumbungu District communities,signed
1416,Abu Abdulai,F,Community Health Officer,Kumbungu District communities,Kumbungu District communities,signed
1417,Yakubu Seidu,F,Midwife,Kumbungu District communities,Kumbungu District communities,signed
1418,Abu Issahaku,F,Enrolled Nurse,Kumbungu District communities,Kumbungu District communities,signed
1419,Fati Dauda,F,Enrolled Nurse,Kumbungu District communities,Kumbungu District communities,signed
1420,Sulemana Abdulai,F,Enrolled Nurse,Kumbungu District communities,Kumbungu District communities,signed
1421,Yakubu Abdulai,F,Disease Control Officer,Kumbungu District communities,Kumbungu District communities,signed
1422,Yakubu Dauda,F,Community Health Officer,Kumbungu District communities,Kumbungu District communities,signed
1423,Hawa Seidu,F,Community Health Officer,Kumbungu District communities,Kumbungu District communities,signed
1424,Sanatu Iddrisu,F,Midwife,Kumbungu District communities,Kumbungu District communities,signed
1425,Salamatu Napari,F,Medical Assistant,Kumbungu District communities,Kumbungu District communities,signed
1426,Abdul Abdulai,F,Enrolled Nurse,Kumbungu District communities,Kumbungu District communities,signed
1427,Mariam Yakubu,F,Disease Control Officer,Kumbungu District communities,Kumbungu District communities,signed
1428,Issah Alhassan,F,Disease Control Officer,Kumbungu District communities,Kumbungu District communities,signed
1429,Fati Tia,F,Disease Control Officer,Kumbungu District communities,Kumbungu District communities,signed
1430,Abdul Iddrisu,F,Enrolled Nurse,Kumbungu District communities,Kumbungu District communities,signed
1431,Zuweira Dauda,F,Enrolled Nurse,Kumbungu District communities,Kumbungu District communities,signed
1432,Fuseini Alhassan,F,Community Health Officer,Kumbungu District communities,Kumbungu District communities,signed
1433,Adiza Issahaku,F,Enrolled Nurse,Kumbungu District communities,Kumbungu District communities,signed
1434,Alhassan Seidu,F,Community Health Officer,Kumbungu District communities,Kumbungu District communities,signed
1435,Abu Wumbei,F,Disease Control Officer,Kumbungu District communities,Kumbungu District communities,signed
1436,Fati Wumbei,F,Disease Control Officer,Kumbungu District communities,Kumbungu District communities,signed
1437,Ayishetu Iddrisu,F,Enrolled Nurse,Kumbungu District communities,Kumbungu District communities,signed
1438,Hawa Fuseini,F,Enrolled Nurse,Kumbungu District communities,Kumbungu District communities,signed
1439,Salamatu Iddrisu,F,Enrolled Nurse,Kumbungu District communities,Kumbungu District communities,signed
1440,Ayishetu Dauda,F,Midwife,Kumbungu District communities,Kumbungu District communities,signed
1441,Fati Wumbei,F,Midwife,Kumbungu District communities,Kumbungu District communities,signed
1442,Fati Alhassan,F,Midwife,Kumbungu District communities,Kumbungu District communities,signed
1443,Abu Seidu,F,Medical Assistant,Kumbungu District communities,Kumbungu District communities,signed
1444,Fuseini Seidu,F,Medical Assistant,Kumbungu District communities,Kumbungu District communities,signed
1445,Adiza Napari,F,Enrolled Nurse,Kumbungu District communities,Kumbungu District communities,signed
1446,Zuweira Iddrisu,F,Disease Control Officer,Kumbungu District communities,Kumbungu District communities,signed
1447,Sanatu Dauda,F,Medical Assistant,Kumbungu District communities,Kumbungu District communities,signed
1448,Yakubu Mahama,F,Enrolled Nurse,Kumbungu District communities,Kumbungu District communities,signed
1449,Fati Dauda,F,Midwife,Kumbungu District communities,Kumbungu District communities,signed
1450,Abdul Fuseini,F,Enrolled Nurse,Kumbungu District communities,Kumbungu District communities,signed
1451,Fuseini Iddrisu,F,Medical Assistant,Kumbungu District communities,Kumbungu District communities,signed
1452,Adiza Iddrisu,F,Medical Assistant,Kumbungu District communities,Kumbungu District communities,signed
1453,Mohammed Mahama,F,Midwife,Kumbungu District communities,Kumbungu District communities,signed
1454,Zuweira Dauda,F,Disease Control Officer,Kumbungu District communities,Kumbungu District communities,signed
1455,Sanatu Yakubu,F,Medical Assistant,Kumbungu District communities,Kumbungu District communities,signed
1456,Abu Iddrisu,F,Community Health Officer,Kumbungu District communities,Kumbungu District communities,signed
1457,Hawa Iddrisu,F,Enrolled Nurse,Kumbungu District communities,Kumbungu District communities,signed
1458,Issah Napari,F,Disease Control Officer,Kumbungu District communities,Kumbungu District communities,signed
1459,Baba Dauda,F,Community Health Officer,Kumbungu District communities,Kumbungu District communities,signed
1460,Sanatu Mahama,F,Enrolled Nurse,Kumbungu District communities,Kumbungu District communities,signed
1461,Hawa Yakubu,F,Enrolled Nurse,Kumbungu District communities,Kumbungu District communities,signed
1462,Mariam Seidu,F,Midwife,Kumbungu District communities,Kumbungu District communities,signed
1463,Abdul Fuseini,F,Enrolled Nurse,Kumbungu District communities,Kumbungu District communities,signed
1464,Alhassan Seidu,F,Disease Control Officer,Kumbungu District communities,Kumbungu District communities,signed
1465,Adiza Mahama,F,Medical Assistant,Kumbungu District communities,Kumbungu District communities,signed
1466,Fati Tia,F,Community Health Officer,Kumbungu District communities,Kumbungu District communities,signed
1467,Yakubu Seidu,F,Enrolled Nurse,Kumbungu District communities,Kumbungu District communities,signed
1468,Zuweira Alhassan,F,Midwife,Kumbungu District communities,Kumbungu District communities,signed
1469,Sulemana Mahama,F,Disease Control Officer,Kumbungu District communities,Kumbungu District communities,signed
1470,Fati Alhassan,F,Enrolled Nurse,Kumbungu District communities,Kumbungu District communities,signed
1471,Memunatu Mahama,F,Medical Assistant,Kumbungu District communities,Kumbungu District communities,signed
1472,Salamatu Alhassan,F,Enrolled Nurse,Kumbungu District communities,Kumbungu District communities,signed
1473,Mohammed Issahaku,F,Community Health Officer,Kumbungu District communities,Kumbungu District communities,signed
1474,Memunatu Fuseini,F,Medical Assistant,Kumbungu District communities,Kumbungu District communities,signed
1475,Ayishetu Tia,F,Community Health Officer,Kumbungu District communities,Kumbungu District communities,signed
1476,Hawa Abdulai,F,Disease Control Officer,Kumbungu District communities,Kumbungu District communities,signed
1477,Abdul Alhassan,F,Disease Control Officer,Kumbungu District communities,Kumbungu District communities,signed
1478,Rahinatu Wumbei,F,Midwife,Kumbungu District communities,Kumbungu District communities,signed
1479,Adiza Abdulai,F,Disease Control Officer,Kumbungu District communities,Kumbungu District communities,signed
1480,Zuweira Wumbei,F,Midwife,Kumbungu District communities,Kumbungu District communities,signed
1481,Mohammed Tia,F,Medical Assistant,Kumbungu District communities,Kumbungu District communities,signed
1482,Sanatu Seidu,F,Midwife,Kumbungu District communities,Kumbungu District communities,signed
1483,Sanatu Fuseini,F,Medical Assistant,Kumbungu District communities,Kumbungu District communities,signed
1484,Mohammed Seidu,F,Enrolled Nurse,Kumbungu District communities,Kumbungu District communities,signed
1485,Abdul Iddrisu,F,Medical Assistant,Kumbungu District communities,Kumbungu District communities,signed
1486,Mariam Napari,F,Community Health Officer,Kumbungu District communities,Kumbungu District communities,signed
1487,Abu Fuseini,F,Midwife,Kumbungu District communities,Kumbungu District communities,signed
1488,Fati Issahaku,F,Midwife,Kumbungu District communities,Kumbungu District communities,signed
1489,Rahinatu Iddrisu,F,Enrolled Nurse,Kumbungu District communities,Kumbungu District communities,signed
1490,Ayishetu Issahaku,F,Community Health Officer,Kumbungu District communities,Kumbungu District communities,signed
1491,Mariam Alhassan,F,Enrolled Nurse,Kumbungu District communities,Kumbungu District communities,signed
1492,Sanatu Yakubu,F,Medical Assistant,Kumbungu District communities,Kumbungu District communities,signed
1493,Abdul Dauda,F,Midwife,Kumbungu District communities,Kumbungu District communities,signed
1494,Adiza Alhassan,F,Enrolled Nurse,Kumbungu District communities,Kumbungu District communities,signed
1495,Mohammed Napari,F,Community Health Officer,Kumbungu District communities,Kumbungu District communities,signed
1496,Sanatu Fuseini,F,Medical Assistant,Kumbungu District communities,Kumbungu District communities,signed
1497,Mohammed Mahama,F,Midwife,Kumbungu District communities,Kumbungu District communities,signed
1498,Abdul Alhassan,F,Community Health Officer,Kumbungu District communities,Kumbungu District communities,signed
1499,Fuseini Iddrisu,F,Community Health Officer,Kumbungu District communities,Kumbungu District communities,signed
1500,Abu Iddrisu,F,Community Health Officer,Kumbungu District communities,Kumbungu District communities,signed
1501,Abu Alhassan,F,Enrolled Nurse,Kumbungu District communities,Kumbungu District communities,signed
1502,Fati Alhassan,F,Medical Assistant,Kumbungu District communities,Kumbungu District communities,signed
1503,Alhassan Napari,F,Disease Control Officer,Kumbungu District communities,Kumbungu District communities,signed
1504,Fuseini Alhassan,F,Enrolled Nurse,Kumbungu District communities,Kumbungu District communities,signed
1505,Abdul Wumbei,F,Midwife,Kumbungu District communities,Kumbungu District communities,signed
1506,Mariam Seidu,F,Medical Assistant,Kumbungu District communities,Kumbungu District communities,signed
1507,Fuseini Tia,F,Disease Control Officer,Kumbungu District communities,Kumbungu District communities,signed
1508,Mohammed Dauda,F,Medical Assistant,Kumbungu District communities,Kumbungu District communities,signed
1509,Iddrisu Dauda,F,Enrolled Nurse,Kumbungu District communities,Kumbungu District communities,signed
1510,Fuseini Mahama,F,Enrolled Nurse,Kumbungu District communities,Kumbungu District communities,signed
1511,Fati Napari,F,Community Health Officer,Kumbungu District communities,Kumbungu District communities,signed
1512,Yakubu Yakubu,F,Disease Control Officer,Kumbungu District communities,Kumbungu District communities,signed
1513,Baba Yakubu,F,Community Health Officer,Kumbungu District communities,Kumbungu District communities,signed
1514,Baba Wumbei,F,Midwife,Kumbungu District communities,Kumbungu District communities,signed
1515,Ayishetu Issahaku,F,Enrolled Nurse,Kumbungu District communities,Kumbungu District communities,signed
1516,Salamatu Mahama,F,Midwife,Kumbungu District communities,Kumbungu District communities,signed
1517,Hawa Alhassan,F,Medical Assistant,Kumbungu District communities,Kumbungu District communities,signed
1518,Yakubu Wumbei,F,Disease Control Officer,Kumbungu District communities,Kumbungu District communities,signed
1519,Zuweira Iddrisu,F,Disease Control Officer,Kumbungu District communities,Kumbungu District communities,signed
1520,Fati Fuseini,F,Community Health Officer,Kumbungu District communities,Kumbungu District communities,signed
1521,Iddrisu Tia,F,Community Health Officer,Kumbungu District communities,Kumbungu District communities,signed
1522,Abu Yakubu,F,Community Health Officer,Kumbungu District communities,Kumbungu District communities,signed
1523,Adiza Mahama,F,Medical Assistant,Kumbungu District communities,Kumbungu District communities,signed
1524,Baba Mahama,F,Community Health Officer,Kumbungu District communities,Kumbungu District communities,signed
1525,Alhassan Iddrisu,F,Community Health Officer,Kumbungu District communities,Kumbungu District communities,signed
1526,Iddrisu Dauda,F,Enrolled Nurse,Kumbungu District communities,Kumbungu District communities,signed
1527,Alhassan Wumbei,F,Disease Control Officer,Kumbungu District communities,Kumbungu District communities,signed
1528,Memunatu Issahaku,F,Community Health Officer,Kumbungu District communities,Kumbungu District communities,signed
1529,Fuseini Issahaku,F,Midwife,Kumbungu District communities,Kumbungu District communities,signed
1530,Fati Napari,F,Enrolled Nurse,Kumbungu District communities,Kumbungu District communities,signed
1531,Abu Alhassan,F,Enrolled Nurse,Kumbungu District communities,Kumbungu District communities,signed
1532,Baba Fuseini,F,Disease Control Officer,Kumbungu District communities,Kumbungu District communities,signed
1533,Alhassan Alhassan,F,Midwife,Kumbungu District communities,Kumbungu District communities,signed
1534,Salamatu Napari,F,Disease Control Officer,Kumbungu District communities,Kumbungu District communities,signed
1535,Mariam Yakubu,F,Community Health Officer,Kumbungu District communities,Kumbungu District communities,signed
1536,Memunatu Abdulai,F,Midwife,Kumbungu District communities,Kumbungu District communities,signed
1537,Mohammed Fuseini,F,Midwife,Kumbungu District communities,Kumbungu District communities,signed
1538,Salamatu Yakubu,F,Midwife,Kumbungu District communities,Kumbungu District communities,signed
1539,Hawa Tia,F,Midwife,Kumbungu District communities,Kumbungu District communities,signed
1540,Fuseini Fuseini,F,Community Health Officer,Kumbungu District communities,Kumbungu District communities,signed
1541,Adiza Dauda,F,Midwife,Kumbungu District communities,Kumbungu District communities,signed
1542,Ayishetu Issahaku,F,Midwife,Kumbungu District communities,Kumbungu District communities,signed
1543,Fati Mahama,F,Enrolled Nurse,Kumbungu District communities,Kumbungu District communities,signed
1544,Adiza Issahaku,F,Community Health Officer,Kumbungu District communities,Kumbungu District communities,signed
1545,Rahinatu Seidu,F,Midwife,Kumbungu District communities,Kumbungu District communities,signed
1546,Baba Seidu,F,Disease Control Officer,Kumbungu District communities,Kumbungu District communities,signed
1547,Alhassan Tia,F,Enrolled Nurse,Kumbungu District communities,Kumbungu District communities,signed
1548,Mariam Yakubu,F,Medical Assistant,Kumbungu District communities,Kumbungu District communities,signed
1549,Baba Napari,F,Community Health Officer,Kumbungu District communities,Kumbungu District communities,signed
1550,Fati Napari,F,Disease Control Officer,Kumbungu District communities,Kumbungu District communities,signed
1551,Ayishetu Yakubu,F,Medical Assistant,Kumbungu District communities,Kumbungu District communities,signed
1552,Abu Tia,F,Midwife,Kumbungu District communities,Kumbungu District communities,signed
1553,Baba Alhassan,F,Disease Control Officer,Kumbungu District communities,Kumbungu District communities,signed
1554,Rahinatu Abdulai,F,Community Health Officer,Kumbungu District communities,Kumbungu District communities,signed
1555,Abdul Napari,F,Medical Assistant,Kumbungu District communities,Kumbungu District communities,signed
1556,Abdul Mahama,F,Enrolled Nurse,Kumbungu District communities,Kumbungu District communities,signed
1557,Ayishetu Tia,F,Community Health Officer,Kumbungu District communities,Kumbungu District communities,signed
1558,Zuweira Alhassan,F,Disease Control Officer,Kumbungu District communities,Kumbungu District communities,signed
1559,Adiza Dauda,F,Medical Assistant,Kumbungu District communities,Kumbungu District communities,signed
1560,Hawa Iddrisu,F,Medical Assistant,Kumbungu District communities,Kumbungu District communities,signed
1561,Zuweira Yakubu,F,Disease Control Officer,Kumbungu District communities,Kumbungu District communities,signed
1562,Iddrisu Tia,F,Midwife,Kumbungu District communities,Kumbungu District communities,signed
1563,Sulemana Napari,F,Midwife,Kumbungu District communities,Kumbungu District communities,signed
1564,Issah Abdulai,F,Midwife,Kumbungu District communities,Kumbungu District communities,signed
1565,Mariam Dauda,F,Disease Control Officer,Kumbungu District communities,Kumbungu District communities,signed
1566,Fuseini Yakubu,F,Disease Control Officer,Kumbungu District communities,Kumbungu District communities,signed
1567,Hawa Fuseini,F,Disease Control Officer,Kumbungu District communities,Kumbungu District communities,signed
1568,Memunatu Wumbei,F,Enrolled Nurse,Kumbungu District communities,Kumbungu District communities,signed
1569,Adiza Dauda,F,Disease Control Officer,Kumbungu District communities,Kumbungu District communities,signed
1570,Fati Napari,F,Midwife,Kumbungu District communities,Kumbungu District communities,signed
1571,Memunatu Iddrisu,F,Community Health Officer,Kumbungu District communities,Kumbungu District communities,signed
1572,Zuweira Seidu,F,Community Health Officer,Kumbungu District communities,Kumbungu District communities,signed
1573,Zuweira Alhassan,F,Midwife,Kumbungu District communities,Kumbungu District communities,signed
1574,Abu Iddrisu,F,Disease Control Officer,Kumbungu District communities,Kumbungu District communities,signed
1575,Ayishetu Wumbei,F,Community Health Officer,Kumbungu District communities,Kumbungu District communities,signed
1576,Mohammed Seidu,F,Disease Control Officer,Kumbungu District communities,Kumbungu District communities,signed
1577,Ayishetu Napari,F,Midwife,Kumbungu District communities,Kumbungu District communities,signed
1578,Sulemana Abdulai,F,Medical Assistant,Kumbungu District communities,Kumbungu District communities,signed
1579,Issah Napari,F,Enrolled Nurse,Kumbungu District communities,Kumbungu District communities,signed
1580,Fuseini Abdulai,F,Medical Assistant,Kumbungu District communities,Kumbungu District communities,signed
1581,Abdul Yakubu,F,Medical Assistant,Kumbungu District communities,Kumbungu District communities,signed
1582,Alhassan Seidu,F,Midwife,Kumbungu District communities,Kumbungu District communities,signed
1583,Hawa Dauda,F,Enrolled Nurse,Kumbungu District communities,Kumbungu District communities,signed
1584,Hawa Fuseini,F,Enrolled Nurse,Kumbungu District communities,Kumbungu District communities,signed
1585,Yakubu Dauda,F,Enrolled Nurse,Kumbungu District communities,Kumbungu District communities,signed
1586,Zuweira Seidu,F,Medical Assistant,Kumbungu District communities,Kumbungu District communities,signed
1587,Issah Fuseini,F,Enrolled Nurse,Kumbungu District communities,Kumbungu District communities,signed
1588,Mohammed Alhassan,F,Medical Assistant,Kumbungu District communities,Kumbungu District communities,signed
1589,Fuseini Seidu,F,Community Health Officer,Kumbungu District communities,Kumbungu District communities,signed
1590,Sulemana Yakubu,F,Midwife,Kumbungu District communities,Kumbungu District communities,signed
1591,Abu Wumbei,F,Disease Control Officer,Kumbungu District communities,Kumbungu District communities,signed
1592,Zuweira Seidu,F,Midwife,Kumbungu District communities,Kumbungu District communities,signed
1593,Sulemana Iddrisu,F,Midwife,Kumbungu District communities,Kumbungu District communities,signed
1594,Mariam Issahaku,F,Enrolled Nurse,Kumbungu District communities,Kumbungu District communities,signed
1595,Iddrisu Iddrisu,F,Medical Assistant,Kumbungu District communities,Kumbungu District communities,signed
1596,Alhassan Iddrisu,F,Enrolled Nurse,Kumbungu District communities,Kumbungu District communities,signed
1597,Yakubu Tia,F,Enrolled Nurse,Kumbungu District communities,Kumbungu District communities,signed
1598,Sanatu Tia,F,Disease Control Officer,Kumbungu District communities,Kumbungu District communities,signed
1599,Sanatu Mahama,F,Medical Assistant,Kumbungu District communities,Kumbungu District communities,signed
1600,Abu Wumbei,F,Enrolled Nurse,Kumbungu District communities,Kumbungu District communities,signed
1601,Baba Alhassan,F,Enrolled Nurse,Kumbungu District communities,Kumbungu District communities,signed
1602,Fati Napari,F,Midwife,Kumbungu District communities,Kumbungu District communities,signed
1603,Hawa Dauda,F,Community Health Officer,Kumbungu District communities,Kumbungu District communities,signed
1604,Adiza Fuseini,F,Midwife,Kumbungu District communities,Kumbungu District communities,signed
1605,Ayishetu Issahaku,F,Medical Assistant,Kumbungu District communities,Kumbungu District communities,signed
1606,Abdul Tia,F,Community Health Officer,Kumbungu District communities,Kumbungu District communities,signed
1607,Iddrisu Dauda,F,Enrolled Nurse,Kumbungu District communities,Kumbungu District communities,signed
1608,Memunatu Iddrisu,F,Community Health Officer,Kumbungu District communities,Kumbungu District communities,signed
1609,Fuseini Seidu,F,Enrolled Nurse,Kumbungu District communities,Kumbungu District communities,signed
1610,Sulemana Iddrisu,F,Community Health Officer,Kumbungu District communities,Kumbungu District communities,signed
1611,Abu Yakubu,F,Midwife,Kumbungu District communities,Kumbungu District communities,signed
1612,Memunatu Seidu,F,Community Health Officer,Kumbungu District communities,Kumbungu District communities,signed
1613,Abdul Issahaku,F,Community Health Officer,Kumbungu District communities,Kumbungu District communities,signed
1614,Abu Iddrisu,F,Disease Control Officer,Kumbungu District communities,Kumbungu District communities,signed
1615,Adiza Yakubu,F,Enrolled Nurse,Kumbungu District communities,Kumbungu District communities,signed
1616,Fati Dauda,F,Community Health Officer,Kumbungu District communities,Kumbungu District communities,signed
1617,Sulemana Yakubu,F,Midwife,Kumbungu District communities,Kumbungu District communities,signed
1618,Ayishetu Yakubu,F,Disease Control Officer,Kumbungu District communities,Kumbungu District communities,signed
1619,Ayishetu Abdulai,F,Midwife,Kumbungu District communities,Kumbungu District communities,signed
1620,Issah Abdulai,F,Enrolled Nurse,Kumbungu District communities,Kumbungu District communities,signed
1621,Fati Seidu,F,Midwife,Kumbungu District communities,Kumbungu District communities,signed
1622,Ayishetu Seidu,F,Medical Assistant,Kumbungu District communities,Kumbungu District communities,signed
1623,Sulemana Tia,F,Disease Control Officer,Kumbungu District communities,Kumbungu District communities,signed
1624,Ayishetu Seidu,F,Enrolled Nurse,Kumbungu District communities,Kumbungu District communities,signed
1625,Mohammed Alhassan,F,Community Health Officer,Kumbungu District communities,Kumbungu District communities,signed
1626,Sanatu Iddrisu,F,Medical Assistant,Kumbungu District communities,Kumbungu District communities,signed
1627,Alhassan Issahaku,F,Disease Control Officer,Kumbungu District communities,Kumbungu District communities,signed
1628,Yakubu Fuseini,F,Community Health Officer,Kumbungu District communities,Kumbungu District communities,signed
1629,Alhassan Dauda,F,Enrolled Nurse,Kumbungu District communities,Kumbungu District communities,signed
1630,Hawa Wumbei,F,Community Health Officer,Kumbungu District communities,Kumbungu District communities,signed
1631,Sulemana Tia,F,Community Health Officer,Kumbungu District communities,Kumbungu District communities,signed
1632,Memunatu Abdulai,F,Community Health Officer,Kumbungu District communities,Kumbungu District communities,signed
1633,Issah Iddrisu,F,Community Health Officer,Kumbungu District communities,Kumbungu District communities,signed
1634,Sanatu Dauda,F,Medical Assistant,Kumbungu District communities,Kumbungu District communities,signed
1635,Hawa Tia,F,Enrolled Nurse,Kumbungu District communities,Kumbungu District communities,signed
1636,Iddrisu Tia,F,Midwife,Kumbungu District communities,Kumbungu District communities,signed
1637,Yakubu Fuseini,F,Disease Control Officer,Kumbungu District communities,Kumbungu District communities,signed
1638,Memunatu Yakubu,F,Enrolled Nurse,Kumbungu District communities,Kumbungu District communities,signed
1639,Rahinatu Dauda,F,Midwife,Kumbungu District communities,Kumbungu District communities,signed
1640,Sanatu Issahaku,F,Disease Control Officer,Kumbungu District communities,Kumbungu District communities,signed
1641,Rahinatu Iddrisu,F,Community Health Officer,Kumbungu District communities,Kumbungu District communities,signed
1642,Zuweira Fuseini,F,Midwife,Kumbungu District communities,Kumbungu District communities,signed
1643,Iddrisu Iddrisu,F,Community Health Officer,Kumbungu District communities,Kumbungu District communities,signed
1644,Fati Dauda,F,Midwife,Kumbungu District communities,Kumbungu District communities,signed
1645,Memunatu Seidu,F,Community Health Officer,Kumbungu District communities,Kumbungu District communities,signed
1646,Fuseini Wumbei,F,Midwife,Kumbungu District communities,Kumbungu District communities,signed
1647,Sulemana Tia,F,Community Health Officer,Kumbungu District communities,Kumbungu District communities,signed
1648,Memunatu Napari,F,Medical Assistant,Kumbungu District communities,Kumbungu District communities,signed
1649,Mohammed Issahaku,F,Community Health Officer,Kumbungu District communities,Kumbungu District communities,signed
1650,Fati Wumbei,F,Disease Control Officer,Kumbungu District communities,Kumbungu District communities,signed
