No,Name,Sex,Cadre/Role,Facility/Community,District,Signature
1,Fuseini Yakubu,F,Midwife,Karaga District communities,Karaga District communities,signed
2,Fuseini Dauda,F,Enrolled Nurse,Karaga District communities,Karaga District communities,signed
3,Baba Issahaku,F,Disease Control Officer,Karaga District communities,Karaga District communities,signed
4,Memunatu Seidu,F,Midwife,Karaga District communities,Karaga District communities,signed
5,Abu Yakubu,F,Midwife,Karaga District communities,Karaga District communities,signed
6,Fati Yakubu,F,Community Health Officer,Karaga District communities,Karaga District communities,signed
7,Mohammed Napari,F,Community Health Officer,Karaga District communities,Karaga District communities,signed
8,Mohammed Mahama,F,Medical Assistant,Karaga District communities,Karaga District communities,signed
9,Issah Yakubu,F,Midwife,Karaga District communities,Karaga District communities,signed
10,Yakubu Wumbei,F,Medical Assistant,Karaga District communities,Karaga District communities,signed
11,Salamatu Napari,F,Midwife,Karaga District communities,Karaga District communities,signed
12,Mohammed Yakubu,F,Community Health Officer,Karaga District communities,Karaga District communities,signed
13,Fuseini Issahaku,F,Enrolled Nurse,Karaga District communities,Karaga District communities,signed
14,Fati Alhassan,F,Midwife,Karaga District communities,Karaga District communities,signed
15,Abdul Napari,F,Disease Control Officer,Karaga District communities,Karaga District communities,signed
16,Iddrisu Fuseini,F,Medical Assistant,Karaga District communities,Karaga District communities,signed
17,Fuseini Yakubu,F,Community Health Officer,Karaga District communities,Karaga District communities,signed
18,Yakubu Yakubu,F,Enrolled Nurse,Karaga District communities,Karaga District communities,signed
19,Sanatu Mahama,F,Community Health Officer,Karaga District communities,Karaga District communities,signed
20,Zuweira Issahaku,F,Enrolled Nurse,Karaga District communities,Karaga District communities,signed
21,Sulemana Yakubu,F,Enrolled Nurse,Karaga District communities,Karaga District communities,signed
22,Fuseini Iddrisu,F,Medical Assistant,Karaga District communities,Karaga District communities,signed
23,Baba Fuseini,F,Midwife,Karaga District communities,Karaga District communities,signed
24,Mariam Fuseini,F,Enrolled Nurse,Karaga District communities,Karaga District communities,signed
25,Zuweira Fuseini,F,Disease Control Officer,Karaga District communities,Karaga District communities,signed
26,Mohammed Alhassan,F,Community Health Officer,Karaga District communities,Karaga District communities,signed
27,Issah Yakubu,F,Disease Control Officer,Karaga District communities,Karaga District communities,signed
28,Abu Mahama,F,Enrolled Nurse,Karaga District communities,Karaga District communities,signed
29,Mariam Iddrisu,F,Community Health Officer,Karaga District communities,Karaga District communities,signed
30,Mariam Napari,F,Disease Control Officer,Karaga District communities,Karaga District communities,signed
31,Memunatu Alhassan,F,Enrolled Nurse,Karaga District communities,Karaga District communities,signed
32,Abu Iddrisu,F,Enrolled Nurse,Karaga District communities,Karaga District communities,signed
33,Hawa Wumbei,F,Medical Assistant,Karaga District communities,Karaga District communities,signed
34,Ayishetu Tia,F,Community Health Officer,Karaga District communities,Karaga District communities,signed
35,Iddrisu Dauda,F,Medical Assistant,Karaga District communities,Karaga District communities,signed
36,Hawa Mahama,F,Midwife,Karaga District communities,Karaga District communities,signed
37,Ayishetu Fuseini,F,Community Health Officer,Karaga District communities,Karaga District communities,signed
38,Sulemana Issahaku,F,Enrolled Nurse,Karaga District communities,Karaga District communities,signed
39,Salamatu Fuseini,F,Disease Control Officer,Karaga District communities,Karaga District communities,signed
40,Ayishetu Napari,F,Midwife,Karaga District communities,Karaga District communities,signed
41,Salamatu Napari,F,Enrolled Nurse,Karaga District communities,Karaga District communities,signed
42,Ayishetu Seidu,F,Community Health Officer,Karaga District communities,Karaga District communities,signed
43,Sanatu Wumbei,F,Medical Assistant,Karaga District communities,Karaga District communities,signed
44,Mariam Wumbei,F,Community Health Officer,Karaga District communities,Karaga District communities,signed
45,Abu Alhassan,F,Community Health Officer,Karaga District communities,Karaga District communities,signed
46,Rahinatu Fuseini,F,Disease Control Officer,Karaga District communities,Karaga District communities,signed
47,Fati Issahaku,F,Enrolled Nurse,Karaga District communities,Karaga District communities,signed
48,Fati Issahaku,F,Midwife,Karaga District communities,Karaga District communities,signed
49,Abu Fuseini,F,Enrolled Nurse,Karaga District communities,Karaga District communities,signed
50,Rahinatu Seidu,F,Enrolled Nurse,Karaga District communities,Karaga District communities,signed
51,Zuweira Alhassan,F,Community Health Officer,Karaga District communities,Karaga District communities,signed
52,Ayishetu Abdulai,F,Enrolled Nurse,Karaga District communities,Karaga District communities,signed
53,Sulemana Abdulai,F,Community Health Officer,Karaga District communities,Karaga District communities,signed
54,Salamatu Abdulai,F,Medical Assistant,Karaga District communities,Karaga District communities,signed
55,Fuseini Abdulai,F,Enrolled Nurse,Karaga District communities,Karaga District communities,signed
56,Fati Dauda,F,Community Health Officer,Karaga District communities,Karaga District communities,signed
57,Baba Abdulai,F,Medical Assistant,Karaga District communities,Karaga District communities,signed
58,Memunatu Tia,F,Midwife,Karaga District communities,Karaga District communities,signed
59,Mohammed Iddrisu,F,Midwife,Karaga District communities,Karaga District communities,signed
60,Rahinatu Alhassan,F,Medical Assistant,Karaga District communities,Karaga District communities,signed
61,Mohammed Fuseini,F,Midwife,Karaga District communities,Karaga District communities,signed
62,Abu Mahama,F,Enrolled Nurse,Karaga District communities,Karaga District communities,signed
63,Mohammed Tia,F,Midwife,Karaga District communities,Karaga District communities,signed
64,Adiza Alhassan,F,Medical Assistant,Karaga District communities,Karaga District communities,signed
65,Ayishetu Abdulai,F,Medical Assistant,Karaga District communities,Karaga District communities,signed
66,Adiza Yakubu,F,Community Health Officer,Karaga District communities,Karaga District communities,signed
67,Abdul Seidu,F,Enrolled Nurse,Karaga District communities,Karaga District communities,signed
68,Baba Fuseini,F,Community Health Officer,Karaga District communities,Karaga District communities,signed
69,Zuweira Mahama,F,Community Health Officer,Karaga District communities,Karaga District communities,signed
70,Mariam Yakubu,F,Midwife,Karaga District communities,Karaga District communities,signed
71,Rahinatu Seidu,F,Medical Assistant,Karaga District communities,Karaga District communities,signed
72,Sulemana Dauda,F,Enrolled Nurse,Karaga District communities,Karaga District communities,signed
73,Adiza Dauda,F,Disease Control Officer,Karaga District communities,Karaga District communities,signed
74,Sanatu Fuseini,F,Disease Control Officer,Karaga District communities,Karaga District communities,signed
75,Memunatu Issahaku,F,Midwife,Karaga District communities,Karaga District communities,signed
76,Yakubu Mahama,F,Enrolled Nurse,Karaga District communities,Karaga District communities,signed
77,Adiza Issahaku,F,Community Health Officer,Karaga District communities,Karaga District communities,signed
78,Issah Yakubu,F,Medical Assistant,Karaga District communities,Karaga District communities,signed
79,Sulemana Tia,F,Disease Control Officer,Karaga District communities,Karaga District communities,signed
80,Baba Yakubu,F,Medical Assistant,Karaga District communities,Karaga District communities,signed
81,Zuweira Alhassan,F,Community Health Officer,Karaga District communities,Karaga District communities,signed
82,Memunatu Mahama,F,Enrolled Nurse,Karaga District communities,Karaga District communities,signed
83,Zuweira Mahama,F,Disease Control Officer,Karaga District communities,Karaga District communities,signed
84,Memunatu Iddrisu,F,Medical Assistant,Karaga District communities,Karaga District communities,signed
85,Fati Mahama,F,Midwife,Karaga District communities,Karaga District communities,signed
86,Baba Napari,F,Medical Assistant,Karaga District communities,Karaga District communities,signed
87,Ayishetu Fuseini,F,Community Health Officer,Karaga District communities,Karaga District communities,signed
88,Baba Yakubu,F,Enrolled Nurse,Karaga District communities,Karaga District communities,signed
89,Salamatu Napari,F,Midwife,Karaga District communities,Karaga District communities,signed
90,Ayishetu Alhassan,F,Disease Control Officer,Karaga District communities,Karaga District communities,signed
91,Sanatu Issahaku,F,Disease Control Officer,Karaga District communities,Karaga District communities,signed
92,Rahinatu Issahaku,F,Enrolled Nurse,Karaga District communities,Karaga District communities,signed
93,Iddrisu Alhassan,F,Community Health Officer,Karaga District communities,Karaga District communities,signed
94,Abdul Napari,F,Medical Assistant,Karaga District communities,Karaga District communities,signed
95,Yakubu Tia,F,Disease Control Officer,Karaga District communities,Karaga District communities,signed
96,Ayishetu Tia,F,Midwife,Karaga District communities,Karaga District communities,signed
97,Hawa Issahaku,F,Medical Assistant,Karaga District communities,Karaga District communities,signed
98,Ayishetu Fuseini,F,Disease Control Officer,Karaga District communities,Karaga District communities,signed
99,Alhassan Napari,F,Medical Assistant,Karaga District communities,Karaga District communities,signed
100,Sanatu Alhassan,F,Midwife,Karaga District communities,Karaga District communities,signed
101,Issah Napari,F,Midwife,Karaga District communities,Karaga District communities,signed
102,Fuseini Yakubu,F,Enrolled Nurse,Karaga District communities,Karaga District communities,signed
103,Rahinatu Iddrisu,F,Community Health Officer,Karaga District communities,Karaga District communities,signed
104,Issah Seidu,F,Enrolled Nurse,Karaga District communities,Karaga District communities,signed
105,Alhassan Wumbei,F,Community Health Officer,Karaga District communities,Karaga District communities,signed
106,Baba Fuseini,F,Enrolled Nurse,Karaga District communities,Karaga District communities,signed
107,Mariam Dauda,F,Enrolled Nurse,Karaga District communities,Karaga District communities,signed
108,Ayishetu Mahama,F,Medical Assistant,Karaga District communities,Karaga District communities,signed
109,Abu Iddrisu,F,Community Health Officer,Karaga District communities,Karaga District communities,signed
110,Salamatu Dauda,F,Community Health Officer,Karaga District communities,Karaga District communities,signed
111,Alhassan Tia,F,Enrolled Nurse,Karaga District communities,Karaga District communities,signed
112,Memunatu Abdulai,F,Medical Assistant,Karaga District communities,Karaga District communities,signed
113,Memunatu Alhassan,F,Enrolled Nurse,Karaga District communities,Karaga District communities,signed
114,Fuseini Alhassan,F,Midwife,Karaga District communities,Karaga District communities,signed
115,Memunatu Seidu,F,Enrolled Nurse,Karaga District communities,Karaga District communities,signed
116,Abu Issahaku,F,Community Health Officer,Karaga District communities,Karaga District communities,signed
117,Baba Mahama,F,Midwife,Karaga District communities,Karaga District communities,signed
118,Hawa Iddrisu,F,Disease Control Officer,Karaga District communities,Karaga District communities,signed
119,Baba Abdulai,F,Medical Assistant,Karaga District communities,Karaga District communities,signed
120,Baba Wumbei,F,Medical Assistant,Karaga District communities,Karaga District communities,signed
121,Mohammed Yakubu,F,Midwife,Karaga District communities,Karaga District communities,signed
122,Alhassan Alhassan,F,Medical Assistant,Karaga District communities,Karaga District communities,signed
123,Hawa Issahaku,F,Enrolled Nurse,Karaga District communities,Karaga District communities,signed
124,Rahinatu Seidu,F,Community Health Officer,Karaga District communities,Karaga District communities,signed
125,Mohammed Seidu,F,Disease Control Officer,Karaga District communities,Karaga District communities,signed
126,Zuweira Alhassan,F,Midwife,Karaga District communities,Karaga District communities,signed
127,Fuseini Issahaku,F,Medical Assistant,Karaga District communities,Karaga District communities,signed
128,Adiza Tia,F,Midwife,Karaga District communities,Karaga District communities,signed
129,Fati Issahaku,F,Enrolled Nurse,Karaga District communities,Karaga District communities,signed
130,Abu Dauda,F,Midwife,Karaga District communities,Karaga District communities,signed
131,Yakubu Alhassan,F,Midwife,Karaga District communities,Karaga District communities,signed
132,Abu Abdulai,F,Enrolled Nurse,Karaga District communities,Karaga District communities,signed
133,Iddrisu Seidu,F,Disease Control Officer,Karaga District communities,Karaga District communities,signed
134,Zuweira Iddrisu,F,Disease Control Officer,Karaga District communities,Karaga District communities,signed
135,Rahinatu Abdulai,F,Community Health Officer,Karaga District communities,Karaga District communities,signed
136,Fuseini Wumbei,F,Disease Control Officer,Karaga District communities,Karaga District communities,signed
137,Sulemana Iddrisu,F,Enrolled Nurse,Karaga District communities,Karaga District communities,signed
138,Issah Yakubu,F,Medical Assistant,Karaga District communities,Karaga District communities,signed
139,Sulemana Napari,F,Midwife,Karaga District communities,Karaga District communities,signed
140,Sulemana Wumbei,F,Midwife,Karaga District communities,Karaga District communities,signed
141,Alhassan Abdulai,F,Medical Assistant,Karaga District communities,Karaga District communities,signed
142,Zuweira Napari,F,Disease Control Officer,Karaga District communities,Karaga District communities,signed
143,Abdul Tia,F,Community Health Officer,Karaga District communities,Karaga District communities,signed
144,Abdul Wumbei,F,Midwife,Karaga District communities,Karaga District communities,signed
145,Alhassan Tia,F,Midwife,Karaga District communities,Karaga District communities,signed
146,Abu Seidu,F,Disease Control Officer,Karaga District communities,Karaga District communities,signed
147,Mohammed Issahaku,F,Enrolled Nurse,Karaga District communities,Karaga District communities,signed
148,Iddrisu Alhassan,F,Enrolled Nurse,Karaga District communities,Karaga District communities,signed
149,Baba Issahaku,F,Medical Assistant,Karaga District communities,Karaga District communities,signed
150,Fati Seidu,F,Midwife,Karaga District communities,Karaga District communities,signed
151,Sanatu Napari,F,Medical Assistant,Karaga District communities,Karaga District communities,signed
152,Ayishetu Issahaku,F,Medical Assistant,Karaga District communities,Karaga District communities,signed
153,Zuweira Fuseini,F,Community Health Officer,Karaga District communities,Karaga District communities,signed
154,Mohammed Mahama,F,Enrolled Nurse,Karaga District communities,Karaga District communities,signed
155,Sanatu Seidu,F,Medical Assistant,Karaga District communities,Karaga District communities,signed
156,Abdul Dauda,F,Enrolled Nurse,Karaga District communities,Karaga District communities,signed
157,Zuweira Fuseini,F,Enrolled Nurse,Karaga District communities,Karaga District communities,signed
158,Alhassan Fuseini,F,Enrolled Nurse,Karaga District communities,Karaga District communities,signed
159,Yakubu Tia,F,Medical Assistant,Karaga District communities,Karaga District communities,signed
160,Abu Yakubu,F,Enrolled Nurse,Karaga District communities,Karaga District communities,signed
161,Adiza Dauda,F,Community Health Officer,Karaga District communities,Karaga District communities,signed
162,Ayishetu Yakubu,F,Medical Assistant,Karaga District communities,Karaga District communities,signed
163,Mohammed Seidu,F,Medical Assistant,Karaga District communities,Karaga District communities,signed
164,Zuweira Seidu,F,Community Health Officer,Karaga District communities,Karaga District communities,signed
165,Yakubu Issahaku,F,Disease Control Officer,Karaga District communities,Karaga District communities,signed
166,Iddrisu Yakubu,F,Medical Assistant,Karaga District communities,Karaga District communities,signed
167,Mohammed Abdulai,F,Community Health Officer,Karaga District communities,Karaga District communities,signed
168,Sulemana Iddrisu,F,Enrolled Nurse,Karaga District communities,Karaga District communities,signed
169,Mariam Tia,F,Disease Control Officer,Karaga District communities,Karaga District communities,signed
170,Mohammed Napari,F,Community Health Officer,Karaga District communities,Karaga District communities,signed
171,Issah Alhassan,F,Medical Assistant,Karaga District communities,Karaga District communities,signed
172,Abu Dauda,F,Disease Control Officer,Karaga District communities,Karaga District communities,signed
173,Sanatu Abdulai,F,Disease Control Officer,Karaga District communities,Karaga District communities,signed
174,Iddrisu Napari,F,Medical Assistant,Karaga District communities,Karaga District communities,signed
175,Fati Mahama,F,Disease Control Officer,Karaga District communities,Karaga District communities,signed
176,Alhassan Seidu,F,Enrolled Nurse,Karaga District communities,Karaga District communities,signed
177,Abu Alhassan,F,Medical Assistant,Karaga District communities,Karaga District communities,signed
178,Issah Napari,F,Enrolled Nurse,Karaga District communities,Karaga District communities,signed
179,Abdul Napari,F,Community Health Officer,Karaga District communities,Karaga District communities,signed
180,Yakubu Alhassan,F,Medical Assistant,Karaga District communities,Karaga District communities,signed
181,Mohammed Fuseini,F,Medical Assistant,Karaga District communities,Karaga District communities,signed
182,Zuweira Yakubu,F,Enrolled Nurse,Karaga District communities,Karaga District communities,signed
183,Alhassan Mahama,F,Disease Control Officer,Karaga District communities,Karaga District communities,signed
184,Ayishetu Dauda,F,Enrolled Nurse,Karaga District communities,Karaga District communities,signed
185,Abdul Napari,F,Midwife,Karaga District communities,Karaga District communities,signed
186,Issah Mahama,F,Medical Assistant,Karaga District communities,Karaga District communities,signed
187,Ayishetu Yakubu,F,Midwife,Karaga District communities,Karaga District communities,signed
188,Issah Wumbei,F,Midwife,Karaga District communities,Karaga District communities,signed
189,Sulemana Abdulai,F,Community Health Officer,Karaga District communities,Karaga District communities,signed
190,Memunatu Dauda,F,Disease Control Officer,Karaga District communities,Karaga District communities,signed
191,Issah Issahaku,F,Midwife,Karaga District communities,Karaga District communities,signed
192,Baba Mahama,F,Midwife,Karaga District communities,Karaga District communities,signed
193,Yakubu Yakubu,F,Medical Assistant,Karaga District communities,Karaga District communities,signed
194,Zuweira Napari,F,Enrolled Nurse,Karaga District communities,Karaga District communities,signed
195,Fuseini Wumbei,F,Medical Assistant,Karaga District communities,Karaga District communities,signed
196,Yakubu Iddrisu,F,Community Health Officer,Karaga District communities,Karaga District communities,signed
197,Iddrisu Seidu,F,Disease Control Officer,Karaga District communities,Karaga District communities,signed
198,Issah Abdulai,F,Disease Control Officer,Karaga District communities,Karaga District communities,signed
199,Rahinatu Seidu,F,Medical Assistant,Karaga District communities,Karaga District communities,signed
200,Yakubu Wumbei,F,Community Health Officer,Karaga District communities,Karaga District communities,signed
201,Fati Abdulai,F,Enrolled Nurse,Karaga District communities,Karaga District communities,signed
202,Sanatu Issahaku,F,Disease Control Officer,Karaga District communities,Karaga District communities,signed
203,Abu Seidu,F,Midwife,Karaga District communities,Karaga District communities,signed
204,Yakubu Dauda,F,Enrolled Nurse,Karaga District communities,Karaga District communities,signed
205,Ayishetu Wumbei,F,Community Health Officer,Karaga District communities,Karaga District communities,signed
206,Alhassan Tia,F,Medical Assistant,Karaga District communities,Karaga District communities,signed
207,Rahinatu Seidu,F,Community Health Officer,Karaga District communities,Karaga District communities,signed
208,Sulemana Wumbei,F,Midwife,Karaga District communities,Karaga District communities,signed
209,Zuweira Napari,F,Midwife,Karaga District communities,Karaga District communities,signed
210,Hawa Abdulai,F,Enrolled Nurse,Karaga District communities,Karaga District communities,signed
211,Sulemana Dauda,F,Disease Control Officer,Karaga District communities,Karaga District communities,signed
212,Rahinatu Napari,F,Medical Assistant,Karaga District communities,Karaga District communities,signed
213,Mariam Napari,F,Enrolled Nurse,Karaga District communities,Karaga District communities,signed
214,Iddrisu Iddrisu,F,Community Health Officer,Karaga District communities,Karaga District communities,signed
215,Memunatu Wumbei,F,Community Health Officer,Karaga District communities,Karaga District communities,signed
216,Adiza Alhassan,F,Medical Assistant,Karaga District communities,Karaga District communities,signed
217,Fuseini Yakubu,F,Midwife,Karaga District communities,Karaga District communities,signed
218,Sulemana Napari,F,Disease Control Officer,Karaga District communities,Karaga District communities,signed
219,Baba Issahaku,F,Community Health Officer,Karaga District communities,Karaga District communities,signed
220,Sulemana Iddrisu,F,Disease Control Officer,Karaga District communities,Karaga District communities,signed
221,Alhassan Dauda,F,Midwife,Karaga District communities,Karaga District communities,signed
222,Rahinatu Abdulai,F,Medical Assistant,Karaga District communities,Karaga District communities,signed
223,Issah Alhassan,F,Disease Control Officer,Karaga District communities,Karaga District communities,signed
224,Yakubu Napari,F,Midwife,Karaga District communities,Karaga District communities,signed
225,Issah Seidu,F,Medical Assistant,Karaga District communities,Karaga District communities,signed
226,Yakubu Mahama,F,Medical Assistant,Karaga District communities,Karaga District communities,signed
227,Hawa Dauda,F,Community Health Officer,Karaga District communities,Karaga District communities,signed
228,Sulemana Tia,F,Disease Control Officer,Karaga District communities,Karaga District communities,signed
229,Zuweira Wumbei,F,Medical Assistant,Karaga District communities,Karaga District communities,signed
230,Iddrisu Wumbei,F,Disease Control Officer,Karaga District communities,Karaga District communities,signed
231,Abu Dauda,F,Disease Control Officer,Karaga District communities,Karaga District communities,signed
232,Memunatu Tia,F,Medical Assistant,Karaga District communities,Karaga District communities,signed
233,Yakubu Wumbei,F,Medical Assistant,Karaga District communities,Karaga District communities,signed
234,Sanatu Napari,F,Enrolled Nurse,Karaga District communities,Karaga District communities,signed
235,Salamatu Issahaku,F,Disease Control Officer,Karaga District communities,Karaga District communities,signed
236,Adiza Iddrisu,F,Disease Control Officer,Karaga District communities,Karaga District communities,signed
237,Mariam Issahaku,F,Community Health Officer,Karaga District communities,Karaga District communities,signed
238,Fuseini Abdulai,F,Community Health Officer,Karaga District communities,Karaga District communities,signed
239,Baba Abdulai,F,Community Health Officer,Karaga District communities,Karaga District communities,signed
240,Mariam Iddrisu,F,Enrolled Nurse,Karaga District communities,Karaga District communities,signed
241,Baba Yakubu,F,Medical Assistant,Karaga District communities,Karaga District communities,signed
242,Salamatu Tia,F,Disease Control Officer,Karaga District communities,Karaga District communities,signed
243,Rahinatu Fuseini,F,Medical Assistant,Karaga District communities,Karaga District communities,signed
244,Yakubu Fuseini,F,Midwife,Karaga District communities,Karaga District communities,signed
245,Alhassan Abdulai,F,Community Health Officer,Karaga District communities,Karaga District communities,signed
246,Fuseini Abdulai,F,Community Health Officer,Karaga District communities,Karaga District communities,signed
247,Yakubu Seidu,F,Medical Assistant,Karaga District communities,Karaga District communities,signed
248,Yakubu Abdulai,F,Enrolled Nurse,Karaga District communities,Karaga District communities,signed
249,Rahinatu Yakubu,F,Community Health Officer,Karaga District communities,Karaga District communities,signed
250,Sulemana Issahaku,F,Enrolled Nurse,Karaga District communities,Karaga District communities,signed
251,Fati Issahaku,F,Disease Control Officer,Karaga District communities,Karaga District communities,signed
252,Alhassan Issahaku,F,Disease Control Officer,Karaga District communities,Karaga District communities,signed
253,Salamatu Alhassan,F,Disease Control Officer,Karaga District communities,Karaga District communities,signed
254,Abu Wumbei,F,Medical Assistant,Karaga District communities,Karaga District communities,signed
255,Baba Abdulai,F,Enrolled Nurse,Karaga District communities,Karaga District communities,signed
256,Sanatu Issahaku,F,Disease Control Officer,Karaga District communities,Karaga District communities,signed
257,Sanatu Abdulai,F,Medical Assistant,Karaga District communities,Karaga District communities,signed
258,Iddrisu Alhassan,F,Disease Control Officer,Karaga District communities,Karaga District communities,signed
259,Fati Tia,F,Medical Assistant,Karaga District communities,Karaga District communities,signed
260,Abdul Mahama,F,Enrolled Nurse,Karaga District communities,Karaga District communities,signed
261,Rahinatu Yakubu,F,Disease Control Officer,Karaga District communities,Karaga District communities,signed
262,Ayishetu Issahaku,F,Medical Assistant,Karaga District communities,Karaga District communities,signed
263,Sanatu Issahaku,F,Medical Assistant,Karaga District communities,Karaga District communities,signed
264,Abu Seidu,F,Enrolled Nurse,Karaga District communities,Karaga District communities,signed
265,Rahinatu Iddrisu,F,Community Health Officer,Karaga District communities,Karaga District communities,signed
266,Salamatu Napari,F,Medical Assistant,Karaga District communities,Karaga District communities,signed
267,Ayishetu Abdulai,F,Midwife,Karaga District communities,Karaga District communities,signed
268,Rahinatu Dauda,F,Medical Assistant,Karaga District communities,Karaga District communities,signed
269,Sulemana Napari,F,Enrolled Nurse,Karaga District communities,Karaga District communities,signed
270,Issah Mahama,F,Enrolled Nurse,Karaga District communities,Karaga District communities,signed
271,Mariam Mahama,F,Community Health Officer,Karaga District communities,Karaga District communities,signed
272,Sulemana Yakubu,F,Medical Assistant,Karaga District communities,Karaga District communities,signed
273,Iddrisu Napari,F,Community Health Officer,Karaga District communities,Karaga District communities,signed
274,Fuseini Abdulai,F,Midwife,Karaga District communities,Karaga District communities,signed
275,Salamatu Yakubu,F,Enrolled Nurse,Karaga District communities,Karaga District communities,signed
276,Rahinatu Napari,F,Community Health Officer,Karaga District communities,Karaga District communities,signed
277,Issah Dauda,F,Community Health Officer,Karaga District communities,Karaga District communities,signed
278,Hawa Mahama,F,Disease Control Officer,Karaga District communities,Karaga District communities,signed
279,Fuseini Iddrisu,F,Disease Control Officer,Karaga District communities,Karaga District communities,signed
280,Sulemana Seidu,F,Disease Control Officer,Karaga District communities,Karaga District communities,signed
281,Mariam Wumbei,F,Disease Control Officer,Karaga District communities,Karaga District communities,signed
282,Fuseini Yakubu,F,Community Health Officer,Karaga District communities,Karaga District communities,signed
283,Abdul Yakubu,F,Disease Control Officer,Karaga District communities,Karaga District communities,signed
284,Alhassan Mahama,F,Medical Assistant,Karaga District communities,Karaga District communities,signed
285,Abu Dauda,F,Medical Assistant,Karaga District communities,Karaga District communities,signed
286,Hawa Napari,F,Community Health Officer,Karaga District communities,Karaga District communities,signed
287,Sulemana Dauda,F,Midwife,Karaga District communities,Karaga District communities,signed
288,Rahinatu Fuseini,F,Midwife,Karaga District communities,Karaga District communities,signed
289,Zuweira Mahama,F,Disease Control Officer,Karaga District communities,Karaga District communities,signed
290,Yakubu Wumbei,F,Disease Control Officer,Karaga District communities,Karaga District communities,signed
291,Fati Dauda,F,Medical Assistant,Karaga District communities,Karaga District communities,signed
292,Zuweira Fuseini,F,Enrolled Nurse,Karaga District communities,Karaga District communities,signed
293,Alhassan Iddrisu,F,Midwife,Karaga District communities,Karaga District communities,signed
294,Mohammed Abdulai,F,Community Health Officer,Karaga District communities,Karaga District communities,signed
295,Salamatu Dauda,F,Midwife,Karaga District communities,Karaga District communities,signed
296,Iddrisu Tia,F,Enrolled Nurse,Karaga District communities,Karaga District communities,signed
297,Memunatu Fuseini,F,Midwife,Karaga District communities,Karaga District communities,signed
298,Memunatu Yakubu,F,Community Health Officer,Karaga District communities,Karaga District communities,signed
299,Sulemana Napari,F,Enrolled Nurse,Karaga District communities,Karaga District communities,signed
300,Alhassan Tia,F,Enrolled Nurse,Karaga District communities,Karaga District communities,signed
301,Mariam Issahaku,F,Enrolled Nurse,Karaga District communities,Karaga District communities,signed
302,Sulemana Mahama,F,Disease Control Officer,Karaga District communities,Karaga District communities,signed
303,Sanatu Seidu,F,Disease Control Officer,Karaga District communities,Karaga District communities,signed
304,Issah Dauda,F,Enrolled Nurse,Karaga District communities,Karaga District communities,signed
305,Adiza Issahaku,F,Community Health Officer,Karaga District communities,Karaga District communities,signed
306,Sanatu Alhassan,F,Midwife,Karaga District communities,Karaga District communities,signed
307,Fuseini Fuseini,F,Disease Control Officer,Karaga District communities,Karaga District communities,signed
308,Mohammed Wumbei,F,Enrolled Nurse,Karaga District communities,Karaga District communities,signed
309,Adiza Abdulai,F,Midwife,Karaga District communities,Karaga District communities,signed
310,Salamatu Fuseini,F,Enrolled Nurse,Karaga District communities,Karaga District communities,signed
311,Fati Wumbei,F,Community Health Officer,Karaga District communities,Karaga District communities,signed
312,Fati Tia,F,Community Health Officer,Karaga District communities,Karaga District communities,signed
313,Sanatu Wumbei,F,Disease Control Officer,Karaga District communities,Karaga District communities,signed
314,Abdul Alhassan,F,Community Health Officer,Karaga District communities,Karaga District communities,signed
315,Sanatu Abdulai,F,Enrolled Nurse,Karaga District communities,Karaga District communities,signed
316,Sulemana Dauda,F,Community Health Officer,Karaga District communities,Karaga District communities,signed
317,Fuseini Yakubu,F,Medical Assistant,Karaga District communities,Karaga District communities,signed
318,Adiza Alhassan,F,Enrolled Nurse,Karaga District communities,Karaga District communities,signed
319,Rahinatu Tia,F,Medical Assistant,Karaga District communities,Karaga District communities,signed
320,Baba Iddrisu,F,Midwife,Karaga District communities,Karaga District communities,signed
321,Rahinatu Dauda,F,Community Health Officer,Karaga District communities,Karaga District communities,signed
322,Yakubu Alhassan,F,Disease Control Officer,Karaga District communities,Karaga District communities,signed
323,Mariam Alhassan,F,Enrolled Nurse,Karaga District communities,Karaga District communities,signed
324,Hawa Alhassan,F,Disease Control Officer,Karaga District communities,Karaga District communities,signed
325,Mohammed Wumbei,F,Community Health Officer,Karaga District communities,Karaga District communities,signed
326,Abu Iddrisu,F,Medical Assistant,Karaga District communities,Karaga District communities,signed
327,Fati Fuseini,F,Community Health Officer,Karaga District communities,Karaga District communities,signed
328,Issah Seidu,F,Disease Control Officer,Karaga District communities,Karaga District communities,signed
329,Ayishetu Issahaku,F,Midwife,Karaga District communities,Karaga District communities,signed
330,Ayishetu Issahaku,F,Medical Assistant,Karaga District communities,Karaga District communities,signed
331,Mariam Tia,F,Disease Control Officer,Karaga District communities,Karaga District communities,signed
332,Fuseini Seidu,F,Disease Control Officer,Karaga District communities,Karaga District communities,signed
333,Hawa Seidu,F,Enrolled Nurse,Karaga District communities,Karaga District communities,signed
334,Salamatu Issahaku,F,Community Health Officer,Karaga District communities,Karaga District communities,signed
335,Rahinatu Mahama,F,Enrolled Nurse,Karaga District communities,Karaga District communities,signed
336,Memunatu Iddrisu,F,Disease Control Officer,Karaga District communities,Karaga District communities,signed
337,Issah Issahaku,F,Disease Control Officer,Karaga District communities,Karaga District communities,signed
338,Rahinatu Wumbei,F,Enrolled Nurse,Karaga District communities,Karaga District communities,signed
339,Abu Dauda,F,Community Health Officer,Karaga District communities,Karaga District communities,signed
340,Baba Mahama,F,Enrolled Nurse,Karaga District communities,Karaga District communities,signed
341,Abdul Yakubu,F,Community Health Officer,Karaga District communities,Karaga District communities,signed
342,Iddrisu Dauda,F,Midwife,Karaga District communities,Karaga District communities,signed
343,Ayishetu Issahaku,F,Enrolled Nurse,Karaga District communities,Karaga District communities,signed
344,Abu Yakubu,F,Medical Assistant,Karaga District communities,Karaga District communities,signed
345,Hawa Mahama,F,Community Health Officer,Karaga District communities,Karaga District communities,signed
346,Alhassan Fuseini,F,Medical Assistant,Karaga District communities,Karaga District communities,signed
347,Ayishetu Seidu,F,Midwife,Karaga District communities,Karaga District communities,signed
348,Fuseini Alhassan,F,Enrolled Nurse,Karaga District communities,Karaga District communities,signed
349,Memunatu Dauda,F,Enrolled Nurse,Karaga District communities,Karaga District communities,signed
350,Sanatu Yakubu,F,Medical Assistant,Karaga District communities,Karaga District communities,signed
351,Fuseini Alhassan,F,Disease Control Officer,Karaga District communities,Karaga District communities,signed
352,Baba Issahaku,F,Disease Control Officer,Karaga District communities,Karaga District communities,signed
353,Sanatu Dauda,F,Community Health Officer,Karaga District communities,Karaga District communities,signed
354,Mohammed Alhassan,F,Disease Control Officer,Karaga District communities,Karaga District communities,signed
355,Ayishetu Fuseini,F,Midwife,Karaga District communities,Karaga District communities,signed
356,Alhassan Wumbei,F,Midwife,Karaga District communities,Karaga District communities,signed
357,Alhassan Alhassan,F,Disease Control Officer,Karaga District communities,Karaga District communities,signed
358,Rahinatu Issahaku,F,Midwife,Karaga District communities,Karaga District communities,signed
359,Mohammed Abdulai,F,Medical Assistant,Karaga District communities,Karaga District communities,signed
360,Issah Abdulai,F,Enrolled Nurse,Karaga District communities,Karaga District communities,signed
361,Issah Tia,F,Enrolled Nurse,Karaga District communities,Karaga District communities,signed
362,Zuweira Napari,F,Medical Assistant,Karaga District communities,Karaga District communities,signed
363,Abu Tia,F,Disease Control Officer,Karaga District communities,Karaga District communities,signed
364,Issah Yakubu,F,Community Health Officer,Karaga District communities,Karaga District communities,signed
365,Sulemana Napari,F,Midwife,Karaga District communities,Karaga District communities,signed
366,Salamatu Tia,F,Enrolled Nurse,Karaga District communities,Karaga District communities,signed
367,Hawa Yakubu,F,Community Health Officer,Karaga District communities,Karaga District communities,signed
368,Memunatu Issahaku,F,Community Health Officer,Karaga District communities,Karaga District communities,signed
369,Salamatu Dauda,F,Community Health Officer,Karaga District communities,Karaga District communities,signed
370,Alhassan Fuseini,F,Medical Assistant,Karaga District communities,Karaga District communities,signed
371,Sanatu Napari,F,Community Health Officer,Karaga District communities,Karaga District communities,signed
372,Salamatu Issahaku,F,Enrolled Nurse,Karaga District communities,Karaga District communities,signed
373,Hawa Wumbei,F,Community Health Officer,Karaga District communities,Karaga District communities,signed
374,Iddrisu Wumbei,F,Enrolled Nurse,Karaga District communities,Karaga District communities,signed
375,Adiza Yakubu,F,Midwife,Karaga District communities,Karaga District communities,signed
376,Salamatu Iddrisu,F,Enrolled Nurse,Karaga District communities,Karaga District communities,signed
377,Hawa Issahaku,F,Medical Assistant,Karaga District communities,Karaga District communities,signed
378,Mohammed Abdulai,F,Medical Assistant,Karaga District communities,Karaga District communities,signed
379,Abdul Tia,F,Midwife,Karaga District communities,Karaga District communities,signed
380,Hawa Mahama,F,Midwife,Karaga District communities,Karaga District communities,signed
381,Fuseini Iddrisu,F,Enrolled Nurse,Karaga District communities,Karaga District communities,signed
382,Rahinatu Dauda,F,Midwife,Karaga District communities,Karaga District communities,signed
383,Adiza Abdulai,F,Medical Assistant,Karaga District communities,Karaga District communities,signed
384,Mariam Tia,F,Disease Control Officer,Karaga District communities,Karaga District communities,signed
385,Iddrisu Dauda,F,Medical Assistant,Karaga District communities,Karaga District communities,signed
386,Yakubu Issahaku,F,Disease Control Officer,Karaga District communities,Karaga District communities,signed
387,Abdul Tia,F,Enrolled Nurse,Karaga District communities,Karaga District communities,signed
388,Mohammed Iddrisu,F,Medical Assistant,Karaga District communities,Karaga District communities,signed
389,Ayishetu Abdulai,F,Disease Control Officer,Karaga District communities,Karaga District communities,signed
390,Sanatu Iddrisu,F,Medical Assistant,Karaga District communities,Karaga District communities,signed
391,Memunatu Issahaku,F,Disease Control Officer,Karaga District communities,Karaga District communities,signed
392,Fuseini Dauda,F,Enrolled Nurse,Karaga District communities,Karaga District communities,signed
393,Abdul Seidu,F,Midwife,Karaga District communities,Karaga District communities,signed
394,Mariam Issahaku,F,Midwife,Karaga District communities,Karaga District communities,signed
395,Fati Iddrisu,F,Disease Control Officer,Karaga District communities,Karaga District communities,signed
396,Yakubu Seidu,F,Community Health Officer,Karaga District communities,Karaga District communities,signed
397,Fuseini Abdulai,F,Community Health Officer,Karaga District communities,Karaga District communities,signed
398,Abu Fuseini,F,Disease Control Officer,Karaga District communities,Karaga District communities,signed
399,Iddrisu Mahama,F,Medical Assistant,Karaga District communities,Karaga District communities,signed
400,Mohammed Issahaku,F,Enrolled Nurse,Karaga District communities,Karaga District communities,signed
401,Alhassan Wumbei,F,Community Health Officer,Karaga District communities,Karaga District communities,signed
402,Abdul Dauda,F,Community Health Officer,Karaga District communities,Karaga District communities,signed
403,Mariam Fuseini,F,Disease Control Officer,Karaga District communities,Karaga District communities,signed
404,Ayishetu Dauda,F,Community Health Officer,Karaga District communities,Karaga District communities,signed
405,Alhassan Seidu,F,Enrolled Nurse,Karaga District communities,Karaga District communities,signed
406,Mohammed Seidu,F,Enrolled Nurse,Karaga District communities,Karaga District communities,signed
407,Memunatu Iddrisu,F,Community Health Officer,Karaga District communities,Karaga District communities,signed
408,Abdul Yakubu,F,Enrolled Nurse,Karaga District communities,Karaga District communities,signed
409,Alhassan Yakubu,F,Disease Control Officer,Karaga District communities,Karaga District communities,signed
410,Issah Alhassan,F,Midwife,Karaga District communities,Karaga District communities,signed
411,Issah Seidu,F,Medical Assistant,Karaga District communities,Karaga District communities,signed
412,Baba Wumbei,F,Medical Assistant,Karaga District communities,Karaga District communities,signed
413,Yakubu Iddrisu,F,Community Health Officer,Karaga District communities,Karaga District communities,signed
414,Rahinatu Abdulai,F,Disease Control Officer,Karaga District communities,Karaga District communities,signed
415,Issah Abdulai,F,Community Health Officer,Karaga District communities,Karaga District communities,signed
416,Issah Iddrisu,F,Disease Control Officer,Karaga District communities,Karaga District communities,signed
417,Sulemana Mahama,F,Medical Assistant,Karaga District communities,Karaga District communities,signed
418,Fuseini Seidu,F,Midwife,Karaga District communities,Karaga District communities,signed
419,Abu Iddrisu,F,Medical Assistant,Karaga District communities,Karaga District communities,signed
420,Ayishetu Iddrisu,F,Community Health Officer,Karaga District communities,Karaga District communities,signed
421,Hawa Mahama,F,Enrolled Nurse,Karaga District communities,Karaga District communities,signed
422,Yakubu Tia,F,Midwife,Karaga District communities,Karaga District communities,signed
423,Fuseini Issahaku,F,Enrolled Nurse,Karaga District communities,Karaga District communities,signed
424,Memunatu Seidu,F,Enrolled Nurse,Karaga District communities,Karaga District communities,signed
425,Yakubu Seidu,F,Midwife,Karaga District communities,Karaga District communities,signed
426,Issah Abdulai,F,Midwife,Karaga District communities,Karaga District communities,signed
427,Adiza Issahaku,F,Medical Assistant,Karaga District communities,Karaga District communities,signed
428,Issah Napari,F,Enrolled Nurse,Karaga District communities,Karaga District communities,signed
429,Sanatu Mahama,F,Community Health Officer,Karaga District communities,Karaga District communities,signed
430,Abdul Wumbei,F,Medical Assistant,Karaga District communities,Karaga District communities,signed
431,Yakubu Alhassan,F,Midwife,Karaga District communities,Karaga District communities,signed
432,Hawa Fuseini,F,Medical Assistant,Karaga District communities,Karaga District communities,signed
433,Abu Wumbei,F,Enrolled Nurse,Karaga District communities,Karaga District communities,signed
434,Iddrisu Wumbei,F,Medical Assistant,Karaga District communities,Karaga District communities,signed
435,Iddrisu Wumbei,F,Enrolled Nurse,Karaga District communities,Karaga District communities,signed
436,Yakubu Dauda,F,Midwife,Karaga District communities,Karaga District communities,signed
437,Sanatu Iddrisu,F,Medical Assistant,Karaga District communities,Karaga District communities,signed
438,Fati Napari,F,Enrolled Nurse,Karaga District communities,Karaga District communities,signed
439,Fati Alhassan,F,Midwife,Karaga District communities,Karaga District communities,signed
440,Hawa Wumbei,F,Disease Control Officer,Karaga District communities,Karaga District communities,signed
441,Memunatu Tia,F,Medical Assistant,Karaga District communities,Karaga District communities,signed
442,Zuweira Iddrisu,F,Enrolled Nurse,Karaga District communities,Karaga District communities,signed
443,Yakubu Napari,F,Medical Assistant,Karaga District communities,Karaga District communities,signed
444,Abu Dauda,F,Medical Assistant,Karaga District communities,Karaga District communities,signed
445,Zuweira Yakubu,F,Community Health Officer,Karaga District communities,Karaga District communities,signed
446,Baba Issahaku,F,Midwife,Karaga District communities,Karaga District communities,signed
447,Alhassan Abdulai,F,Disease Control Officer,Karaga District communities,Karaga District communities,signed
448,Adiza Wumbei,F,Disease Control Officer,Karaga District communities,Karaga District communities,signed
449,Sulemana Wumbei,F,Midwife,Karaga District communities,Karaga District communities,signed
450,Zuweira Wumbei,F,Midwife,Karaga District communities,Karaga District communities,signed
451,Sanatu Dauda,F,Medical Assistant,Karaga District communities,Karaga District communities,signed
452,Sanatu Wumbei,F,Disease Control Officer,Karaga District communities,Karaga District communities,signed
453,Abdul Fuseini,F,Community Health Officer,Karaga District communities,Karaga District communities,signed
454,Abu Yakubu,F,Enrolled Nurse,Karaga District communities,Karaga District communities,signed
455,Iddrisu Wumbei,F,Community Health Officer,Karaga District communities,Karaga District communities,signed
456,Salamatu Dauda,F,Midwife,Karaga District communities,Karaga District communities,signed
457,Rahinatu Issahaku,F,Medical Assistant,Karaga District communities,Karaga District communities,signed
458,Salamatu Issahaku,F,Midwife,Karaga District communities,Karaga District communities,signed
459,Mariam Tia,F,Midwife,Karaga District communities,Karaga District communities,signed
460,Mariam Alhassan,F,Medical Assistant,Karaga District communities,Karaga District communities,signed
461,Issah Napari,F,Medical Assistant,Karaga District communities,Karaga District communities,signed
462,Mariam Mahama,F,Medical Assistant,Karaga District communities,Karaga District communities,signed
463,Fuseini Alhassan,F,Midwife,Karaga District communities,Karaga District communities,signed
464,Fuseini Napari,F,Enrolled Nurse,Karaga District communities,Karaga District communities,signed
465,Baba Seidu,F,Disease Control Officer,Karaga District communities,Karaga District communities,signed
466,Rahinatu Abdulai,F,Midwife,Karaga District communities,Karaga District communities,signed
467,Zuweira Mahama,F,Disease Control Officer,Karaga District communities,Karaga District communities,signed
468,Sulemana Alhassan,F,Community Health Officer,Karaga District communities,Karaga District communities,signed
469,Adiza Fuseini,F,Disease Control Officer,Karaga District communities,Karaga District communities,signed
470,Hawa Iddrisu,F,Enrolled Nurse,Karaga District communities,Karaga District communities,signed
471,Memunatu Issahaku,F,Community Health Officer,Karaga District communities,Karaga District communities,signed
472,Mohammed Iddrisu,F,Disease Control Officer,Karaga District communities,Karaga District communities,signed
473,Fuseini Fuseini,F,Medical Assistant,Karaga District communities,Karaga District communities,signed
474,Abu Mahama,F,Midwife,Karaga District communities,Karaga District communities,signed
475,Sulemana Iddrisu,F,Community Health Officer,Karaga District communities,Karaga District communities,signed
476,Memunatu Abdulai,F,Disease Control Officer,Karaga District communities,Karaga District communities,signed
477,Mariam Wumbei,F,Community Health Officer,Karaga District communities,Karaga District communities,signed
478,Rahinatu Iddrisu,F,Medical Assistant,Karaga District communities,Karaga District communities,signed
479,Rahinatu Wumbei,F,Disease Control Officer,Karaga District communities,Karaga District communities,signed
480,Fuseini Tia,F,Midwife,Karaga District communities,Karaga District communities,signed
481,Ayishetu Dauda,F,Community Health Officer,Karaga District communities,Karaga District communities,signed
482,Sulemana Iddrisu,F,Disease Control Officer,Karaga District communities,Karaga District communities,signed
483,Fati Tia,F,Medical Assistant,Karaga District communities,Karaga District communities,signed
484,Abu Yakubu,F,Community Health Officer,Karaga District communities,Karaga District communities,signed
485,Iddrisu Mahama,F,Midwife,Karaga District communities,Karaga District communities,signed
486,Sulemana Tia,F,Midwife,Karaga District communities,Karaga District communities,signed
487,Sanatu Issahaku,F,Disease Control Officer,Karaga District communities,Karaga District communities,signed
488,Adiza Abdulai,F,Enrolled Nurse,Karaga District communities,Karaga District communities,signed
489,Rahinatu Iddrisu,F,Enrolled Nurse,Karaga District communities,Karaga District communities,signed
490,Rahinatu Issahaku,F,Enrolled Nurse,Karaga District communities,Karaga District communities,signed
491,Zuweira Alhassan,F,Midwife,Karaga District communities,Karaga District communities,signed
492,Abu Alhassan,F,Community Health Officer,Karaga District communities,Karaga District communities,signed
493,Abdul Seidu,F,Enrolled Nurse,Karaga District communities,Karaga District communities,signed
494,Hawa Iddrisu,F,Disease Control Officer,Karaga District communities,Karaga District communities,signed
495,Zuweira Fuseini,F,Medical Assistant,Karaga District communities,Karaga District communities,signed
496,Zuweira Dauda,F,Enrolled Nurse,Karaga District communities,Karaga District communities,signed
497,Iddrisu Iddrisu,F,Disease Control Officer,Karaga District communities,Karaga District communities,signed
498,Fuseini Issahaku,F,Disease Control Officer,Karaga District communities,Karaga District communities,signed
499,Memunatu Alhassan,F,Medical Assistant,Karaga District communities,Karaga District communities,signed
500,Adiza Alhassan,F,Disease Control Officer,Karaga District communities,Karaga District communities,signed
501,Zuweira Tia,F,Medical Assistant,Karaga District communities,Karaga District communities,signed
502,Salamatu Dauda,F,Community Health Officer,Karaga District communities,Karaga District communities,signed
503,Mariam Fuseini,F,Medical Assistant,Karaga District communities,Karaga District communities,signed
504,Baba Napari,F,Community Health Officer,Karaga District communities,Karaga District communities,signed
505,Fati Yakubu,F,Community Health Officer,Karaga District communities,Karaga District communities,signed
506,Ayishetu Iddrisu,F,Medical Assistant,Karaga District communities,Karaga District communities,signed
507,Abdul Alhassan,F,Community Health Officer,Karaga District communities,Karaga District communities,signed
508,Salamatu Iddrisu,F,Medical Assistant,Karaga District communities,Karaga District communities,signed
509,Memunatu Napari,F,Community Health Officer,Karaga District communities,Karaga District communities,signed
510,Ayishetu Tia,F,Medical Assistant,Karaga District communities,Karaga District communities,signed
511,Rahinatu Yakubu,F,Disease Control Officer,Karaga District communities,Karaga District communities,signed
512,Alhassan Alhassan,F,Medical Assistant,Karaga District communities,Karaga District communities,signed
513,Adiza Alhassan,F,Midwife,Karaga District communities,Karaga District communities,signed
514,Baba Fuseini,F,Midwife,Karaga District communities,Karaga District communities,signed
515,Issah Mahama,F,Community Health Officer,Karaga District communities,Karaga District communities,signed
516,Sanatu Iddrisu,F,Medical Assistant,Karaga District communities,Karaga District communities,signed
517,Hawa Abdulai,F,Midwife,Karaga District communities,Karaga District communities,signed
518,Salamatu Mahama,F,Medical Assistant,Karaga District communities,Karaga District communities,signed
519,Zuweira Fuseini,F,Medical Assistant,Karaga District communities,Karaga District communities,signed
520,Baba Wumbei,F,Midwife,Karaga District communities,Karaga District communities,signed
521,Memunatu Abdulai,F,Medical Assistant,Karaga District communities,Karaga District communities,signed
522,Zuweira Tia,F,Disease Control Officer,Karaga District communities,Karaga District communities,signed
523,Mohammed Alhassan,F,Disease Control Officer,Karaga District communities,Karaga District communities,signed
524,Rahinatu Abdulai,F,Medical Assistant,Karaga District communities,Karaga District communities,signed
525,Baba Wumbei,F,Disease Control Officer,Karaga District communities,Karaga District communities,signed
526,Abdul Fuseini,F,Community Health Officer,Karaga District communities,Karaga District communities,signed
527,Mariam Fuseini,F,Community Health Officer,Karaga District communities,Karaga District communities,signed
528,Baba Seidu,F,Midwife,Karaga District communities,Karaga District communities,signed
529,Sulemana Fuseini,F,Medical Assistant,Karaga District communities,Karaga District communities,signed
530,Iddrisu Wumbei,F,Midwife,Karaga District communities,Karaga District communities,signed
531,Iddrisu Tia,F,Community Health Officer,Karaga District communities,Karaga District communities,signed
532,Salamatu Tia,F,Community Health Officer,Karaga District communities,Karaga District communities,signed
533,Alhassan Alhassan,F,Disease Control Officer,Karaga District communities,Karaga District communities,signed
534,Memunatu Yakubu,F,Community Health Officer,Karaga District communities,Karaga District communities,signed
535,Ayishetu Tia,F,Disease Control Officer,Karaga District communities,Karaga District communities,signed
536,Issah Seidu,F,Medical Assistant,Karaga District communities,Karaga District communities,signed
537,Abdul Abdulai,F,Medical Assistant,Karaga District communities,Karaga District communities,signed
538,Iddrisu Dauda,F,Community Health Officer,Karaga District communities,Karaga District communities,signed
539,Adiza Seidu,F,Community Health Officer,Karaga District communities,Karaga District communities,signed
540,Sanatu Mahama,F,Midwife,Karaga District communities,Karaga District communities,signed
541,Sulemana Seidu,F,Disease Control Officer,Karaga District communities,Karaga District communities,signed
542,Alhassan Napari,F,Enrolled Nurse,Karaga District communities,Karaga District communities,signed
543,Baba Alhassan,F,Enrolled Nurse,Karaga District communities,Karaga District communities,signed
544,Salamatu Seidu,F,Midwife,Karaga District communities,Karaga District communities,signed
545,Memunatu Iddrisu,F,Disease Control Officer,Karaga District communities,Karaga District communities,signed
546,Salamatu Napari,F,Midwife,Karaga District communities,Karaga District communities,signed
547,Sulemana Napari,F,Disease Control Officer,Karaga District communities,Karaga District communities,signed
548,Fati Dauda,F,Medical Assistant,Karaga District communities,Karaga District communities,signed
549,Ayishetu Fuseini,F,Disease Control Officer,Karaga District communities,Karaga District communities,signed
550,Issah Alhassan,F,Community Health Officer,Karaga District communities,Karaga District communities,signed
551,Mohammed Yakubu,F,Midwife,Karaga District communities,Karaga District communities,signed
552,Yakubu Abdulai,F,Community Health Officer,Karaga District communities,Karaga District communities,signed
553,Salamatu Napari,F,Enrolled Nurse,Karaga District communities,Karaga District communities,signed
554,Yakubu Dauda,F,Medical Assistant,Karaga District communities,Karaga District communities,signed
555,Issah Yakubu,F,Community Health Officer,Karaga District communities,Karaga District communities,signed
556,Fati Dauda,F,Enrolled Nurse,Karaga District communities,Karaga District communities,signed
557,Sulemana Seidu,F,Enrolled Nurse,Karaga District communities,Karaga District communities,signed
558,Salamatu Seidu,F,Community Health Officer,Karaga District communities,Karaga District communities,signed
559,Alhassan Alhassan,F,Midwife,Karaga District communities,Karaga District communities,signed
560,Adiza Abdulai,F,Disease Control Officer,Karaga District communities,Karaga District communities,signed
561,Rahinatu Abdulai,F,Disease Control Officer,Karaga District communities,Karaga District communities,signed
562,Sanatu Napari,F,Medical Assistant,Karaga District communities,Karaga District communities,signed
563,Sulemana Fuseini,F,Community Health Officer,Karaga District communities,Karaga District communities,signed
564,Abu Issahaku,F,Disease Control Officer,Karaga District communities,Karaga District communities,signed
565,Fati Issahaku,F,Enrolled Nurse,Karaga District communities,Karaga District communities,signed
566,Fati Tia,F,Medical Assistant,Karaga District communities,Karaga District communities,signed
567,Fati Mahama,F,Enrolled Nurse,Karaga District communities,Karaga District communities,signed
568,Memunatu Dauda,F,Medical Assistant,Karaga District communities,Karaga District communities,signed
569,Abdul Wumbei,F,Enrolled Nurse,Karaga District communities,Karaga District communities,signed
570,Mariam Alhassan,F,Community Health Officer,Karaga District communities,Karaga District communities,signed
571,Salamatu Mahama,F,Midwife,Karaga District communities,Karaga District communities,signed
572,Abdul Dauda,F,Midwife,Karaga District communities,Karaga District communities,signed
573,Alhassan Abdulai,F,Midwife,Karaga District communities,Karaga District communities,signed
574,Memunatu Yakubu,F,Community Health Officer,Karaga District communities,Karaga District communities,signed
575,Fuseini Yakubu,F,Midwife,Karaga District communities,Karaga District communities,signed
576,Alhassan Tia,F,Enrolled Nurse,Karaga District communities,Karaga District communities,signed
577,Fuseini Mahama,F,Disease Control Officer,Karaga District communities,Karaga District communities,signed
578,Ayishetu Abdulai,F,Midwife,Karaga District communities,Karaga District communities,signed
579,Baba Fuseini,F,Midwife,Karaga District communities,Karaga District communities,signed
580,Yakubu Yakubu,F,Midwife,Karaga District communities,Karaga District communities,signed
581,Iddrisu Wumbei,F,Medical Assistant,Karaga District communities,Karaga District communities,signed
582,Fati Alhassan,F,Enrolled Nurse,Karaga District communities,Karaga District communities,signed
583,Alhassan Iddrisu,F,Enrolled Nurse,Karaga District communities,Karaga District communities,signed
584,Iddrisu Mahama,F,Enrolled Nurse,Karaga District communities,Karaga District communities,signed
585,Issah Dauda,F,Midwife,Karaga District communities,Karaga District communities,signed
586,Memunatu Tia,F,Community Health Officer,Karaga District communities,Karaga District communities,signed
587,Memunatu Mahama,F,Disease Control Officer,Karaga District communities,Karaga District communities,signed
588,Adiza Wumbei,F,Medical Assistant,Karaga District communities,Karaga District communities,signed
589,Hawa Issahaku,F,Midwife,Karaga District communities,Karaga District communities,signed
590,Adiza Tia,F,Medical Assistant,Karaga District communities,Karaga District communities,signed
591,Zuweira Issahaku,F,Medical Assistant,Karaga District communities,Karaga District communities,signed
592,Adiza Iddrisu,F,Community Health Officer,Karaga District communities,Karaga District communities,signed
593,Hawa Seidu,F,Community Health Officer,Karaga District communities,Karaga District communities,signed
594,Abu Fuseini,F,Disease Control Officer,Karaga District communities,Karaga District communities,signed
595,Sulemana Wumbei,F,Community Health Officer,Karaga District communities,Karaga District communities,signed
596,Alhassan Mahama,F,Disease Control Officer,Karaga District communities,Karaga District communities,signed
597,Memunatu Iddrisu,F,Disease Control Officer,Karaga District communities,Karaga District communities,signed
598,Adiza Abdulai,F,Midwife,Karaga District communities,Karaga District communities,signed
599,Fati Mahama,F,Medical Assistant,Karaga District communities,Karaga District communities,signed
600,Salamatu Iddrisu,F,Community Health Officer,Karaga District communities,Karaga District communities,signed
601,Ayishetu Seidu,F,Medical Assistant,Karaga District communities,Karaga District communities,signed
602,Iddrisu Tia,F,Community Health Officer,Karaga District communities,Karaga District communities,signed
603,Memunatu Dauda,F,Community Health Officer,Karaga District communities,Karaga District communities,signed
604,Sanatu Issahaku,F,Midwife,Karaga District communities,Karaga District communities,signed
605,Sulemana Napari,F,Medical Assistant,Karaga District communities,Karaga District communities,signed
606,Abdul Mahama,F,Community Health Officer,Karaga District communities,Karaga District communities,signed
607,Alhassan Tia,F,Midwife,Karaga District communities,Karaga District communities,signed
608,Issah Yakubu,F,Community Health Officer,Karaga District communities,Karaga District communities,signed
609,Fuseini Abdulai,F,Medical Assistant,Karaga District communities,Karaga District communities,signed
610,Issah Seidu,F,Community Health Officer,Karaga District communities,Karaga District communities,signed
611,Memunatu Seidu,F,Midwife,Karaga District communities,Karaga District communities,signed
612,Issah Wumbei,F,Midwife,Karaga District communities,Karaga District communities,signed
613,Ayishetu Dauda,F,Disease Control Officer,Karaga District communities,Karaga District communities,signed
614,Salamatu Mahama,F,Community Health Officer,Karaga District communities,Karaga District communities,signed
615,Issah Mahama,F,Enrolled Nurse,Karaga District communities,Karaga District communities,signed
616,Fati Abdulai,F,Enrolled Nurse,Karaga District communities,Karaga District communities,signed
617,Rahinatu Iddrisu,F,Midwife,Karaga District communities,Karaga District communities,signed
618,Baba Abdulai,F,Medical Assistant,Karaga District communities,Karaga District communities,signed
619,Ayishetu Mahama,F,Community Health Officer,Karaga District communities,Karaga District communities,signed
620,Yakubu Napari,F,Enrolled Nurse,Karaga District communities,Karaga District communities,signed
621,Issah Iddrisu,F,Medical Assistant,Karaga District communities,Karaga District communities,signed
622,Mohammed Fuseini,F,Midwife,Karaga District communities,Karaga District communities,signed
623,Abu Tia,F,Enrolled Nurse,Karaga District communities,Karaga District communities,signed
624,Abu Alhassan,F,Medical Assistant,Karaga District communities,Karaga District communities,signed
625,Salamatu Mahama,F,Midwife,Karaga District communities,Karaga District communities,signed
626,Issah Yakubu,F,Disease Control Officer,Karaga District communities,Karaga District communities,signed
627,Ayishetu Fuseini,F,Enrolled Nurse,Karaga District communities,Karaga District communities,signed
628,Rahinatu Dauda,F,Community Health Officer,Karaga District communities,Karaga District communities,signed
629,Abdul Abdulai,F,Community Health Officer,Karaga District communities,Karaga District communities,signed
630,Baba Wumbei,F,Medical Assistant,Karaga District communities,Karaga District communities,signed
631,Alhassan Alhassan,F,Disease Control Officer,Karaga District communities,Karaga District communities,signed
632,Alhassan Mahama,F,Disease Control Officer,Karaga District communities,Karaga District communities,signed
633,Issah Iddrisu,F,Enrolled Nurse,Karaga District communities,Karaga District communities,signed
634,Sulemana Seidu,F,Community Health Officer,Karaga District communities,Karaga District communities,signed
635,Abdul Napari,F,Midwife,Karaga District communities,Karaga District communities,signed
636,Ayishetu Wumbei,F,Medical Assistant,Karaga District communities,Karaga District communities,signed
637,Sanatu Tia,F,Community Health Officer,Karaga District communities,Karaga District communities,signed
638,Salamatu Abdulai,F,Medical Assistant,Karaga District communities,Karaga District communities,signed
639,Mariam Napari,F,Midwife,Karaga District communities,Karaga District communities,signed
640,Zuweira Alhassan,F,Medical Assistant,Karaga District communities,Karaga District communities,signed
641,Yakubu Seidu,F,Disease Control Officer,Karaga District communities,Karaga District communities,signed
642,Fuseini Seidu,F,Community Health Officer,Karaga District communities,Karaga District communities,signed
643,Hawa Mahama,F,Midwife,Karaga District communities,Karaga District communities,signed
644,Ayishetu Issahaku,F,Community Health Officer,Karaga District communities,Karaga District communities,signed
645,Alhassan Fuseini,F,Medical Assistant,Karaga District communities,Karaga District communities,signed
646,Abdul Fuseini,F,Disease Control Officer,Karaga District communities,Karaga District communities,signed
647,Sanatu Fuseini,F,Medical Assistant,Karaga District communities,Karaga District communities,signed
648,Iddrisu Seidu,F,Midwife,Karaga District communities,Karaga District communities,signed
649,Salamatu Alhassan,F,Community Health Officer,Karaga District communities,Karaga District communities,signed
650,Sanatu Fuseini,F,Medical Assistant,Karaga District communities,Karaga District communities,signed
651,Mohammed Issahaku,F,Disease Control Officer,Karaga District communities,Karaga District communities,signed
652,Fuseini Tia,F,Enrolled Nurse,Karaga District communities,Karaga District communities,signed
653,Sanatu Alhassan,F,Disease Control Officer,Karaga District communities,Karaga District communities,signed
654,Zuweira Iddrisu,F,Midwife,Karaga District communities,Karaga District communities,signed
655,Salamatu Issahaku,F,Community Health Officer,Karaga District communities,Karaga District communities,signed
656,Sulemana Dauda,F,Midwife,Karaga District communities,Karaga District communities,signed
657,Issah Wumbei,F,Community Health Officer,Karaga District communities,Karaga District communities,signed
658,Iddrisu Napari,F,Midwife,Karaga District communities,Karaga District communities,signed
659,Mohammed Mahama,F,Disease Control Officer,Karaga District communities,Karaga District communities,signed
660,Alhassan Napari,F,Community Health Officer,Karaga District communities,Karaga District communities,signed
661,Rahinatu Abdulai,F,Medical Assistant,Karaga District communities,Karaga District communities,signed
662,Fati Seidu,F,Medical Assistant,Karaga District communities,Karaga District communities,signed
663,Mohammed Iddrisu,F,Medical Assistant,Karaga District communities,Karaga District communities,signed
664,Baba Mahama,F,Enrolled Nurse,Karaga District communities,Karaga District communities,signed
665,Adiza Tia,F,Enrolled Nurse,Karaga District communities,Karaga District communities,signed
666,Salamatu Yakubu,F,Community Health Officer,Karaga District communities,Karaga District communities,signed
667,Zuweira Mahama,F,Community Health Officer,Karaga District communities,Karaga District communities,signed
668,Zuweira Abdulai,F,Community Health Officer,Karaga District communities,Karaga District communities,signed
669,Memunatu Fuseini,F,Medical Assistant,Karaga District communities,Karaga District communities,signed
670,Baba Seidu,F,Community Health Officer,Karaga District communities,Karaga District communities,signed
671,Fuseini Abdulai,F,Disease Control Officer,Karaga District communities,Karaga District communities,signed
672,Mariam Dauda,F,Enrolled Nurse,Karaga District communities,Karaga District communities,signed
673,Ayishetu Fuseini,F,Community Health Officer,Karaga District communities,Karaga District communities,signed
674,Fati Seidu,F,Disease Control Officer,Karaga District communities,Karaga District communities,signed
675,Salamatu Abdulai,F,Medical Assistant,Karaga District communities,Karaga District communities,signed
676,Ayishetu Napari,F,Medical Assistant,Karaga District communities,Karaga District communities,signed
677,Salamatu Issahaku,F,Community Health Officer,Karaga District communities,Karaga District communities,signed
678,Fati Wumbei,F,Midwife,Karaga District communities,Karaga District communities,signed
679,Memunatu Issahaku,F,Medical Assistant,Karaga District communities,Karaga District communities,signed
680,Adiza Tia,F,Enrolled Nurse,Karaga District communities,Karaga District communities,signed
681,Hawa Yakubu,F,Midwife,Karaga District communities,Karaga District communities,signed
682,Sulemana Dauda,F,Community Health Officer,Karaga District communities,Karaga District communities,signed
683,Zuweira Alhassan,F,Enrolled Nurse,Karaga District communities,Karaga District communities,signed
684,Zuweira Tia,F,Community Health Officer,Karaga District communities,Karaga District communities,signed
685,Salamatu Napari,F,Midwife,Karaga District communities,Karaga District communities,signed
686,Alhassan Wumbei,F,Enrolled Nurse,Karaga District communities,Karaga District communities,signed
687,Hawa Issahaku,F,Enrolled Nurse,Karaga District communities,Karaga District communities,signed
688,Yakubu Seidu,F,Disease Control Officer,Karaga District communities,Karaga District communities,signed
689,Memunatu Issahaku,F,Disease Control Officer,Karaga District communities,Karaga District communities,signed
690,Fati Fuseini,F,Midwife,Karaga District communities,Karaga District communities,signed
691,Iddrisu Wumbei,F,Community Health Officer,Karaga District communities,Karaga District communities,signed
692,Salamatu Dauda,F,Community Health Officer,Karaga District communities,Karaga District communities,signed
693,Baba Dauda,F,Community Health Officer,Karaga District communities,Karaga District communities,signed
694,Memunatu Fuseini,F,Enrolled Nurse,Karaga District communities,Karaga District communities,signed
695,Abdul Fuseini,F,Midwife,Karaga District communities,Karaga District communities,signed
696,Rahinatu Abdulai,F,Medical Assistant,Karaga District communities,Karaga District communities,signed
697,Iddrisu Tia,F,Midwife,Karaga District communities,Karaga District communities,signed
698,Alhassan Tia,F,Community Health Officer,Karaga District communities,Karaga District communities,signed
699,Adiza Yakubu,F,Enrolled Nurse,Karaga District communities,Karaga District communities,signed
700,Fati Iddrisu,F,Disease Control Officer,Karaga District communities,Karaga District communities,signed
701,Alhassan Abdulai,F,Midwife,Karaga District communities,Karaga District communities,signed
702,Zuweira Issahaku,F,Community Health Officer,Karaga District communities,Karaga District communities,signed
703,Adiza Mahama,F,Enrolled Nurse,Karaga District communities,Karaga District communities,signed
704,Rahinatu Seidu,F,Medical Assistant,Karaga District communities,Karaga District communities,signed
705,Zuweira Mahama,F,Disease Control Officer,Karaga District communities,Karaga District communities,signed
706,Ayishetu Wumbei,F,Midwife,Karaga District communities,Karaga District communities,signed
707,Issah Seidu,F,Enrolled Nurse,Karaga District communities,Karaga District communities,signed
708,Rahinatu Wumbei,F,Enrolled Nurse,Karaga District communities,Karaga District communities,signed
709,Abu Abdulai,F,Disease Control Officer,Karaga District communities,Karaga District communities,signed
710,Yakubu Tia,F,Enrolled Nurse,Karaga District communities,Karaga District communities,signed
711,Baba Issahaku,F,Community Health Officer,Karaga District communities,Karaga District communities,signed
712,Yakubu Mahama,F,Medical Assistant,Karaga District communities,Karaga District communities,signed
713,Baba Seidu,F,Midwife,Karaga District communities,Karaga District communities,signed
714,Sulemana Fuseini,F,Community Health Officer,Karaga District communities,Karaga District communities,signed
715,Salamatu Fuseini,F,Community Health Officer,Karaga District communities,Karaga District communities,signed
716,Abdul Tia,F,Midwife,Karaga District communities,Karaga District communities,signed
717,Abu Issahaku,F,Community Health Officer,Karaga District communities,Karaga District communities,signed
718,Adiza Fuseini,F,Enrolled Nurse,Karaga District communities,Karaga District communities,signed
719,Ayishetu Napari,F,Community Health Officer,Karaga District communities,Karaga District communities,signed
720,Abdul Abdulai,F,Medical Assistant,Karaga District communities,Karaga District communities,signed
721,Issah Wumbei,F,Community Health Officer,Karaga District communities,Karaga District communities,signed
722,Salamatu Alhassan,F,Enrolled Nurse,Karaga District communities,Karaga District communities,signed
723,Yakubu Fuseini,F,Disease Control Officer,Karaga District communities,Karaga District communities,signed
724,Zuweira Dauda,F,Disease Control Officer,Karaga District communities,Karaga District communities,signed
725,Fuseini Yakubu,F,Medical Assistant,Karaga District communities,Karaga District communities,signed
726,Fati Mahama,F,Enrolled Nurse,Karaga District communities,Karaga District communities,signed
727,Hawa Napari,F,Community Health Officer,Karaga District communities,Karaga District communities,signed
728,Zuweira Napari,F,Medical Assistant,Karaga District communities,Karaga District communities,signed
729,Mohammed Napari,F,Community Health Officer,Karaga District communities,Karaga District communities,signed
730,Sanatu Wumbei,F,Midwife,Karaga District communities,Karaga District communities,signed
731,Yakubu Iddrisu,F,Disease Control Officer,Karaga District communities,Karaga District communities,signed
732,Adiza Tia,F,Disease Control Officer,Karaga District communities,Karaga District communities,signed
733,Adiza Mahama,F,Enrolled Nurse,Karaga District communities,Karaga District communities,signed
734,Hawa Dauda,F,Medical Assistant,Karaga District communities,Karaga District communities,signed
735,Hawa Abdulai,F,Enrolled Nurse,Karaga District communities,Karaga District communities,signed
736,Sulemana Tia,F,Medical Assistant,Karaga District communities,Karaga District communities,signed
737,Issah Wumbei,F,Community Health Officer,Karaga District communities,Karaga District communities,signed
738,Issah Fuseini,F,Medical Assistant,Karaga District communities,Karaga District communities,signed
739,Issah Tia,F,Disease Control Officer,Karaga District communities,Karaga District communities,signed
740,Alhassan Alhassan,F,Community Health Officer,Karaga District communities,Karaga District communities,signed
741,Iddrisu Tia,F,Midwife,Karaga District communities,Karaga District communities,signed
742,Issah Seidu,F,Medical Assistant,Karaga District communities,Karaga District communities,signed
743,Fuseini Napari,F,Enrolled Nurse,Karaga District communities,Karaga District communities,signed
744,Adiza Fuseini,F,Medical Assistant,Karaga District communities,Karaga District communities,signed
745,Ayishetu Abdulai,F,Disease Control Officer,Karaga District communities,Karaga District communities,signed
746,Fuseini Issahaku,F,Enrolled Nurse,Karaga District communities,Karaga District communities,signed
747,Sulemana Tia,F,Community Health Officer,Karaga District communities,Karaga District communities,signed
748,Abdul Tia,F,Community Health Officer,Karaga District communities,Karaga District communities,signed
749,Hawa Dauda,F,Midwife,Karaga District communities,Karaga District communities,signed
750,Ayishetu Issahaku,F,Community Health Officer,Karaga District communities,Karaga District communities,signed
751,Hawa Wumbei,F,Disease Control Officer,Karaga District communities,Karaga District communities,signed
752,Rahinatu Dauda,F,Medical Assistant,Karaga District communities,Karaga District communities,signed
753,Issah Abdulai,F,Disease Control Officer,Karaga District communities,Karaga District communities,signed
754,Issah Yakubu,F,Enrolled Nurse,Karaga District communities,Karaga District communities,signed
755,Salamatu Mahama,F,Enrolled Nurse,Karaga District communities,Karaga District communities,signed
756,Mariam Wumbei,F,Community Health Officer,Karaga District communities,Karaga District communities,signed
757,Abdul Mahama,F,Enrolled Nurse,Karaga District communities,Karaga District communities,signed
758,Zuweira Fuseini,F,Midwife,Karaga District communities,Karaga District communities,signed
759,Alhassan Tia,F,Disease Control Officer,Karaga District communities,Karaga District communities,signed
760,Sanatu Alhassan,F,Medical Assistant,Karaga District communities,Karaga District communities,signed
761,Zuweira Napari,F,Midwife,Karaga District communities,Karaga District communities,signed
762,Baba Iddrisu,F,Community Health Officer,Karaga District communities,Karaga District communities,signed
763,Alhassan Dauda,F,Disease Control Officer,Karaga District communities,Karaga District communities,signed
764,Yakubu Yakubu,F,Community Health Officer,Karaga District communities,Karaga District communities,signed
765,Salamatu Yakubu,F,Enrolled Nurse,Karaga District communities,Karaga District communities,signed
766,Mohammed Tia,F,Enrolled Nurse,Karaga District communities,Karaga District communities,signed
767,Adiza Wumbei,F,Disease Control Officer,Karaga District communities,Karaga District communities,signed
768,Iddrisu Alhassan,F,Enrolled Nurse,Karaga District communities,Karaga District communities,signed
769,Memunatu Alhassan,F,Medical Assistant,Karaga District communities,Karaga District communities,signed
770,Sanatu Abdulai,F,Midwife,Karaga District communities,Karaga District communities,signed
771,Mariam Seidu,F,Disease Control Officer,Karaga District communities,Karaga District communities,signed
772,Adiza Mahama,F,Disease Control Officer,Karaga District communities,Karaga District communities,signed
773,Zuweira Abdulai,F,Enrolled Nurse,Karaga District communities,Karaga District communities,signed
774,Rahinatu Yakubu,F,Enrolled Nurse,Karaga District communities,Karaga District communities,signed
775,Rahinatu Fuseini,F,Midwife,Karaga District communities,Karaga District communities,signed
776,Ayishetu Yakubu,F,Medical Assistant,Karaga District communities,Karaga District communities,signed
777,Sanatu Yakubu,F,Medical Assistant,Karaga District communities,Karaga District communities,signed
778,Salamatu Mahama,F,Enrolled Nurse,Karaga District communities,Karaga District communities,signed
779,Baba Mahama,F,Midwife,Karaga District communities,Karaga District communities,signed
780,Fati Seidu,F,Midwife,Karaga District communities,Karaga District communities,signed
781,Abdul Wumbei,F,Community Health Officer,Karaga District communities,Karaga District communities,signed
782,Issah Abdulai,F,Disease Control Officer,Karaga District communities,Karaga District communities,signed
783,Abu Iddrisu,F,Midwife,Karaga District communities,Karaga District communities,signed
784,Fati Iddrisu,F,Midwife,Karaga District communities,Karaga District communities,signed
785,Sanatu Abdulai,F,Disease Control Officer,Karaga District communities,Karaga District communities,signed
786,Baba Tia,F,Community Health Officer,Karaga District communities,Karaga District communities,signed
787,Ayishetu Fuseini,F,Community Health Officer,Karaga District communities,Karaga District communities,signed
788,Zuweira Mahama,F,Community Health Officer,Karaga District communities,Karaga District communities,signed
789,Alhassan Wumbei,F,Community Health Officer,Karaga District communities,Karaga District communities,signed
790,Abdul Dauda,F,Community Health Officer,Karaga District communities,Karaga District communities,signed
791,Fati Fuseini,F,Medical Assistant,Karaga District communities,Karaga District communities,signed
792,Iddrisu Fuseini,F,Community Health Officer,Karaga District communities,Karaga District communities,signed
793,Yakubu Alhassan,F,Medical Assistant,Karaga District communities,Karaga District communities,signed
794,Abu Seidu,F,Medical Assistant,Karaga District communities,Karaga District communities,signed
795,Adiza Abdulai,F,Midwife,Karaga District communities,Karaga District communities,signed
796,Sanatu Dauda,F,Medical Assistant,Karaga District communities,Karaga District communities,signed
797,Rahinatu Abdulai,F,Midwife,Karaga District communities,Karaga District communities,signed
798,Adiza Issahaku,F,Community Health Officer,Karaga District communities,Karaga District communities,signed
799,Hawa Mahama,F,Midwife,Karaga District communities,Karaga District communities,signed
800,Abu Tia,F,Midwife,Karaga District communities,Karaga District communities,signed
801,Ayishetu Dauda,F,Community Health Officer,Karaga District communities,Karaga District communities,signed
802,Salamatu Abdulai,F,Enrolled Nurse,Karaga District communities,Karaga District communities,signed
803,Abu Dauda,F,Enrolled Nurse,Karaga District communities,Karaga District communities,signed
804,Zuweira Yakubu,F,Medical Assistant,Karaga District communities,Karaga District communities,signed
805,Zuweira Abdulai,F,Midwife,Karaga District communities,Karaga District communities,signed
806,Salamatu Napari,F,Midwife,Karaga District communities,Karaga District communities,signed
807,Yakubu Dauda,F,Enrolled Nurse,Karaga District communities,Karaga District communities,signed
808,Ayishetu Iddrisu,F,Midwife,Karaga District communities,Karaga District communities,signed
809,Sanatu Fuseini,F,Disease Control Officer,Karaga District communities,Karaga District communities,signed
810,Abu Fuseini,F,Enrolled Nurse,Karaga District communities,Karaga District communities,signed
811,Abdul Seidu,F,Disease Control Officer,Karaga District communities,Karaga District communities,signed
812,Alhassan Iddrisu,F,Medical Assistant,Karaga District communities,Karaga District communities,signed
813,Issah Napari,F,Midwife,Karaga District communities,Karaga District communities,signed
814,Mohammed Tia,F,Medical Assistant,Karaga District communities,Karaga District communities,signed
815,Abdul Mahama,F,Enrolled Nurse,Karaga District communities,Karaga District communities,signed
816,Salamatu Alhassan,F,Community Health Officer,Karaga District communities,Karaga District communities,signed
817,Sulemana Abdulai,F,Community Health Officer,Karaga District communities,Karaga District communities,signed
818,Sulemana Napari,F,Medical Assistant,Karaga District communities,Karaga District communities,signed
819,Fati Iddrisu,F,Disease Control Officer,Karaga District communities,Karaga District communities,signed
820,Salamatu Seidu,F,Community Health Officer,Karaga District communities,Karaga District communities,signed
821,Sulemana Yakubu,F,Enrolled Nurse,Karaga District communities,Karaga District communities,signed
822,Fati Tia,F,Disease Control Officer,Karaga District communities,Karaga District communities,signed
823,Abdul Napari,F,Midwife,Karaga District communities,Karaga District communities,signed
824,Hawa Napari,F,Disease Control Officer,Karaga District communities,Karaga District communities,signed
825,Zuweira Abdulai,F,Disease Control Officer,Karaga District communities,Karaga District communities,signed
826,Rahinatu Alhassan,F,Enrolled Nurse,Karaga District communities,Karaga District communities,signed
827,Fuseini Napari,F,Disease Control Officer,Karaga District communities,Karaga District communities,signed
828,Rahinatu Abdulai,F,Community Health Officer,Karaga District communities,Karaga District communities,signed
829,Iddrisu Napari,F,Community Health Officer,Karaga District communities,Karaga District communities,signed
830,Hawa Seidu,F,Enrolled Nurse,Karaga District communities,Karaga District communities,signed
831,Fuseini Iddrisu,F,Disease Control Officer,Karaga District communities,Karaga District communities,signed
832,Abdul Abdulai,F,Midwife,Karaga District communities,Karaga District communities,signed
833,Abdul Tia,F,Disease Control Officer,Karaga District communities,Karaga District communities,signed
834,Mariam Abdulai,F,Community Health Officer,Karaga District communities,Karaga District communities,signed
835,Iddrisu Iddrisu,F,Medical Assistant,Karaga District communities,Karaga District communities,signed
836,Memunatu Tia,F,Enrolled Nurse,Karaga District communities,Karaga District communities,signed
837,Alhassan Alhassan,F,Medical Assistant,Karaga District communities,Karaga District communities,signed
838,Alhassan Mahama,F,Disease Control Officer,Karaga District communities,Karaga District communities,signed
839,Iddrisu Dauda,F,Medical Assistant,Karaga District communities,Karaga District communities,signed
840,Salamatu Alhassan,F,Enrolled Nurse,Karaga District communities,Karaga District communities,signed
841,Adiza Mahama,F,Medical Assistant,Karaga District communities,Karaga District communities,signed
842,Mariam Napari,F,Medical Assistant,Karaga District communities,Karaga District communities,signed
843,Rahinatu Abdulai,F,Community Health Officer,Karaga District communities,Karaga District communities,signed
844,Rahinatu Mahama,F,Community Health Officer,Karaga District communities,Karaga District communities,signed
845,Rahinatu Iddrisu,F,Medical Assistant,Karaga District communities,Karaga District communities,signed
846,Rahinatu Wumbei,F,Community Health Officer,Karaga District communities,Karaga District communities,signed
847,Baba Alhassan,F,Community Health Officer,Karaga District communities,Karaga District communities,signed
848,Sanatu Napari,F,Disease Control Officer,Karaga District communities,Karaga District communities,signed
849,Rahinatu Abdulai,F,Disease Control Officer,Karaga District communities,Karaga District communities,signed
850,Fati Napari,F,Community Health Officer,Karaga District communities,Karaga District communities,signed
851,Hawa Mahama,F,Community Health Officer,Karaga District communities,Karaga District communities,signed
852,Fuseini Wumbei,F,Disease Control Officer,Karaga District communities,Karaga District communities,signed
853,Iddrisu Tia,F,Disease Control Officer,Karaga District communities,Karaga District communities,signed
854,Baba Alhassan,F,Midwife,Karaga District communities,Karaga District communities,signed
855,Zuweira Issahaku,F,Enrolled Nurse,Karaga District communities,Karaga District communities,signed
856,Baba Mahama,F,Enrolled Nurse,Karaga District communities,Karaga District communities,signed
857,Fuseini Alhassan,F,Disease Control Officer,Karaga District communities,Karaga District communities,signed
858,Fuseini Abdulai,F,Midwife,Karaga District communities,Karaga District communities,signed
859,Mariam Seidu,F,Community Health Officer,Karaga District communities,Karaga District communities,signed
860,Sulemana Napari,F,Enrolled Nurse,Karaga District communities,Karaga District communities,signed
861,Baba Seidu,F,Community Health Officer,Karaga District communities,Karaga District communities,signed
862,Issah Fuseini,F,Medical Assistant,Karaga District communities,Karaga District communities,signed
863,Sulemana Yakubu,F,Disease Control Officer,Karaga District communities,Karaga District communities,signed
864,Memunatu Fuseini,F,Medical Assistant,Karaga District communities,Karaga District communities,signed
865,Memunatu Alhassan,F,Disease Control Officer,Karaga District communities,Karaga District communities,signed
866,Sulemana Wumbei,F,Community Health Officer,Karaga District communities,Karaga District communities,signed
867,Mohammed Yakubu,F,Enrolled Nurse,Karaga District communities,Karaga District communities,signed
868,Ayishetu Dauda,F,Enrolled Nurse,Karaga District communities,Karaga District communities,signed
869,Mohammed Mahama,F,Midwife,Karaga District communities,Karaga District communities,signed
870,Issah Mahama,F,Midwife,Karaga District communities,Karaga District communities,signed
871,Fuseini Fuseini,F,Disease Control Officer,Karaga District communities,Karaga District communities,signed
872,Alhassan Fuseini,F,Disease Control Officer,Karaga District communities,Karaga District communities,signed
873,Abdul Alhassan,F,Community Health Officer,Karaga District communities,Karaga District communities,signed
874,Rahinatu Alhassan,F,Medical Assistant,Karaga District communities,Karaga District communities,signed
875,Adiza Yakubu,F,Medical Assistant,Karaga District communities,Karaga District communities,signed
876,Abu Tia,F,Medical Assistant,Karaga District communities,Karaga District communities,signed
877,Fuseini Dauda,F,Midwife,Karaga District communities,Karaga District communities,signed
878,Iddrisu Tia,F,Midwife,Karaga District communities,Karaga District communities,signed
879,Issah Wumbei,F,Enrolled Nurse,Karaga District communities,Karaga District communities,signed
880,Iddrisu Wumbei,F,Community Health Officer,Karaga District communities,Karaga District communities,signed
881,Iddrisu Alhassan,F,Disease Control Officer,Karaga District communities,Karaga District communities,signed
882,Abdul Napari,F,Medical Assistant,Karaga District communities,Karaga District communities,signed
883,Sanatu Wumbei,F,Enrolled Nurse,Karaga District communities,Karaga District communities,signed
884,Adiza Napari,F,Midwife,Karaga District communities,Karaga District communities,signed
885,Fati Yakubu,F,Enrolled Nurse,Karaga District communities,Karaga District communities,signed
886,Adiza Mahama,F,Medical Assistant,Karaga District communities,Karaga District communities,signed
887,Mohammed Mahama,F,Enrolled Nurse,Karaga District communities,Karaga District communities,signed
888,Alhassan Tia,F,Community Health Officer,Karaga District communities,Karaga District communities,signed
889,Adiza Yakubu,F,Midwife,Karaga District communities,Karaga District communities,signed
890,Fuseini Yakubu,F,Disease Control Officer,Karaga District communities,Karaga District communities,signed
891,Sanatu Wumbei,F,Enrolled Nurse,Karaga District communities,Karaga District communities,signed
892,Fati Tia,F,Midwife,Karaga District communities,Karaga District communities,signed
893,Hawa Tia,F,Disease Control Officer,Karaga District communities,Karaga District communities,signed
894,Hawa Issahaku,F,Disease Control Officer,Karaga District communities,Karaga District communities,signed
895,Fati Wumbei,F,Medical Assistant,Karaga District communities,Karaga District communities,signed
896,Mohammed Fuseini,F,Community Health Officer,Karaga District communities,Karaga District communities,signed
897,Fati Alhassan,F,Disease Control Officer,Karaga District communities,Karaga District communities,signed
898,Memunatu Iddrisu,F,Enrolled Nurse,Karaga District communities,Karaga District communities,signed
899,Yakubu Alhassan,F,Disease Control Officer,Karaga District communities,Karaga District communities,signed
900,Alhassan Issahaku,F,Midwife,Karaga District communities,Karaga District communities,signed
901,Hawa Tia,F,Midwife,Karaga District communities,Karaga District communities,signed
902,Sanatu Tia,F,Enrolled Nurse,Karaga District communities,Karaga District communities,signed
903,Issah Wumbei,F,Enrolled Nurse,Karaga District communities,Karaga District communities,signed
904,Mohammed Dauda,F,Midwife,Karaga District communities,Karaga District communities,signed
905,Baba Tia,F,Midwife,Karaga District communities,Karaga District communities,signed
906,Iddrisu Alhassan,F,Community Health Officer,Karaga District communities,Karaga District communities,signed
907,Hawa Alhassan,F,Midwife,Karaga District communities,Karaga District communities,signed
908,Salamatu Iddrisu,F,Medical Assistant,Karaga District communities,Karaga District communities,signed
909,Alhassan Dauda,F,Disease Control Officer,Karaga District communities,Karaga District communities,signed
910,Ayishetu Fuseini,F,Medical Assistant,Karaga District communities,Karaga District communities,signed
911,Sanatu Iddrisu,F,Disease Control Officer,Karaga District communities,Karaga District communities,signed
912,Baba Dauda,F,Disease Control Officer,Karaga District communities,Karaga District communities,signed
913,Baba Fuseini,F,Community Health Officer,Karaga District communities,Karaga District communities,signed
914,Fati Fuseini,F,Disease Control Officer,Karaga District communities,Karaga District communities,signed
915,Fati Alhassan,F,Enrolled Nurse,Karaga District communities,Karaga District communities,signed
916,Iddrisu Dauda,F,Enrolled Nurse,Karaga District communities,Karaga District communities,signed
917,Yakubu Wumbei,F,Enrolled Nurse,Karaga District communities,Karaga District communities,signed
918,Yakubu Dauda,F,Midwife,Karaga District communities,Karaga District communities,signed
919,Adiza Napari,F,Medical Assistant,Karaga District communities,Karaga District communities,signed
920,Fati Napari,F,Community Health Officer,Karaga District communities,Karaga District communities,signed
921,Sulemana Napari,F,Disease Control Officer,Karaga District communities,Karaga District communities,signed
922,Alhassan Tia,F,Midwife,Karaga District communities,Karaga District communities,signed
923,Sanatu Wumbei,F,Medical Assistant,Karaga District communities,Karaga District communities,signed
924,Alhassan Yakubu,F,Disease Control Officer,Karaga District communities,Karaga District communities,signed
925,Fati Dauda,F,Community Health Officer,Karaga District communities,Karaga District communities,signed
926,Sulemana Wumbei,F,Medical Assistant,Karaga District communities,Karaga District communities,signed
927,Salamatu Tia,F,Disease Control Officer,Karaga District communities,Karaga District communities,signed
928,Iddrisu Mahama,F,Disease Control Officer,Karaga District communities,Karaga District communities,signed
929,Iddrisu Yakubu,F,Medical Assistant,Karaga District communities,Karaga District communities,signed
930,Zuweira Yakubu,F,Enrolled Nurse,Karaga District communities,Karaga District communities,signed
931,Zuweira Iddrisu,F,Disease Control Officer,Karaga District communities,Karaga District communities,signed
932,Mohammed Abdulai,F,Medical Assistant,Karaga District communities,Karaga District communities,signed
933,Adiza Fuseini,F,Midwife,Karaga District communities,Karaga District communities,signed
934,Mohammed Issahaku,F,Disease Control Officer,Karaga District communities,Karaga District communities,signed
935,Fati Wumbei,F,Enrolled Nurse,Karaga District communities,Karaga District communities,signed
936,Salamatu Tia,F,Medical Assistant,Karaga District communities,Karaga District communities,signed
937,Issah Seidu,F,Medical Assistant,Karaga District communities,Karaga District communities,signed
938,Sanatu Abdulai,F,Enrolled Nurse,Karaga District communities,Karaga District communities,signed
939,Sulemana Mahama,F,Disease Control Officer,Karaga District communities,Karaga District communities,signed
940,Rahinatu Iddrisu,F,Community Health Officer,Karaga District communities,Karaga District communities,signed
941,Fuseini Iddrisu,F,Enrolled Nurse,Karaga District communities,Karaga District communities,signed
942,Rahinatu Yakubu,F,Enrolled Nurse,Karaga District communities,Karaga District communities,signed
943,Sanatu Issahaku,F,Medical Assistant,Karaga District communities,Karaga District communities,signed
944,Salamatu Mahama,F,Community Health Officer,Karaga District communities,Karaga District communities,signed
945,Alhassan Fuseini,F,Midwife,Karaga District communities,Karaga District communities,signed
946,Sanatu Iddrisu,F,Enrolled Nurse,Karaga District communities,Karaga District communities,signed
947,Abdul Tia,F,Medical Assistant,Karaga District communities,Karaga District communities,signed
948,Baba Iddrisu,F,Disease Control Officer,Karaga District communities,Karaga District communities,signed
949,Hawa Fuseini,F,Community Health Officer,Karaga District communities,Karaga District communities,signed
950,Mohammed Yakubu,F,Midwife,Karaga District communities,Karaga District communities,signed
951,Sanatu Iddrisu,F,Community Health Officer,Karaga District communities,Karaga District communities,signed
952,Mariam Issahaku,F,Enrolled Nurse,Karaga District communities,Karaga District communities,signed
953,Abu Yakubu,F,Disease Control Officer,Karaga District communities,Karaga District communities,signed
954,Ayishetu Tia,F,Enrolled Nurse,Karaga District communities,Karaga District communities,signed
955,Hawa Issahaku,F,Midwife,Karaga District communities,Karaga District communities,signed
956,Alhassan Dauda,F,Community Health Officer,Karaga District communities,Karaga District communities,signed
957,Issah Seidu,F,Community Health Officer,Karaga District communities,Karaga District communities,signed
958,Zuweira Napari,F,Medical Assistant,Karaga District communities,Karaga District communities,signed
959,Alhassan Seidu,F,Enrolled Nurse,Karaga District communities,Karaga District communities,signed
960,Rahinatu Napari,F,Disease Control Officer,Karaga District communities,Karaga District communities,signed
961,Abdul Issahaku,F,Medical Assistant,Karaga District communities,Karaga District communities,signed
962,Baba Issahaku,F,Community Health Officer,Karaga District communities,Karaga District communities,signed
963,Sulemana Tia,F,Enrolled Nurse,Karaga District communities,Karaga District communities,signed
964,Sanatu Dauda,F,Disease Control Officer,Karaga District communities,Karaga District communities,signed
965,Hawa Seidu,F,Medical Assistant,Karaga District communities,Karaga District communities,signed
966,Adiza Issahaku,F,Midwife,Karaga District communities,Karaga District communities,signed
967,Ayishetu Napari,F,Medical Assistant,Karaga District communities,Karaga District communities,signed
968,Rahinatu Napari,F,Disease Control Officer,Karaga District communities,Karaga District communities,signed
969,Abdul Mahama,F,Midwife,Karaga District communities,Karaga District communities,signed
970,Fati Issahaku,F,Medical Assistant,Karaga District communities,Karaga District communities,signed
971,Fuseini Mahama,F,Medical Assistant,Karaga District communities,Karaga District communities,signed
972,Salamatu Seidu,F,Community Health Officer,Karaga District communities,Karaga District communities,signed
973,Yakubu Tia,F,Disease Control Officer,Karaga District communities,Karaga District communities,signed
974,Mohammed Fuseini,F,Midwife,Karaga District communities,Karaga District communities,signed
975,Mariam Fuseini,F,Midwife,Karaga District communities,Karaga District communities,signed
976,Sanatu Tia,F,Community Health Officer,Karaga District communities,Karaga District communities,signed
977,Adiza Dauda,F,Medical Assistant,Karaga District communities,Karaga District communities,signed
978,Baba Yakubu,F,Community Health Officer,Karaga District communities,Karaga District communities,signed
979,Fati Issahaku,F,Enrolled Nurse,Karaga District communities,Karaga District communities,signed
980,Abdul Issahaku,F,Disease Control Officer,Karaga District communities,Karaga District communities,signed
981,Sanatu Wumbei,F,Medical Assistant,Karaga District communities,Karaga District communities,signed
982,Mohammed Napari,F,Community Health Officer,Karaga District communities,Karaga District communities,signed
983,Memunatu Issahaku,F,Community Health Officer,Karaga District communities,Karaga District communities,signed
984,Issah Abdulai,F,Midwife,Karaga District communities,Karaga District communities,signed
985,Memunatu Abdulai,F,Midwife,Karaga District communities,Karaga District communities,signed
986,Hawa Alhassan,F,Medical Assistant,Karaga District communities,Karaga District communities,signed
987,Sanatu Iddrisu,F,Disease Control Officer,Karaga District communities,Karaga District communities,signed
988,Rahinatu Wumbei,F,Community Health Officer,Karaga District communities,Karaga District communities,signed
989,Baba Seidu,F,Medical Assistant,Karaga District communities,Karaga District communities,signed
990,Abu Tia,F,Enrolled Nurse,Karaga District communities,Karaga District communities,signed
991,Hawa Alhassan,F,Disease Control Officer,Karaga District communities,Karaga District communities,signed
992,Adiza Napari,F,Medical Assistant,Karaga District communities,Karaga District communities,signed
993,Abdul Napari,F,Disease Control Officer,Karaga District communities,Karaga District communities,signed
994,Abdul Dauda,F,Community Health Officer,Karaga District communities,Karaga District communities,signed
995,Yakubu Mahama,F,Medical Assistant,Karaga District communities,Karaga District communities,signed
996,Alhassan Yakubu,F,Enrolled Nurse,Karaga District communities,Karaga District communities,signed
997,Salamatu Abdulai,F,Community Health Officer,Karaga District communities,Karaga District communities,signed
998,Issah Fuseini,F,Disease Control Officer,Karaga District communities,Karaga District communities,signed
999,Adiza Issahaku,F,Midwife,Karaga District communities,Karaga District communities,signed
1000,Iddrisu Abdulai,F,Community Health Officer,Karaga District communities,Karaga District communities,signed
1001,Iddrisu Yakubu,F,Community Health Officer,Karaga District communities,Karaga District communities,signed
1002,Rahinatu Iddrisu,F,Midwife,Karaga District communities,Karaga District communities,signed
1003,Alhassan Dauda,F,Midwife,Karaga District communities,Karaga District communities,signed
1004,Iddrisu Alhassan,F,Disease Control Officer,Karaga District communities,Karaga District communities,signed
1005,Abu Alhassan,F,Medical Assistant,Karaga District communities,Karaga District communities,signed
1006,Iddrisu Seidu,F,Disease Control Officer,Karaga District communities,Karaga District communities,signed
1007,Zuweira Iddrisu,F,Midwife,Karaga District communities,Karaga District communities,signed
1008,Rahinatu Issahaku,F,Disease Control Officer,Karaga District communities,Karaga District communities,signed
1009,Fuseini Yakubu,F,Midwife,Karaga District communities,Karaga District communities,signed
1010,Alhassan Abdulai,F,Enrolled Nurse,Karaga District communities,Karaga District communities,signed
1011,Fati Mahama,F,Enrolled Nurse,Karaga District communities,Karaga District communities,signed
1012,Mohammed Issahaku,F,Medical Assistant,Karaga District communities,Karaga District communities,signed
1013,Sanatu Wumbei,F,Enrolled Nurse,Karaga District communities,Karaga District communities,signed
1014,Zuweira Wumbei,F,Community Health Officer,Karaga District communities,Karaga District communities,signed
1015,Mohammed Alhassan,F,Community Health Officer,Karaga District communities,Karaga District communities,signed
1016,Abdul Yakubu,F,Disease Control Officer,Karaga District communities,Karaga District communities,signed
1017,Alhassan Issahaku,F,Enrolled Nurse,Karaga District communities,Karaga District communities,signed
1018,Mariam Abdulai,F,Enrolled Nurse,Karaga District communities,Karaga District communities,signed
1019,Sulemana Iddrisu,F,Enrolled Nurse,Karaga District communities,Karaga District communities,signed
1020,Abu Tia,F,Disease Control Officer,Karaga District communities,Karaga District communities,signed
1021,Iddrisu Fuseini,F,Community Health Officer,Karaga District communities,Karaga District communities,signed
1022,Abdul Wumbei,F,Midwife,Karaga District communities,Karaga District communities,signed
1023,Sulemana Fuseini,F,Midwife,Karaga District communities,Karaga District communities,signed
1024,Adiza Dauda,F,Enrolled Nurse,Karaga District communities,Karaga District communities,signed
1025,Sanatu Dauda,F,Midwife,Karaga District communities,Karaga District communities,signed
1026,Mariam Alhassan,F,Disease Control Officer,Karaga District communities,Karaga District communities,signed
1027,Fati Fuseini,F,Enrolled Nurse,Karaga District communities,Karaga District communities,signed
1028,Iddrisu Abdulai,F,Medical Assistant,Karaga District communities,Karaga District communities,signed
1029,Ayishetu Iddrisu,F,Disease Control Officer,Karaga District communities,Karaga District communities,signed
1030,Yakubu Dauda,F,Community Health Officer,Karaga District communities,Karaga District communities,signed
1031,Mariam Tia,F,Disease Control Officer,Karaga District communities,Karaga District communities,signed
1032,Abu Mahama,F,Enrolled Nurse,Karaga District communities,Karaga District communities,signed
1033,Baba Wumbei,F,Midwife,Karaga District communities,Karaga District communities,signed
1034,Fati Abdulai,F,Disease Control Officer,Karaga District communities,Karaga District communities,signed
1035,Sulemana Yakubu,F,Enrolled Nurse,Karaga District communities,Karaga District communities,signed
1036,Abu Iddrisu,F,Community Health Officer,Karaga District communities,Karaga District communities,signed
1037,Baba Yakubu,F,Enrolled Nurse,Karaga District communities,Karaga District communities,signed
1038,Adiza Abdulai,F,Disease Control Officer,Karaga District communities,Karaga District communities,signed
1039,Sulemana Yakubu,F,Disease Control Officer,Karaga District communities,Karaga District communities,signed
1040,Memunatu Mahama,F,Disease Control Officer,Karaga District communities,Karaga District communities,signed
1041,Hawa Wumbei,F,Midwife,Karaga District communities,Karaga District communities,signed
1042,Issah Tia,F,Community Health Officer,Karaga District communities,Karaga District communities,signed
1043,Abdul Yakubu,F,Medical Assistant,Karaga District communities,Karaga District communities,signed
1044,Rahinatu Tia,F,Community Health Officer,Karaga District communities,Karaga District communities,signed
1045,Baba Seidu,F,Medical Assistant,Karaga District communities,Karaga District communities,signed
1046,Memunatu Napari,F,Medical Assistant,Karaga District communities,Karaga District communities,signed
1047,Yakubu Iddrisu,F,Enrolled Nurse,Karaga District communities,Karaga District communities,signed
1048,Zuweira Yakubu,F,Medical Assistant,Karaga District communities,Karaga District communities,signed
1049,Fati Iddrisu,F,Community Health Officer,Karaga District communities,Karaga District communities,signed
1050,Fuseini Iddrisu,F,Midwife,Karaga District communities,Karaga District communities,signed
1051,Adiza Dauda,F,Community Health Officer,Karaga District communities,Karaga District communities,signed
1052,Zuweira Iddrisu,F,Disease Control Officer,Karaga District communities,Karaga District communities,signed
1053,Abu Seidu,F,Disease Control Officer,Karaga District communities,Karaga District communities,signed
1054,Mariam Seidu,F,Community Health Officer,Karaga District communities,Karaga District communities,signed
1055,Sulemana Mahama,F,Midwife,Karaga District communities,Karaga District communities,signed
1056,Sulemana Napari,F,Enrolled Nurse,Karaga District communities,Karaga District communities,signed
1057,Issah Alhassan,F,Enrolled Nurse,Karaga District communities,Karaga District communities,signed
1058,Iddrisu Abdulai,F,Disease Control Officer,Karaga District communities,Karaga District communities,signed
1059,Rahinatu Seidu,F,Medical Assistant,Karaga District communities,Karaga District communities,signed
1060,Rahinatu Iddrisu,F,Medical Assistant,Karaga District communities,Karaga District communities,signed
1061,Issah Tia,F,Midwife,Karaga District communities,Karaga District communities,signed
1062,Zuweira Mahama,F,Community Health Officer,Karaga District communities,Karaga District communities,signed
1063,Mohammed Mahama,F,Community Health Officer,Karaga District communities,Karaga District communities,signed
1064,Memunatu Abdulai,F,Enrolled Nurse,Karaga District communities,Karaga District communities,signed
1065,Adiza Abdulai,F,Midwife,Karaga District communities,Karaga District communities,signed
1066,Abdul Yakubu,F,Community Health Officer,Karaga District communities,Karaga District communities,signed
1067,Baba Napari,F,Midwife,Karaga District communities,Karaga District communities,signed
1068,Alhassan Alhassan,F,Community Health Officer,Karaga District communities,Karaga District communities,signed
1069,Hawa Issahaku,F,Enrolled Nurse,Karaga District communities,Karaga District communities,signed
1070,Memunatu Issahaku,F,Community Health Officer,Karaga District communities,Karaga District communities,signed
1071,Hawa Alhassan,F,Enrolled Nurse,Karaga District communities,Karaga District communities,signed
1072,Zuweira Napari,F,Midwife,Karaga District communities,Karaga District communities,signed
1073,Zuweira Dauda,F,Medical Assistant,Karaga District communities,Karaga District communities,signed
1074,Zuweira Wumbei,F,Disease Control Officer,Karaga District communities,Karaga District communities,signed
1075,Issah Issahaku,F,Disease Control Officer,Karaga District communities,Karaga District communities,signed
1076,Salamatu Issahaku,F,Midwife,Karaga District communities,Karaga District communities,signed
1077,Zuweira Fuseini,F,Community Health Officer,Karaga District communities,Karaga District communities,signed
1078,Abdul Dauda,F,Midwife,Karaga District communities,Karaga District communities,signed
1079,Hawa Seidu,F,Medical Assistant,Karaga District communities,Karaga District communities,signed
1080,Issah Yakubu,F,Enrolled Nurse,Karaga District communities,Karaga District communities,signed
1081,Rahinatu Yakubu,F,Medical Assistant,Karaga District communities,Karaga District communities,signed
1082,Baba Fuseini,F,Enrolled Nurse,Karaga District communities,Karaga District communities,signed
1083,Fuseini Fuseini,F,Enrolled Nurse,Karaga District communities,Karaga District communities,signed
1084,Mariam Alhassan,F,Community Health Officer,Karaga District communities,Karaga District communities,signed
1085,Fuseini Dauda,F,Medical Assistant,Karaga District communities,Karaga District communities,signed
1086,Issah Seidu,F,Enrolled Nurse,Karaga District communities,Karaga District communities,signed
1087,Adiza Napari,F,Disease Control Officer,Karaga District communities,Karaga District communities,signed
1088,Zuweira Mahama,F,Midwife,Karaga District communities,Karaga District communities,signed
1089,Yakubu Issahaku,F,Community Health Officer,Karaga District communities,Karaga District communities,signed
1090,Alhassan Yakubu,F,Midwife,Karaga District communities,Karaga District communities,signed
1091,Salamatu Fuseini,F,Enrolled Nurse,Karaga District communities,Karaga District communities,signed
1092,Rahinatu Tia,F,Medical Assistant,Karaga District communities,Karaga District communities,signed
1093,Mariam Napari,F,Enrolled Nurse,Karaga District communities,Karaga District communities,signed
1094,Rahinatu Napari,F,Enrolled Nurse,Karaga District communities,Karaga District communities,signed
1095,Mariam Seidu,F,Enrolled Nurse,Karaga District communities,Karaga District communities,signed
1096,Hawa Tia,F,Enrolled Nurse,Karaga District communities,Karaga District communities,signed
1097,Fuseini Fuseini,F,Community Health Officer,Karaga District communities,Karaga District communities,signed
1098,Iddrisu Fuseini,F,Medical Assistant,Karaga District communities,Karaga District communities,signed
1099,Salamatu Tia,F,Enrolled Nurse,Karaga District communities,Karaga District communities,signed
1100,Salamatu Yakubu,F,Community Health Officer,Karaga District communities,Karaga District communities,signed
1101,Zuweira Tia,F,Community Health Officer,Karaga District communities,Karaga District communities,signed
1102,Adiza Fuseini,F,Medical Assistant,Karaga District communities,Karaga District communities,signed
1103,Mohammed Dauda,F,Disease Control Officer,Karaga District communities,Karaga District communities,signed
1104,Mariam Napari,F,Medical Assistant,Karaga District communities,Karaga District communities,signed
1105,Abdul Alhassan,F,Midwife,Karaga District communities,Karaga District communities,signed
1106,Memunatu Iddrisu,F,Disease Control Officer,Karaga District communities,Karaga District communities,signed
1107,Abu Tia,F,Community Health Officer,Karaga District communities,Karaga District communities,signed
1108,Fuseini Seidu,F,Disease Control Officer,Karaga District communities,Karaga District communities,signed
1109,Yakubu Iddrisu,F,Disease Control Officer,Karaga District communities,Karaga District communities,signed
1110,Rahinatu Yakubu,F,Community Health Officer,Karaga District communities,Karaga District communities,signed
1111,Abu Seidu,F,Disease Control Officer,Karaga District communities,Karaga District communities,signed
1112,Sanatu Dauda,F,Midwife,Karaga District communities,Karaga District communities,signed
1113,Fuseini Wumbei,F,Medical Assistant,Karaga District communities,Karaga District communities,signed
1114,Hawa Dauda,F,Community Health Officer,Karaga District communities,Karaga District communities,signed
1115,Mohammed Wumbei,F,Midwife,Karaga District communities,Karaga District communities,signed
1116,Iddrisu Iddrisu,F,Disease Control Officer,Karaga District communities,Karaga District communities,signed
1117,Zuweira Iddrisu,F,Medical Assistant,Karaga District communities,Karaga District communities,signed
1118,Baba Fuseini,F,Enrolled Nurse,Karaga District communities,Karaga District communities,signed
1119,Zuweira Seidu,F,Medical Assistant,Karaga District communities,Karaga District communities,signed
1120,Adiza Seidu,F,Enrolled Nurse,Karaga District communities,Karaga District communities,signed
1121,Abdul Napari,F,Midwife,Karaga District communities,Karaga District communities,signed
1122,Fuseini Tia,F,Community Health Officer,Karaga District communities,Karaga District communities,signed
1123,Sulemana Mahama,F,Midwife,Karaga District communities,Karaga District communities,signed
1124,Sanatu Wumbei,F,Medical Assistant,Karaga District communities,Karaga District communities,signed
1125,Iddrisu Abdulai,F,Medical Assistant,Karaga District communities,Karaga District communities,signed
1126,Adiza Iddrisu,F,Enrolled Nurse,Karaga District communities,Karaga District communities,signed
1127,Mohammed Abdulai,F,Midwife,Karaga District communities,Karaga District communities,signed
1128,Sulemana Seidu,F,Enrolled Nurse,Karaga District communities,Karaga District communities,signed
1129,Alhassan Abdulai,F,Midwife,Karaga District communities,Karaga District communities,signed
1130,Iddrisu Tia,F,Community Health Officer,Karaga District communities,Karaga District communities,signed
1131,Zuweira Wumbei,F,Community Health Officer,Karaga District communities,Karaga District communities,signed
1132,Adiza Alhassan,F,Midwife,Karaga District communities,Karaga District communities,signed
1133,Alhassan Seidu,F,Midwife,Karaga District communities,Karaga District communities,signed
1134,Mohammed Iddrisu,F,Community Health Officer,Karaga District communities,Karaga District communities,signed
1135,Issah Mahama,F,Enrolled Nurse,Karaga District communities,Karaga District communities,signed
1136,Baba Mahama,F,Midwife,Karaga District communities,Karaga District communities,signed
1137,Memunatu Abdulai,F,Enrolled Nurse,Karaga District communities,Karaga District communities,signed
1138,Abu Issahaku,F,Disease Control Officer,Karaga District communities,Karaga District communities,signed
1139,Mohammed Issahaku,F,Medical Assistant,Karaga District communities,Karaga District communities,signed
1140,Abu Seidu,F,Disease Control Officer,Karaga District communities,Karaga District communities,signed
1141,Ayishetu Napari,F,Community Health Officer,Karaga District communities,Karaga District communities,signed
1142,Memunatu Napari,F,Community Health Officer,Karaga District communities,Karaga District communities,signed
1143,Ayishetu Tia,F,Medical Assistant,Karaga District communities,Karaga District communities,signed
1144,Sanatu Dauda,F,Enrolled Nurse,Karaga District communities,Karaga District communities,signed
1145,Ayishetu Alhassan,F,Medical Assistant,Karaga District communities,Karaga District communities,signed
1146,Mohammed Fuseini,F,Medical Assistant,Karaga District communities,Karaga District communities,signed
1147,Alhassan Yakubu,F,Enrolled Nurse,Karaga District communities,Karaga District communities,signed
1148,Hawa Issahaku,F,Disease Control Officer,Karaga District communities,Karaga District communities,signed
1149,Memunatu Issahaku,F,Disease Control Officer,Karaga District communities,Karaga District communities,signed
1150,Fuseini Dauda,F,Midwife,Karaga District communities,Karaga District communities,signed
1151,Fati Mahama,F,Enrolled Nurse,Karaga District communities,Karaga District communities,signed
1152,Abdul Tia,F,Enrolled Nurse,Karaga District communities,Karaga District communities,signed
1153,Rahinatu Fuseini,F,Enrolled Nurse,Karaga District communities,Karaga District communities,signed
1154,Iddrisu Yakubu,F,Midwife,Karaga District communities,Karaga District communities,signed
1155,Memunatu Dauda,F,Disease Control Officer,Karaga District communities,Karaga District communities,signed
1156,Rahinatu Dauda,F,Midwife,Karaga District communities,Karaga District communities,signed
1157,Salamatu Iddrisu,F,Enrolled Nurse,Karaga District communities,Karaga District communities,signed
1158,Adiza Dauda,F,Enrolled Nurse,Karaga District communities,Karaga District communities,signed
1159,Abu Dauda,F,Medical Assistant,Karaga District communities,Karaga District communities,signed
1160,Mariam Dauda,F,Medical Assistant,Karaga District communities,Karaga District communities,signed
1161,Memunatu Dauda,F,Midwife,Karaga District communities,Karaga District communities,signed
1162,Sanatu Issahaku,F,Community Health Officer,Karaga District communities,Karaga District communities,signed
1163,Yakubu Alhassan,F,Midwife,Karaga District communities,Karaga District communities,signed
1164,Alhassan Issahaku,F,Midwife,Karaga District communities,Karaga District communities,signed
1165,Memunatu Dauda,F,Midwife,Karaga District communities,Karaga District communities,signed
1166,Zuweira Yakubu,F,Medical Assistant,Karaga District communities,Karaga District communities,signed
1167,Salamatu Alhassan,F,Community Health Officer,Karaga District communities,Karaga District communities,signed
1168,Abu Iddrisu,F,Disease Control Officer,Karaga District communities,Karaga District communities,signed
1169,Iddrisu Abdulai,F,Medical Assistant,Karaga District communities,Karaga District communities,signed
1170,Fati Yakubu,F,Disease Control Officer,Karaga District communities,Karaga District communities,signed
1171,Abu Seidu,F,Disease Control Officer,Karaga District communities,Karaga District communities,signed
1172,Salamatu Abdulai,F,Medical Assistant,Karaga District communities,Karaga District communities,signed
1173,Ayishetu Fuseini,F,Midwife,Karaga District communities,Karaga District communities,signed
1174,Yakubu Seidu,F,Enrolled Nurse,Karaga District communities,Karaga District communities,signed
1175,Ayishetu Dauda,F,Community Health Officer,Karaga District communities,Karaga District communities,signed
1176,Fati Napari,F,Midwife,Karaga District communities,Karaga District communities,signed
1177,Rahinatu Wumbei,F,Disease Control Officer,Karaga District communities,Karaga District communities,signed
1178,Fati Seidu,F,Enrolled Nurse,Karaga District communities,Karaga District communities,signed
1179,Mariam Yakubu,F,Midwife,Karaga District communities,Karaga District communities,signed
1180,Fuseini Dauda,F,Medical Assistant,Karaga District communities,Karaga District communities,signed
1181,Issah Alhassan,F,Disease Control Officer,Karaga District communities,Karaga District communities,signed
1182,Zuweira Dauda,F,Disease Control Officer,Karaga District communities,Karaga District communities,signed
1183,Yakubu Wumbei,F,Medical Assistant,Karaga District communities,Karaga District communities,signed
1184,Sulemana Alhassan,F,Medical Assistant,Karaga District communities,Karaga District communities,signed
1185,Sanatu Tia,F,Medical Assistant,Karaga District communities,Karaga District communities,signed
1186,Baba Dauda,F,Enrolled Nurse,Karaga District communities,Karaga District communities,signed
1187,Salamatu Dauda,F,Enrolled Nurse,Karaga District communities,Karaga District communities,signed
1188,Abdul Yakubu,F,Enrolled Nurse,Karaga District communities,Karaga District communities,signed
1189,Alhassan Issahaku,F,Enrolled Nurse,Karaga District communities,Karaga District communities,signed
1190,Yakubu Iddrisu,F,Community Health Officer,Karaga District communities,Karaga District communities,signed
1191,Yakubu Seidu,F,Midwife,Karaga District communities,Karaga District communities,signed
1192,Mohammed Tia,F,Community Health Officer,Karaga District communities,Karaga District communities,signed
1193,Fati Wumbei,F,Enrolled Nurse,Karaga District communities,Karaga District communities,signed
1194,Alhassan Alhassan,F,Midwife,Karaga District communities,Karaga District communities,signed
1195,Mohammed Seidu,F,Community Health Officer,Karaga District communities,Karaga District communities,signed
1196,Issah Yakubu,F,Community Health Officer,Karaga District communities,Karaga District communities,signed
1197,Alhassan Dauda,F,Disease Control Officer,Karaga District communities,Karaga District communities,signed
1198,Ayishetu Issahaku,F,Medical Assistant,Karaga District communities,Karaga District communities,signed
1199,Sanatu Abdulai,F,Medical Assistant,Karaga District communities,Karaga District communities,signed
1200,Fuseini Mahama,F,Midwife,Karaga District communities,Karaga District communities,signed
1201,Mohammed Fuseini,F,Enrolled Nurse,Karaga District communities,Karaga District communities,signed
1202,Memunatu Wumbei,F,Community Health Officer,Karaga District communities,Karaga District communities,signed
1203,Fuseini Fuseini,F,Community Health Officer,Karaga District communities,Karaga District communities,signed
1204,Iddrisu Alhassan,F,Medical Assistant,Karaga District communities,Karaga District communities,signed
1205,Memunatu Fuseini,F,Enrolled Nurse,Karaga District communities,Karaga District communities,signed
1206,Issah Napari,F,Midwife,Karaga District communities,Karaga District communities,signed
1207,Fuseini Yakubu,F,Community Health Officer,Karaga District communities,Karaga District communities,signed
1208,Abdul Wumbei,F,Midwife,Karaga District communities,Karaga District communities,signed
1209,Adiza Fuseini,F,Disease Control Officer,Karaga District communities,Karaga District communities,signed
1210,Baba Fuseini,F,Midwife,Karaga District communities,Karaga District communities,signed
1211,Mariam Dauda,F,Enrolled Nurse,Karaga District communities,Karaga District communities,signed
1212,Zuweira Dauda,F,Midwife,Karaga District communities,Karaga District communities,signed
1213,Adiza Tia,F,Disease Control Officer,Karaga District communities,Karaga District communities,signed
1214,Fuseini Mahama,F,Enrolled Nurse,Karaga District communities,Karaga District communities,signed
1215,Sanatu Alhassan,F,Disease Control Officer,Karaga District communities,Karaga District communities,signed
1216,Alhassan Alhassan,F,Disease Control Officer,Karaga District communities,Karaga District communities,signed
1217,Adiza Alhassan,F,Community Health Officer,Karaga District communities,Karaga District communities,signed
1218,Ayishetu Abdulai,F,Community Health Officer,Karaga District communities,Karaga District communities,signed
1219,Sanatu Mahama,F,Midwife,Karaga District communities,Karaga District communities,signed
1220,Mariam Dauda,F,Community Health Officer,Karaga District communities,Karaga District communities,signed
1221,Abu Alhassan,F,Community Health Officer,Karaga District communities,Karaga District communities,signed
1222,Zuweira Alhassan,F,Disease Control Officer,Karaga District communities,Karaga District communities,signed
1223,Yakubu Yakubu,F,Medical Assistant,Karaga District communities,Karaga District communities,signed
1224,Salamatu Dauda,F,Medical Assistant,Karaga District communities,Karaga District communities,signed
1225,Sanatu Dauda,F,Medical Assistant,Karaga District communities,Karaga District communities,signed
1226,Mohammed Seidu,F,Enrolled Nurse,Karaga District communities,Karaga District communities,signed
1227,Sulemana Mahama,F,Disease Control Officer,Karaga District communities,Karaga District communities,signed
1228,Mariam Wumbei,F,Midwife,Karaga District communities,Karaga District communities,signed
1229,Fuseini Iddrisu,F,Midwife,Karaga District communities,Karaga District communities,signed
1230,Mariam Napari,F,Enrolled Nurse,Karaga District communities,Karaga District communities,signed
1231,Sanatu Tia,F,Enrolled Nurse,Karaga District communities,Karaga District communities,signed
1232,Fati Alhassan,F,Enrolled Nurse,Karaga District communities,Karaga District communities,signed
1233,Iddrisu Tia,F,Medical Assistant,Karaga District communities,Karaga District communities,signed
1234,Rahinatu Fuseini,F,Medical Assistant,Karaga District communities,Karaga District communities,signed
1235,Rahinatu Napari,F,Midwife,Karaga District communities,Karaga District communities,signed
1236,Sanatu Mahama,F,Enrolled Nurse,Karaga District communities,Karaga District communities,signed
1237,Memunatu Yakubu,F,Medical Assistant,Karaga District communities,Karaga District communities,signed
1238,Abu Mahama,F,Enrolled Nurse,Karaga District communities,Karaga District communities,signed
1239,Adiza Wumbei,F,Midwife,Karaga District communities,Karaga District communities,signed
1240,Iddrisu Tia,F,Disease Control Officer,Karaga District communities,Karaga District communities,signed
1241,Fuseini Mahama,F,Midwife,Karaga District communities,Karaga District communities,signed
1242,Ayishetu Wumbei,F,Disease Control Officer,Karaga District communities,Karaga District communities,signed
1243,Iddrisu Fuseini,F,Disease Control Officer,Karaga District communities,Karaga District communities,signed
1244,Hawa Wumbei,F,Midwife,Karaga District communities,Karaga District communities,signed
1245,Fati Dauda,F,Midwife,Karaga District communities,Karaga District communities,signed
1246,Adiza Abdulai,F,Disease Control Officer,Karaga District communities,Karaga District communities,signed
1247,Issah Yakubu,F,Enrolled Nurse,Karaga District communities,Karaga District communities,signed
1248,Memunatu Abdulai,F,Midwife,Karaga District communities,Karaga District communities,signed
1249,Rahinatu Dauda,F,Community Health Officer,Karaga District communities,Karaga District communities,signed
1250,Ayishetu Mahama,F,Disease Control Officer,Karaga District communities,Karaga District communities,signed
1251,Memunatu Dauda,F,Community Health Officer,Karaga District communities,Karaga District communities,signed
1252,Sulemana Alhassan,F,Enrolled Nurse,Karaga District communities,Karaga District communities,signed
1253,Baba Yakubu,F,Midwife,Karaga District communities,Karaga District communities,signed
1254,Rahinatu Alhassan,F,Midwife,Karaga District communities,Karaga District communities,signed
1255,Rahinatu Mahama,F,Medical Assistant,Karaga District communities,Karaga District communities,signed
1256,Hawa Abdulai,F,Medical Assistant,Karaga District communities,Karaga District communities,signed
1257,Zuweira Tia,F,Disease Control Officer,Karaga District communities,Karaga District communities,signed
1258,Iddrisu Tia,F,Disease Control Officer,Karaga District communities,Karaga District communities,signed
1259,Adiza Yakubu,F,Community Health Officer,Karaga District communities,Karaga District communities,signed
1260,Sulemana Yakubu,F,Midwife,Karaga District communities,Karaga District communities,signed
1261,Zuweira Alhassan,F,Community Health Officer,Karaga District communities,Karaga District communities,signed
1262,Salamatu Wumbei,F,Medical Assistant,Karaga District communities,Karaga District communities,signed
1263,Fati Dauda,F,Medical Assistant,Karaga District communities,Karaga District communities,signed
1264,Ayishetu Abdulai,F,Community Health Officer,Karaga District communities,Karaga District communities,signed
1265,Fuseini Mahama,F,Enrolled Nurse,Karaga District communities,Karaga District communities,signed
1266,Adiza Tia,F,Community Health Officer,Karaga District communities,Karaga District communities,signed
1267,Hawa Dauda,F,Midwife,Karaga District communities,Karaga District communities,signed
1268,Ayishetu Tia,F,Enrolled Nurse,Karaga District communities,Karaga District communities,signed
1269,Alhassan Abdulai,F,Midwife,Karaga District communities,Karaga District communities,signed
1270,Rahinatu Abdulai,F,Community Health Officer,Karaga District communities,Karaga District communities,signed
1271,Alhassan Yakubu,F,Medical Assistant,Karaga District communities,Karaga District communities,signed
1272,Sanatu Wumbei,F,Medical Assistant,Karaga District communities,Karaga District communities,signed
1273,Fati Iddrisu,F,Medical Assistant,Karaga District communities,Karaga District communities,signed
1274,Yakubu Abdulai,F,Midwife,Karaga District communities,Karaga District communities,signed
1275,Abu Mahama,F,Midwife,Karaga District communities,Karaga District communities,signed
1276,Abu Tia,F,Medical Assistant,Karaga District communities,Karaga District communities,signed
1277,Mohammed Mahama,F,Medical Assistant,Karaga District communities,Karaga District communities,signed
1278,Sulemana Alhassan,F,Midwife,Karaga District communities,Karaga District communities,signed
1279,Yakubu Wumbei,F,Medical Assistant,Karaga District communities,Karaga District communities,signed
1280,Sulemana Mahama,F,Disease Control Officer,Karaga District communities,Karaga District communities,signed
1281,Issah Abdulai,F,Medical Assistant,Karaga District communities,Karaga District communities,signed
1282,Alhassan Napari,F,Enrolled Nurse,Karaga District communities,Karaga District communities,signed
1283,Abu Seidu,F,Disease Control Officer,Karaga District communities,Karaga District communities,signed
1284,Hawa Fuseini,F,Community Health Officer,Karaga District communities,Karaga District communities,signed
1285,Iddrisu Issahaku,F,Community Health Officer,Karaga District communities,Karaga District communities,signed
1286,Rahinatu Fuseini,F,Medical Assistant,Karaga District communities,Karaga District communities,signed
1287,Issah Dauda,F,Midwife,Karaga District communities,Karaga District communities,signed
1288,Ayishetu Issahaku,F,Disease Control Officer,Karaga District communities,Karaga District communities,signed
1289,Zuweira Iddrisu,F,Community Health Officer,Karaga District communities,Karaga District communities,signed
1290,Hawa Abdulai,F,Medical Assistant,Karaga District communities,Karaga District communities,signed
1291,Baba Wumbei,F,Community Health Officer,Karaga District communities,Karaga District communities,signed
1292,Rahinatu Yakubu,F,Midwife,Karaga District communities,Karaga District communities,signed
1293,Alhassan Wumbei,F,Disease Control Officer,Karaga District communities,Karaga District communities,signed
1294,Mariam Yakubu,F,Enrolled Nurse,Karaga District communities,Karaga District communities,signed
1295,Mohammed Mahama,F,Midwife,Karaga District communities,Karaga District communities,signed
1296,Fati Tia,F,Community Health Officer,Karaga District communities,Karaga District communities,signed
1297,Yakubu Iddrisu,F,Midwife,Karaga District communities,Karaga District communities,signed
1298,Memunatu Alhassan,F,Community Health Officer,Karaga District communities,Karaga District communities,signed
1299,Zuweira Abdulai,F,Enrolled Nurse,Karaga District communities,Karaga District communities,signed
1300,Sulemana Tia,F,Medical Assistant,Karaga District communities,Karaga District communities,signed
1301,Adiza Napari,F,Community Health Officer,Karaga District communities,Karaga District communities,signed
1302,Mariam Dauda,F,Enrolled Nurse,Karaga District communities,Karaga District communities,signed
1303,Iddrisu Alhassan,F,Enrolled Nurse,Karaga District communities,Karaga District communities,signed
1304,Fati Yakubu,F,Midwife,Karaga District communities,Karaga District communities,signed
1305,Fuseini Alhassan,F,Midwife,Karaga District communities,Karaga District communities,signed
1306,Issah Dauda,F,Enrolled Nurse,Karaga District communities,Karaga District communities,signed
1307,Mohammed Issahaku,F,Medical Assistant,Karaga District communities,Karaga District communities,signed
1308,Mariam Mahama,F,Disease Control Officer,Karaga District communities,Karaga District communities,signed
1309,Memunatu Yakubu,F,Midwife,Karaga District communities,Karaga District communities,signed
1310,Baba Tia,F,Midwife,Karaga District communities,Karaga District communities,signed
1311,Salamatu Fuseini,F,Midwife,Karaga District communities,Karaga District communities,signed
1312,Mohammed Tia,F,Disease Control Officer,Karaga District communities,Karaga District communities,signed
1313,Issah Fuseini,F,Medical Assistant,Karaga District communities,Karaga District communities,signed
1314,Zuweira Tia,F,Disease Control Officer,Karaga District communities,Karaga District communities,signed
1315,Alhassan Abdulai,F,Midwife,Karaga District communities,Karaga District communities,signed
1316,Fuseini Mahama,F,Community Health Officer,Karaga District communities,Karaga District communities,signed
1317,Sanatu Mahama,F,Community Health Officer,Karaga District communities,Karaga District communities,signed
1318,Rahinatu Wumbei,F,Medical Assistant,Karaga District communities,Karaga District communities,signed
1319,Adiza Mahama,F,Midwife,Karaga District communities,Karaga District communities,signed
1320,Abdul Alhassan,F,Medical Assistant,Karaga District communities,Karaga District communities,signed
1321,Mariam Alhassan,F,Medical Assistant,Karaga District communities,Karaga District communities,signed
1322,Yakubu Abdulai,F,Community Health Officer,Karaga District communities,Karaga District communities,signed
1323,Iddrisu Abdulai,F,Community Health Officer,Karaga District communities,Karaga District communities,signed
1324,Alhassan Dauda,F,Medical Assistant,Karaga District communities,Karaga District communities,signed
1325,Yakubu Seidu,F,Medical Assistant,Karaga District communities,Karaga District communities,signed
1326,Issah Alhassan,F,Community Health Officer,Karaga District communities,Karaga District communities,signed
1327,Mariam Dauda,F,Medical Assistant,Karaga District communities,Karaga District communities,signed
1328,Yakubu Fuseini,F,Enrolled Nurse,Karaga District communities,Karaga District communities,signed
1329,Baba Mahama,F,Community Health Officer,Karaga District communities,Karaga District communities,signed
1330,Issah Tia,F,Disease Control Officer,Karaga District communities,Karaga District communities,signed
1331,Hawa Seidu,F,Midwife,Karaga District communities,Karaga District communities,signed
1332,Memunatu Iddrisu,F,Midwife,Karaga District communities,Karaga District communities,signed
1333,Iddrisu Dauda,F,Midwife,Karaga District communities,Karaga District communities,signed
1334,Yakubu Alhassan,F,Midwife,Karaga District communities,Karaga District communities,signed
1335,Fuseini Yakubu,F,Enrolled Nurse,Karaga District communities,Karaga District communities,signed
1336,Salamatu Abdulai,F,Midwife,Karaga District communities,Karaga District communities,signed
1337,Fati Dauda,F,Medical Assistant,Karaga District communities,Karaga District communities,signed
1338,Iddrisu Iddrisu,F,Community Health Officer,Karaga District communities,Karaga District communities,signed
1339,Alhassan Napari,F,Community Health Officer,Karaga District communities,Karaga District communities,signed
1340,Rahinatu Alhassan,F,Midwife,Karaga District communities,Karaga District communities,signed
1341,Fati Dauda,F,Midwife,Karaga District communities,Karaga District communities,signed
1342,Salamatu Fuseini,F,Community Health Officer,Karaga District communities,Karaga District communities,signed
1343,Memunatu Iddrisu,F,Enrolled Nurse,Karaga District communities,Karaga District communities,signed
1344,Rahinatu Napari,F,Community Health Officer,Karaga District communities,Karaga District communities,signed
1345,Salamatu Alhassan,F,Midwife,Karaga District communities,Karaga District communities,signed
1346,Abu Yakubu,F,Midwife,Karaga District communities,Karaga District communities,signed
1347,Memunatu Tia,F,Medical Assistant,Karaga District communities,Karaga District communities,signed
1348,Salamatu Tia,F,Community Health Officer,Karaga District communities,Karaga District communities,signed
1349,Issah Issahaku,F,Medical Assistant,Karaga District communities,Karaga District communities,signed
1350,Abdul Issahaku,F,Midwife,Karaga District communities,Karaga District communities,signed
1351,Rahinatu Tia,F,Midwife,Karaga District communities,Karaga District communities,signed
1352,Fuseini Wumbei,F,Medical Assistant,Karaga District communities,Karaga District communities,signed
1353,Yakubu Alhassan,F,Medical Assistant,Karaga District communities,Karaga District communities,signed
1354,Fuseini Issahaku,F,Medical Assistant,Karaga District communities,Karaga District communities,signed
1355,Zuweira Dauda,F,Enrolled Nurse,Karaga District communities,Karaga District communities,signed
1356,Adiza Dauda,F,Midwife,Karaga District communities,Karaga District communities,signed
1357,Fuseini Napari,F,Medical Assistant,Karaga District communities,Karaga District communities,signed
1358,Rahinatu Mahama,F,Enrolled Nurse,Karaga District communities,Karaga District communities,signed
1359,Zuweira Alhassan,F,Disease Control Officer,Karaga District communities,Karaga District communities,signed
1360,Mariam Yakubu,F,Community Health Officer,Karaga District communities,Karaga District communities,signed
1361,Hawa Mahama,F,Community Health Officer,Karaga District communities,Karaga District communities,signed
1362,Iddrisu Tia,F,Medical Assistant,Karaga District communities,Karaga District communities,signed
1363,Adiza Tia,F,Midwife,Karaga District communities,Karaga District communities,signed
1364,Baba Dauda,F,Disease Control Officer,Karaga District communities,Karaga District communities,signed
1365,Yakubu Fuseini,F,Enrolled Nurse,Karaga District communities,Karaga District communities,signed
1366,Memunatu Abdulai,F,Community Health Officer,Karaga District communities,Karaga District communities,signed
1367,Fuseini Napari,F,Enrolled Nurse,Karaga District communities,Karaga District communities,signed
1368,Iddrisu Abdulai,F,Enrolled Nurse,Karaga District communities,Karaga District communities,signed
1369,Iddrisu Tia,F,Medical Assistant,Karaga District communities,Karaga District communities,signed
1370,Abdul Iddrisu,F,Enrolled Nurse,Karaga District communities,Karaga District communities,signed
1371,Abu Dauda,F,Disease Control Officer,Karaga District communities,Karaga District communities,signed
1372,Fati Alhassan,F,Enrolled Nurse,Karaga District communities,Karaga District communities,signed
1373,Ayishetu Issahaku,F,Medical Assistant,Karaga District communities,Karaga District communities,signed
1374,Adiza Wumbei,F,Disease Control Officer,Karaga District communities,Karaga District communities,signed
1375,Alhassan Tia,F,Medical Assistant,Karaga District communities,Karaga District communities,signed
1376,Abdul Yakubu,F,Disease Control Officer,Karaga District communities,Karaga District communities,signed
1377,Adiza Iddrisu,F,Enrolled Nurse,Karaga District communities,Karaga District communities,signed
1378,Baba Seidu,F,Disease Control Officer,Karaga District communities,Karaga District communities,signed
1379,Abu Napari,F,Midwife,Karaga District communities,Karaga District communities,signed
1380,Hawa Issahaku,F,Enrolled Nurse,Karaga District communities,Karaga District communities,signed
1381,Zuweira Tia,F,Community Health Officer,Karaga District communities,Karaga District communities,signed
1382,Fuseini Napari,F,Disease Control Officer,Karaga District communities,Karaga District communities,signed
1383,Iddrisu Napari,F,Community Health Officer,Karaga District communities,Karaga District communities,signed
1384,Abdul Abdulai,F,Disease Control Officer,Karaga District communities,Karaga District communities,signed
1385,Adiza Issahaku,F,Midwife,Karaga District communities,Karaga District communities,signed
1386,Zuweira Abdulai,F,Enrolled Nurse,Karaga District communities,Karaga District communities,signed
1387,Ayishetu Mahama,F,Midwife,Karaga District communities,Karaga District communities,signed
1388,Zuweira Iddrisu,F,Enrolled Nurse,Karaga District communities,Karaga District communities,signed
1389,Zuweira Alhassan,F,Disease Control Officer,Karaga District communities,Karaga District communities,signed
1390,Mariam Alhassan,F,Midwife,Karaga District communities,Karaga District communities,signed
1391,Salamatu Issahaku,F,Midwife,Karaga District communities,Karaga District communities,signed
1392,Memunatu Issahaku,F,Enrolled Nurse,Karaga District communities,Karaga District communities,signed
1393,Fati Wumbei,F,Midwife,Karaga District communities,Karaga District communities,signed
1394,Baba Fuseini,F,Disease Control Officer,Karaga District communities,Karaga District communities,signed
1395,Abdul Alhassan,F,Community Health Officer,Karaga District communities,Karaga District communities,signed
1396,Mariam Yakubu,F,Medical Assistant,Karaga District communities,Karaga District communities,signed
1397,Zuweira Seidu,F,Midwife,Karaga District communities,Karaga District communities,signed
1398,Ayishetu Fuseini,F,Midwife,Karaga District communities,Karaga District communities,signed
1399,Abu Seidu,F,Disease Control Officer,Karaga District communities,Karaga District communities,signed
1400,Ayishetu Wumbei,F,Community Health Officer,Karaga District communities,Karaga District communities,signed
1401,Memunatu Dauda,F,Medical Assistant,Karaga District communities,Karaga District communities,signed
1402,Abu Seidu,F,Enrolled Nurse,Karaga District communities,Karaga District communities,signed
1403,Ayishetu Iddrisu,F,Midwife,Karaga District communities,Karaga District communities,signed
1404,Yakubu Alhassan,F,Disease Control Officer,Karaga District communities,Karaga District communities,signed
1405,Mohammed Issahaku,F,Medical Assistant,Karaga District communities,Karaga District communities,signed
1406,Zuweira Issahaku,F,Enrolled Nurse,Karaga District communities,Karaga District communities,signed
1407,Rahinatu Seidu,F,Medical Assistant,Karaga District communities,Karaga District communities,signed
1408,Fuseini Wumbei,F,Community Health Officer,Karaga District communities,Karaga District communities,signed
1409,Rahinatu Alhassan,F,Disease Control Officer,Karaga District communities,Karaga District communities,signed
1410,Abdul Abdulai,F,Enrolled Nurse,Karaga District communities,Karaga District communities,signed
1411,Hawa Dauda,F,Disease Control Officer,Karaga District communities,Karaga District communities,signed
1412,Abdul Yakubu,F,Enrolled Nurse,Karaga District communities,Karaga District communities,signed
1413,Memunatu Wumbei,F,Medical Assistant,Karaga District communities,Karaga District communities,signed
1414,Mariam Issahaku,F,Disease Control Officer,Karaga District communities,Karaga District communities,signed
1415,Fuseini Mahama,F,Medical Assistant,Karaga District communities,Karaga District communities,signed
1416,Memunatu Wumbei,F,Midwife,Karaga District communities,Karaga District communities,signed
1417,Yakubu Abdulai,F,Disease Control Officer,Karaga District communities,Karaga District communities,signed
1418,Abu Wumbei,F,Disease Control Officer,Karaga District communities,Karaga District communities,signed
1419,Baba Seidu,F,Disease Control Officer,Karaga District communities,Karaga District communities,signed
1420,Fati Tia,F,Community Health Officer,Karaga District communities,Karaga District communities,signed
1421,Abdul Dauda,F,Disease Control Officer,Karaga District communities,Karaga District communities,signed
1422,Alhassan Fuseini,F,Enrolled Nurse,Karaga District communities,Karaga District communities,signed
1423,Zuweira Mahama,F,Disease Control Officer,Karaga District communities,Karaga District communities,signed
1424,Zuweira Wumbei,F,Community Health Officer,Karaga District communities,Karaga District communities,signed
1425,Mohammed Issahaku,F,Enrolled Nurse,Karaga District communities,Karaga District communities,signed
1426,Memunatu Iddrisu,F,Disease Control Officer,Karaga District communities,Karaga District communities,signed
1427,Adiza Wumbei,F,Midwife,Karaga District communities,Karaga District communities,signed
1428,Salamatu Wumbei,F,Community Health Officer,Karaga District communities,Karaga District communities,signed
1429,Mohammed Fuseini,F,Disease Control Officer,Karaga District communities,Karaga District communities,signed
1430,Alhassan Iddrisu,F,Disease Control Officer,Karaga District communities,Karaga District communities,signed
1431,Mohammed Yakubu,F,Enrolled Nurse,Karaga District communities,Karaga District communities,signed
1432,Issah Wumbei,F,Community Health Officer,Karaga District communities,Karaga District communities,signed
1433,Memunatu Alhassan,F,Disease Control Officer,Karaga District communities,Karaga District communities,signed
1434,Mohammed Alhassan,F,Enrolled Nurse,Karaga District communities,Karaga District communities,signed
1435,Yakubu Dauda,F,Disease Control Officer,Karaga District communities,Karaga District communities,signed
1436,Memunatu Iddrisu,F,Community Health Officer,Karaga District communities,Karaga District communities,signed
1437,Yakubu Mahama,F,Enrolled Nurse,Karaga District communities,Karaga District communities,signed
1438,Sulemana Iddrisu,F,Midwife,Karaga District communities,Karaga District communities,signed
1439,Memunatu Iddrisu,F,Enrolled Nurse,Karaga District communities,Karaga District communities,signed
1440,Abu Issahaku,F,Medical Assistant,Karaga District communities,Karaga District communities,signed
1441,Fuseini Yakubu,F,Community Health Officer,Karaga District communities,Karaga District communities,signed
1442,Abdul Napari,F,Enrolled Nurse,Karaga District communities,Karaga District communities,signed
1443,Zuweira Seidu,F,Enrolled Nurse,Karaga District communities,Karaga District communities,signed
1444,Baba Fuseini,F,Midwife,Karaga District communities,Karaga District communities,signed
1445,Salamatu Fuseini,F,Midwife,Karaga District communities,Karaga District communities,signed
1446,Sanatu Issahaku,F,Disease Control Officer,Karaga District communities,Karaga District communities,signed
1447,Iddrisu Issahaku,F,Midwife,Karaga District communities,Karaga District communities,signed
1448,Sulemana Tia,F,Community Health Officer,Karaga District communities,Karaga District communities,signed
1449,Ayishetu Dauda,F,Midwife,Karaga District communities,Karaga District communities,signed
1450,Abu Yakubu,F,Medical Assistant,Karaga District communities,Karaga District communities,signed
1451,Fuseini Tia,F,Medical Assistant,Karaga District communities,Karaga District communities,signed
1452,Memunatu Fuseini,F,Medical Assistant,Karaga District communities,Karaga District communities,signed
1453,Issah Yakubu,F,Enrolled Nurse,Karaga District communities,Karaga District communities,signed
1454,Abu Fuseini,F,Midwife,Karaga District communities,Karaga District communities,signed
1455,Baba Issahaku,F,Midwife,Karaga District communities,Karaga District communities,signed
1456,Baba Napari,F,Medical Assistant,Karaga District communities,Karaga District communities,signed
1457,Sulemana Napari,F,Midwife,Karaga District communities,Karaga District communities,signed
1458,Fuseini Issahaku,F,Midwife,Karaga District communities,Karaga District communities,signed
1459,Iddrisu Fuseini,F,Disease Control Officer,Karaga District communities,Karaga District communities,signed
1460,Adiza Tia,F,Disease Control Officer,Karaga District communities,Karaga District communities,signed
1461,Memunatu Mahama,F,Midwife,Karaga District communities,Karaga District communities,signed
1462,Hawa Seidu,F,Medical Assistant,Karaga District communities,Karaga District communities,signed
1463,Zuweira Yakubu,F,Enrolled Nurse,Karaga District communities,Karaga District communities,signed
1464,Sanatu Yakubu,F,Disease Control Officer,Karaga District communities,Karaga District communities,signed
1465,Issah Alhassan,F,Midwife,Karaga District communities,Karaga District communities,signed
1466,Yakubu Fuseini,F,Community Health Officer,Karaga District communities,Karaga District communities,signed
1467,Iddrisu Iddrisu,F,Enrolled Nurse,Karaga District communities,Karaga District communities,signed
1468,Salamatu Mahama,F,Medical Assistant,Karaga District communities,Karaga District communities,signed
1469,Hawa Tia,F,Midwife,Karaga District communities,Karaga District communities,signed
1470,Mariam Wumbei,F,Enrolled Nurse,Karaga District communities,Karaga District communities,signed
1471,Fati Wumbei,F,Midwife,Karaga District communities,Karaga District communities,signed
1472,Sulemana Mahama,F,Midwife,Karaga District communities,Karaga District communities,signed
1473,Alhassan Alhassan,F,Community Health Officer,Karaga District communities,Karaga District communities,signed
1474,Hawa Tia,F,Disease Control Officer,Karaga District communities,Karaga District communities,signed
1475,Zuweira Tia,F,Midwife,Karaga District communities,Karaga District communities,signed
1476,Rahinatu Seidu,F,Disease Control Officer,Karaga District communities,Karaga District communities,signed
1477,Abdul Tia,F,Midwife,Karaga District communities,Karaga District communities,signed
1478,Zuweira Dauda,F,Community Health Officer,Karaga District communities,Karaga District communities,signed
1479,Abu Iddrisu,F,Disease Control Officer,Karaga District communities,Karaga District communities,signed
1480,Mohammed Dauda,F,Medical Assistant,Karaga District communities,Karaga District communities,signed
1481,Hawa Mahama,F,Midwife,Karaga District communities,Karaga District communities,signed
1482,Alhassan Dauda,F,Disease Control Officer,Karaga District communities,Karaga District communities,signed
1483,Baba Seidu,F,Community Health Officer,Karaga District communities,Karaga District communities,signed
1484,Adiza Abdulai,F,Midwife,Karaga District communities,Karaga District communities,signed
1485,Mohammed Abdulai,F,Enrolled Nurse,Karaga District communities,Karaga District communities,signed
1486,Adiza Iddrisu,F,Medical Assistant,Karaga District communities,Karaga District communities,signed
1487,Fuseini Dauda,F,Medical Assistant,Karaga District communities,Karaga District communities,signed
1488,Sanatu Dauda,F,Medical Assistant,Karaga District communities,Karaga District communities,signed
1489,Rahinatu Dauda,F,Enrolled Nurse,Karaga District communities,Karaga District communities,signed
1490,Rahinatu Wumbei,F,Enrolled Nurse,Karaga District communities,Karaga District communities,signed
1491,Ayishetu Napari,F,Medical Assistant,Karaga District communities,Karaga District communities,signed
1492,Iddrisu Wumbei,F,Midwife,Karaga District communities,Karaga District communities,signed
1493,Iddrisu Alhassan,F,Community Health Officer,Karaga District communities,Karaga District communities,signed
1494,Adiza Wumbei,F,Enrolled Nurse,Karaga District communities,Karaga District communities,signed
1495,Salamatu Tia,F,Community Health Officer,Karaga District communities,Karaga District communities,signed
1496,Mohammed Wumbei,F,Enrolled Nurse,Karaga District communities,Karaga District communities,signed
1497,Yakubu Issahaku,F,Enrolled Nurse,Karaga District communities,Karaga District communities,signed
1498,Memunatu Wumbei,F,Community Health Officer,Karaga District communities,Karaga District communities,signed
1499,Sanatu Alhassan,F,Disease Control Officer,Karaga District communities,Karaga District communities,signed
1500,Adiza Yakubu,F,Medical Assistant,Karaga District communities,Karaga District communities,signed
1501,Rahinatu Wumbei,F,Medical Assistant,Karaga District communities,Karaga District communities,signed
1502,Zuweira Wumbei,F,Community Health Officer,Karaga District communities,Karaga District communities,signed
1503,Mohammed Dauda,F,Enrolled Nurse,Karaga District communities,Karaga District communities,signed
1504,Memunatu Seidu,F,Community Health Officer,Karaga District communities,Karaga District communities,signed
1505,Hawa Mahama,F,Disease Control Officer,Karaga District communities,Karaga District communities,signed
1506,Hawa Wumbei,F,Enrolled Nurse,Karaga District communities,Karaga District communities,signed
1507,Fati Wumbei,F,Community Health Officer,Karaga District communities,Karaga District communities,signed
1508,Hawa Issahaku,F,Community Health Officer,Karaga District communities,Karaga District communities,signed
1509,Zuweira Issahaku,F,Medical Assistant,Karaga District communities,Karaga District communities,signed
1510,Hawa Napari,F,Medical Assistant,Karaga District communities,Karaga District communities,signed
1511,Hawa Wumbei,F,Midwife,Karaga District communities,Karaga District communities,signed
1512,Alhassan Fuseini,F,Community Health Officer,Karaga District communities,Karaga District communities,signed
1513,Adiza Abdulai,F,Community Health Officer,Karaga District communities,Karaga District communities,signed
1514,Abu Wumbei,F,Midwife,Karaga District communities,Karaga District communities,signed
1515,Baba Issahaku,F,Disease Control Officer,Karaga District communities,Karaga District communities,signed
1516,Memunatu Napari,F,Medical Assistant,Karaga District communities,Karaga District communities,signed
1517,Fuseini Napari,F,Enrolled Nurse,Karaga District communities,Karaga District communities,signed
1518,Memunatu Yakubu,F,Midwife,Karaga District communities,Karaga District communities,signed
1519,Issah Seidu,F,Disease Control Officer,Karaga District communities,Karaga District communities,signed
1520,Hawa Wumbei,F,Midwife,Karaga District communities,Karaga District communities,signed
1521,Abdul Mahama,F,Enrolled Nurse,Karaga District communities,Karaga District communities,signed
1522,Mohammed Yakubu,F,Midwife,Karaga District communities,Karaga District communities,signed
1523,Baba Seidu,F,Community Health Officer,Karaga District communities,Karaga District communities,signed
1524,Yakubu Alhassan,F,Medical Assistant,Karaga District communities,Karaga District communities,signed
1525,Adiza Alhassan,F,Community Health Officer,Karaga District communities,Karaga District communities,signed
1526,Fuseini Seidu,F,Midwife,Karaga District communities,Karaga District communities,signed
1527,Fati Dauda,F,Community Health Officer,Karaga District communities,Karaga District communities,signed
1528,Salamatu Napari,F,Medical Assistant,Karaga District communities,Karaga District communities,signed
1529,Sulemana Abdulai,F,Community Health Officer,Karaga District communities,Karaga District communities,signed
1530,Sanatu Napari,F,Midwife,Karaga District communities,Karaga District communities,signed
1531,Ayishetu Abdulai,F,Disease Control Officer,Karaga District communities,Karaga District communities,signed
1532,Baba Wumbei,F,Enrolled Nurse,Karaga District communities,Karaga District communities,signed
1533,Iddrisu Tia,F,Midwife,Karaga District communities,Karaga District communities,signed
1534,Adiza Mahama,F,Enrolled Nurse,Karaga District communities,Karaga District communities,signed
1535,Zuweira Abdulai,F,Medical Assistant,Karaga District communities,Karaga District communities,signed
1536,Zuweira Abdulai,F,Community Health Officer,Karaga District communities,Karaga District communities,signed
1537,Fuseini Alhassan,F,Midwife,Karaga District communities,Karaga District communities,signed
1538,Alhassan Mahama,F,Disease Control Officer,Karaga District communities,Karaga District communities,signed
1539,Mohammed Alhassan,F,Medical Assistant,Karaga District communities,Karaga District communities,signed
1540,Issah Iddrisu,F,Midwife,Karaga District communities,Karaga District communities,signed
1541,Memunatu Mahama,F,Midwife,Karaga District communities,Karaga District communities,signed
1542,Salamatu Issahaku,F,Midwife,Karaga District communities,Karaga District communities,signed
1543,Salamatu Issahaku,F,Medical Assistant,Karaga District communities,Karaga District communities,signed
1544,Abdul Alhassan,F,Midwife,Karaga District communities,Karaga District communities,signed
1545,Sanatu Fuseini,F,Enrolled Nurse,Karaga District communities,Karaga District communities,signed
1546,Ayishetu Mahama,F,Disease Control Officer,Karaga District communities,Karaga District communities,signed
1547,Yakubu Wumbei,F,Midwife,Karaga District communities,Karaga District communities,signed
1548,Rahinatu Tia,F,Midwife,Karaga District communities,Karaga District communities,signed
1549,Hawa Yakubu,F,Disease Control Officer,Karaga District communities,Karaga District communities,signed
1550,Abu Wumbei,F,Midwife,Karaga District communities,Karaga District communities,signed
1551,Adiza Seidu,F,Community Health Officer,Karaga District communities,Karaga District communities,signed
1552,Abu Issahaku,F,Midwife,Karaga District communities,Karaga District communities,signed
1553,Yakubu Napari,F,Disease Control Officer,Karaga District communities,Karaga District communities,signed
1554,Alhassan Wumbei,F,Community Health Officer,Karaga District communities,Karaga District communities,signed
1555,Rahinatu Tia,F,Enrolled Nurse,Karaga District communities,Karaga District communities,signed
1556,Sulemana Iddrisu,F,Community Health Officer,Karaga District communities,Karaga District communities,signed
1557,Rahinatu Abdulai,F,Community Health Officer,Karaga District communities,Karaga District communities,signed
1558,Fuseini Seidu,F,Disease Control Officer,Karaga District communities,Karaga District communities,signed
1559,Issah Fuseini,F,Midwife,Karaga District communities,Karaga District communities,signed
1560,Mohammed Tia,F,Medical Assistant,Karaga District communities,Karaga District communities,signed
1561,Yakubu Fuseini,F,Medical Assistant,Karaga District communities,Karaga District communities,signed
1562,Abu Yakubu,F,Enrolled Nurse,Karaga District communities,Karaga District communities,signed
1563,Alhassan Abdulai,F,Community Health Officer,Karaga District communities,Karaga District communities,signed
1564,Rahinatu Mahama,F,Enrolled Nurse,Karaga District communities,Karaga District communities,signed
1565,Mohammed Abdulai,F,Enrolled Nurse,Karaga District communities,Karaga District communities,signed
1566,Sanatu Napari,F,Midwife,Karaga District communities,Karaga District communities,signed
1567,Zuweira Yakubu,F,Midwife,Karaga District communities,Karaga District communities,signed
1568,Iddrisu Iddrisu,F,Midwife,Karaga District communities,Karaga District communities,signed
1569,Alhassan Dauda,F,Disease Control Officer,Karaga District communities,Karaga District communities,signed
1570,Ayishetu Mahama,F,Midwife,Karaga District communities,Karaga District communities,signed
1571,Alhassan Fuseini,F,Enrolled Nurse,Karaga District communities,Karaga District communities,signed
1572,Abu Seidu,F,Enrolled Nurse,Karaga District communities,Karaga District communities,signed
1573,Abu Napari,F,Medical Assistant,Karaga District communities,Karaga District communities,signed
1574,Baba Abdulai,F,Disease Control Officer,Karaga District communities,Karaga District communities,signed
1575,Sulemana Alhassan,F,Medical Assistant,Karaga District communities,Karaga District communities,signed
1576,Fuseini Seidu,F,Enrolled Nurse,Karaga District communities,Karaga District communities,signed
1577,Hawa Fuseini,F,Disease Control Officer,Karaga District communities,Karaga District communities,signed
1578,Fuseini Issahaku,F,Medical Assistant,Karaga District communities,Karaga District communities,signed
1579,Sanatu Issahaku,F,Midwife,Karaga District communities,Karaga District communities,signed
1580,Sulemana Yakubu,F,Midwife,Karaga District communities,Karaga District communities,signed
1581,Ayishetu Seidu,F,Community Health Officer,Karaga District communities,Karaga District communities,signed
1582,Hawa Seidu,F,Medical Assistant,Karaga District communities,Karaga District communities,signed
1583,Abdul Dauda,F,Enrolled Nurse,Karaga District communities,Karaga District communities,signed
1584,Memunatu Tia,F,Disease Control Officer,Karaga District communities,Karaga District communities,signed
1585,Salamatu Seidu,F,Disease Control Officer,Karaga District communities,Karaga District communities,signed
1586,Ayishetu Wumbei,F,Medical Assistant,Karaga District communities,Karaga District communities,signed
1587,Mohammed Fuseini,F,Disease Control Officer,Karaga District communities,Karaga District communities,signed
1588,Fati Yakubu,F,Midwife,Karaga District communities,Karaga District communities,signed
1589,Fati Dauda,F,Medical Assistant,Karaga District communities,Karaga District communities,signed
1590,Rahinatu Dauda,F,Midwife,Karaga District communities,Karaga District communities,signed
1591,Abdul Tia,F,Enrolled Nurse,Karaga District communities,Karaga District communities,signed
1592,Iddrisu Wumbei,F,Community Health Officer,Karaga District communities,Karaga District communities,signed
1593,Zuweira Dauda,F,Community Health Officer,Karaga District communities,Karaga District communities,signed
1594,Issah Abdulai,F,Community Health Officer,Karaga District communities,Karaga District communities,signed
1595,Alhassan Napari,F,Disease Control Officer,Karaga District communities,Karaga District communities,signed
1596,Fuseini Mahama,F,Disease Control Officer,Karaga District communities,Karaga District communities,signed
1597,Hawa Seidu,F,Midwife,Karaga District communities,Karaga District communities,signed
1598,Baba Issahaku,F,Community Health Officer,Karaga District communities,Karaga District communities,signed
1599,Yakubu Napari,F,Community Health Officer,Karaga District communities,Karaga District communities,signed
1600,Issah Napari,F,Midwife,Karaga District communities,Karaga District communities,signed
1601,Mariam Yakubu,F,Enrolled Nurse,Karaga District communities,Karaga District communities,signed
1602,Mariam Alhassan,F,Medical Assistant,Karaga District communities,Karaga District communities,signed
1603,Memunatu Seidu,F,Community Health Officer,Karaga District communities,Karaga District communities,signed
1604,Zuweira Wumbei,F,Midwife,Karaga District communities,Karaga District communities,signed
1605,Salamatu Yakubu,F,Enrolled Nurse,Karaga District communities,Karaga District communities,signed
1606,Yakubu Fuseini,F,Enrolled Nurse,Karaga District communities,Karaga District communities,signed
1607,Issah Iddrisu,F,Medical Assistant,Karaga District communities,Karaga District communities,signed
1608,Mohammed Wumbei,F,Community Health Officer,Karaga District communities,Karaga District communities,signed
1609,Abdul Yakubu,F,Disease Control Officer,Karaga District communities,Karaga District communities,signed
1610,Mohammed Iddrisu,F,Medical Assistant,Karaga District communities,Karaga District communities,signed
1611,Mohammed Abdulai,F,Community Health Officer,Karaga District communities,Karaga District communities,signed
1612,Salamatu Mahama,F,Community Health Officer,Karaga District communities,Karaga District communities,signed
1613,Sulemana Abdulai,F,Midwife,Karaga District communities,Karaga District communities,signed
1614,Abu Iddrisu,F,Enrolled Nurse,Karaga District communities,Karaga District communities,signed
1615,Abu Mahama,F,Enrolled Nurse,Karaga District communities,Karaga District communities,signed
1616,Iddrisu Yakubu,F,Medical Assistant,Karaga District communities,Karaga District communities,signed
1617,Yakubu Iddrisu,F,Midwife,Karaga District communities,Karaga District communities,signed
1618,Yakubu Wumbei,F,Community Health Officer,Karaga District communities,Karaga District communities,signed
1619,Hawa Mahama,F,Disease Control Officer,Karaga District communities,Karaga District communities,signed
1620,Iddrisu Dauda,F,Midwife,Karaga District communities,Karaga District communities,signed
1621,Salamatu Iddrisu,F,Enrolled Nurse,Karaga District communities,Karaga District communities,signed
1622,Ayishetu Napari,F,Midwife,Karaga District communities,Karaga District communities,signed
1623,Salamatu Alhassan,F,Medical Assistant,Karaga District communities,Karaga District communities,signed
1624,Yakubu Seidu,F,Midwife,Karaga District communities,Karaga District communities,signed
1625,Alhassan Napari,F,Community Health Officer,Karaga District communities,Karaga District communities,signed
1626,Ayishetu Seidu,F,Enrolled Nurse,Karaga District communities,Karaga District communities,signed
1627,Abdul Seidu,F,Community Health Officer,Karaga District communities,Karaga District communities,signed
1628,Yakubu Mahama,F,Enrolled Nurse,Karaga District communities,Karaga District communities,signed
1629,Adiza Fuseini,F,Midwife,Karaga District communities,Karaga District communities,signed
1630,Alhassan Dauda,F,Disease Control Officer,Karaga District communities,Karaga District communities,signed
1631,Zuweira Seidu,F,Community Health Officer,Karaga District communities,Karaga District communities,signed
1632,Adiza Yakubu,F,Midwife,Karaga District communities,Karaga District communities,signed
1633,Alhassan Iddrisu,F,Medical Assistant,Karaga District communities,Karaga District communities,signed
1634,Adiza Dauda,F,Midwife,Karaga District communities,Karaga District communities,signed
1635,Yakubu Mahama,F,Disease Control Officer,Karaga District communities,Karaga District communities,signed
1636,Adiza Iddrisu,F,Disease Control Officer,Karaga District communities,Karaga District communities,signed
1637,Sanatu Fuseini,F,Midwife,Karaga District communities,Karaga District communities,signed
1638,Yakubu Wumbei,F,Medical Assistant,Karaga District communities,Karaga District communities,signed
1639,Yakubu Tia,F,Medical Assistant,Karaga District communities,Karaga District communities,signed
1640,Mariam Tia,F,Midwife,Karaga District communities,Karaga District communities,signed
1641,Mohammed Iddrisu,F,Medical Assistant,Karaga District communities,Karaga District communities,signed
1642,Mariam Alhassan,F,Disease Control Officer,Karaga District communities,Karaga District communities,signed
1643,Salamatu Napari,F,Enrolled Nurse,Karaga District communities,Karaga District communities,signed
1644,Hawa Napari,F,Enrolled Nurse,Karaga District communities,Karaga District communities,signed
1645,Zuweira Tia,F,Community Health Officer,Karaga District communities,Karaga District communities,signed
1646,Memunatu Dauda,F,Disease Control Officer,Karaga District communities,Karaga District communities,signed
1647,Ayishetu Issahaku,F,Midwife,Karaga District communities,Karaga District communities,signed
1648,Abdul Alhassan,F,Medical Assistant,Karaga District communities,Karaga District communities,signed
1649,Sulemana Alhassan,F,Midwife,Karaga District communities,Karaga District communities,signed
1650,Mariam Tia,F,Disease Control Officer,Karaga District communities,Karaga District communities,signed
1651,Yakubu Issahaku,F,Community Health Officer,Karaga District communities,Karaga District communities,signed
1652,Rahinatu Seidu,F,Medical Assistant,Karaga District communities,Karaga District communities,signed
1653,Rahinatu Napari,F,Medical Assistant,Karaga District communities,Karaga District communities,signed
1654,Fati Mahama,F,Enrolled Nurse,Karaga District communities,Karaga District communities,signed
1655,Adiza Wumbei,F,Enrolled Nurse,Karaga District communities,Karaga District communities,signed
1656,Issah Napari,F,Midwife,Karaga District communities,Karaga District communities,signed
1657,Issah Wumbei,F,Disease Control Officer,Karaga District communities,Karaga District communities,signed
1658,Mariam Napari,F,Enrolled Nurse,Karaga District communities,Karaga District communities,signed
1659,Alhassan Dauda,F,Community Health Officer,Karaga District communities,Karaga District communities,signed
1660,Adiza Dauda,F,Disease Control Officer,Karaga District communities,Karaga District communities,signed
1661,Yakubu Iddrisu,F,Disease Control Officer,Karaga District communities,Karaga District communities,signed
1662,Sanatu Tia,F,Medical Assistant,Karaga District communities,Karaga District communities,signed
1663,Alhassan Wumbei,F,Medical Assistant,Karaga District communities,Karaga District communities,signed
1664,Adiza Fuseini,F,Disease Control Officer,Karaga District communities,Karaga District communities,signed
1665,Fuseini Alhassan,F,Midwife,Karaga District communities,Karaga District communities,signed
1666,Sanatu Tia,F,Enrolled Nurse,Karaga District communities,Karaga District communities,signed
1667,Abdul Abdulai,F,Enrolled Nurse,Karaga District communities,Karaga District communities,signed
1668,Ayishetu Seidu,F,Community Health Officer,Karaga District communities,Karaga District communities,signed
1669,Issah Tia,F,Midwife,Karaga District communities,Karaga District communities,signed
1670,Sanatu Dauda,F,Medical Assistant,Karaga District communities,Karaga District communities,signed
1671,Hawa Yakubu,F,Midwife,Karaga District communities,Karaga District communities,signed
1672,Zuweira Fuseini,F,Community Health Officer,Karaga District communities,Karaga District communities,signed
1673,Fuseini Tia,F,Community Health Officer,Karaga District communities,Karaga District communities,signed
1674,Fuseini Issahaku,F,Enrolled Nurse,Karaga District communities,Karaga District communities,signed
1675,Mariam Wumbei,F,Disease Control Officer,Karaga District communities,Karaga District communities,signed
1676,Fati Iddrisu,F,Medical Assistant,Karaga District communities,Karaga District communities,signed
1677,Zuweira Wumbei,F,Midwife,Karaga District communities,Karaga District communities,signed
1678,Yakubu Mahama,F,Enrolled Nurse,Karaga District communities,Karaga District communities,signed
1679,Baba Napari,F,Medical Assistant,Karaga District communities,Karaga District communities,signed
1680,Fuseini Mahama,F,Enrolled Nurse,Karaga District communities,Karaga District communities,signed
1681,Fati Abdulai,F,Community Health Officer,Karaga District communities,Karaga District communities,signed
1682,Ayishetu Abdulai,F,Community Health Officer,Karaga District communities,Karaga District communities,signed
1683,Iddrisu Tia,F,Medical Assistant,Karaga District communities,Karaga District communities,signed
1684,Rahinatu Tia,F,Community Health Officer,Karaga District communities,Karaga District communities,signed
1685,Hawa Napari,F,Midwife,Karaga District communities,Karaga District communities,signed
1686,Zuweira Napari,F,Medical Assistant,Karaga District communities,Karaga District communities,signed
1687,Mariam Yakubu,F,Community Health Officer,Karaga District communities,Karaga District communities,signed
1688,Hawa Iddrisu,F,Enrolled Nurse,Karaga District communities,Karaga District communities,signed
1689,Fuseini Napari,F,Enrolled Nurse,Karaga District communities,Karaga District communities,signed
1690,Abu Alhassan,F,Midwife,Karaga District communities,Karaga District communities,signed
1691,Ayishetu Wumbei,F,Community Health Officer,Karaga District communities,Karaga District communities,signed
1692,Ayishetu Tia,F,Medical Assistant,Karaga District communities,Karaga District communities,signed
1693,Iddrisu Wumbei,F,Disease Control Officer,Karaga District communities,Karaga District communities,signed
1694,Fati Issahaku,F,Midwife,Karaga District communities,Karaga District communities,signed
1695,Iddrisu Wumbei,F,Disease Control Officer,Karaga District communities,Karaga District communities,signed
1696,Abu Iddrisu,F,Enrolled Nurse,Karaga District communities,Karaga District communities,signed
1697,Zuweira Yakubu,F,Enrolled Nurse,Karaga District communities,Karaga District communities,signed
1698,Abdul Iddrisu,F,Disease Control Officer,Karaga District communities,Karaga District communities,signed
1699,Yakubu Iddrisu,F,Midwife,Karaga District communities,Karaga District communities,signed
1700,Alhassan Tia,F,Medical Assistant,Karaga District communities,Karaga District communities,signed
