No,Name,Sex,Cadre/Role,Facility/Community,District,Signature
1,Sanatu Fuseini,F,Community Health Officer,Tolon District communities,Tolon District communities,signed
2,Zuweira Abdulai,F,Enrolled Nurse,Tolon District communities,Tolon District communities,signed
3,Yakubu Iddrisu,F,Disease Control Officer,Tolon District communities,Tolon District communities,signed
4,Fati Yakubu,F,Enrolled Nurse,Tolon District communities,Tolon District communities,signed
5,Baba Yakubu,F,Midwife,Tolon District communities,Tolon District communities,signed
6,Iddrisu Issahaku,F,Midwife,Tolon District communities,Tolon District communities,signed
7,Fati Abdulai,F,Disease Control Officer,Tolon District communities,Tolon District communities,signed
8,Mariam Iddrisu,F,Disease Control Officer,Tolon District communities,Tolon District communities,signed
9,Sulemana Issahaku,F,Enrolled Nurse,Tolon District communities,Tolon District communities,signed
10,Ayishetu Abdulai,F,Medical Assistant,Tolon District communities,Tolon District communities,signed
11,Yakubu Yakubu,F,Community Health Officer,Tolon District communities,Tolon District communities,signed
12,Mariam Yakubu,F,Enrolled Nurse,Tolon District communities,Tolon District communities,signed
13,Sanatu Abdulai,F,Medical Assistant,Tolon District communities,Tolon District communities,signed
14,Fati Napari,F,Midwife,Tolon District communities,Tolon District communities,signed
15,Alhassan Alhassan,F,Medical Assistant,Tolon District communities,Tolon District communities,signed
16,Salamatu Yakubu,F,Enrolled Nurse,Tolon District communities,Tolon District communities,signed
17,Mariam Issahaku,F,Disease Control Officer,Tolon District communities,Tolon District communities,signed
18,Sanatu Fuseini,F,Community Health Officer,Tolon District communities,Tolon District communities,signed
19,Mohammed Issahaku,F,Disease Control Officer,Tolon District communities,Tolon District communities,signed
20,Ayishetu Tia,F,Enrolled Nurse,Tolon District communities,Tolon District communities,signed
21,Sulemana Wumbei,F,Medical Assistant,Tolon District communities,Tolon District communities,signed
22,Abdul Tia,F,Midwife,Tolon District communities,Tolon District communities,signed
23,Yakubu Yakubu,F,Enrolled Nurse,Tolon District communities,Tolon District communities,signed
24,Mariam Tia,F,Medical Assistant,Tolon District communities,Tolon District communities,signed
25,Rahinatu Mahama,F,Disease Control Officer,Tolon District communities,Tolon District communities,signed
26,Fuseini Mahama,F,Community Health Officer,Tolon District communities,Tolon District communities,signed
27,Fuseini Iddrisu,F,Medical Assistant,Tolon District communities,Tolon District communities,signed
28,Abu Wumbei,F,Midwife,Tolon District communities,Tolon District communities,signed
29,Alhassan Wumbei,F,Enrolled Nurse,Tolon District communities,Tolon District communities,signed
30,Fati Napari,F,Disease Control Officer,Tolon District communities,Tolon District communities,signed
31,Mohammed Napari,F,Midwife,Tolon District communities,Tolon District communities,signed
32,Mohammed Seidu,F,Disease Control Officer,Tolon District communities,Tolon District communities,signed
33,Adiza Yakubu,F,Midwife,Tolon District communities,Tolon District communities,signed
34,Ayishetu Issahaku,F,Enrolled Nurse,Tolon District communities,Tolon District communities,signed
35,Fuseini Yakubu,F,Medical Assistant,Tolon District communities,Tolon District communities,signed
36,Rahinatu Issahaku,F,Midwife,Tolon District communities,Tolon District communities,signed
37,Iddrisu Fuseini,F,Medical Assistant,Tolon District communities,Tolon District communities,signed
38,Iddrisu Issahaku,F,Community Health Officer,Tolon District communities,Tolon District communities,signed
39,Adiza Wumbei,F,Medical Assistant,Tolon District communities,Tolon District communities,signed
40,Adiza Alhassan,F,Midwife,Tolon District communities,Tolon District communities,signed
41,Sanatu Mahama,F,Enrolled Nurse,Tolon District communities,Tolon District communities,signed
42,Fati Mahama,F,Midwife,Tolon District communities,Tolon District communities,signed
43,Sulemana Dauda,F,Community Health Officer,Tolon District communities,Tolon District communities,signed
44,Issah Napari,F,Midwife,Tolon District communities,Tolon District communities,signed
45,Fati Napari,F,Enrolled Nurse,Tolon District communities,Tolon District communities,signed
46,Rahinatu Yakubu,F,Enrolled Nurse,Tolon District communities,Tolon District communities,signed
47,Zuweira Wumbei,F,Enrolled Nurse,Tolon District communities,Tolon District communities,signed
48,Mariam Yakubu,F,Enrolled Nurse,Tolon District communities,Tolon District communities,signed
49,Salamatu Issahaku,F,Enrolled Nurse,Tolon District communities,Tolon District communities,signed
50,Yakubu Fuseini,F,Midwife,Tolon District communities,Tolon District communities,signed
51,Ayishetu Alhassan,F,Enrolled Nurse,Tolon District communities,Tolon District communities,signed
52,Iddrisu Tia,F,Enrolled Nurse,Tolon District communities,Tolon District communities,signed
53,Rahinatu Tia,F,Midwife,Tolon District communities,Tolon District communities,signed
54,Salamatu Fuseini,F,Midwife,Tolon District communities,Tolon District communities,signed
55,Ayishetu Fuseini,F,Midwife,Tolon District communities,Tolon District communities,signed
56,Adiza Yakubu,F,Disease Control Officer,Tolon District communities,Tolon District communities,signed
57,Salamatu Abdulai,F,Medical Assistant,Tolon District communities,Tolon District communities,signed
58,Issah Yakubu,F,Disease Control Officer,Tolon District communities,Tolon District communities,signed
59,Zuweira Issahaku,F,Medical Assistant,Tolon District communities,Tolon District communities,signed
60,Iddrisu Wumbei,F,Medical Assistant,Tolon District communities,Tolon District communities,signed
61,Mohammed Yakubu,F,Community Health Officer,Tolon District communities,Tolon District communities,signed
62,Fuseini Mahama,F,Disease Control Officer,Tolon District communities,Tolon District communities,signed
63,Fuseini Napari,F,Enrolled Nurse,Tolon District communities,Tolon District communities,signed
64,Baba Abdulai,F,Midwife,Tolon District communities,Tolon District communities,signed
65,Baba Issahaku,F,Medical Assistant,Tolon District communities,Tolon District communities,signed
66,Yakubu Abdulai,F,Midwife,Tolon District communities,Tolon District communities,signed
67,Iddrisu Dauda,F,Enrolled Nurse,Tolon District communities,Tolon District communities,signed
68,Zuweira Wumbei,F,Community Health Officer,Tolon District communities,Tolon District communities,signed
69,Baba Yakubu,F,Medical Assistant,Tolon District communities,Tolon District communities,signed
70,Alhassan Fuseini,F,Enrolled Nurse,Tolon District communities,Tolon District communities,signed
71,Ayishetu Wumbei,F,Medical Assistant,Tolon District communities,Tolon District communities,signed
72,Zuweira Napari,F,Enrolled Nurse,Tolon District communities,Tolon District communities,signed
73,Memunatu Alhassan,F,Medical Assistant,Tolon District communities,Tolon District communities,signed
74,Salamatu Seidu,F,Midwife,Tolon District communities,Tolon District communities,signed
75,Issah Wumbei,F,Enrolled Nurse,Tolon District communities,Tolon District communities,signed
76,Alhassan Issahaku,F,Enrolled Nurse,Tolon District communities,Tolon District communities,signed
77,Zuweira Abdulai,F,Community Health Officer,Tolon District communities,Tolon District communities,signed
78,Ayishetu Mahama,F,Medical Assistant,Tolon District communities,Tolon District communities,signed
79,Salamatu Abdulai,F,Midwife,Tolon District communities,Tolon District communities,signed
80,Fuseini Napari,F,Midwife,Tolon District communities,Tolon District communities,signed
81,Memunatu Yakubu,F,Midwife,Tolon District communities,Tolon District communities,signed
82,Hawa Abdulai,F,Enrolled Nurse,Tolon District communities,Tolon District communities,signed
83,Fuseini Iddrisu,F,Disease Control Officer,Tolon District communities,Tolon District communities,signed
84,Ayishetu Wumbei,F,Community Health Officer,Tolon District communities,Tolon District communities,signed
85,Issah Abdulai,F,Community Health Officer,Tolon District communities,Tolon District communities,signed
86,Abu Napari,F,Enrolled Nurse,Tolon District communities,Tolon District communities,signed
87,Alhassan Issahaku,F,Enrolled Nurse,Tolon District communities,Tolon District communities,signed
88,Issah Mahama,F,Enrolled Nurse,Tolon District communities,Tolon District communities,signed
89,Zuweira Seidu,F,Midwife,Tolon District communities,Tolon District communities,signed
90,Adiza Yakubu,F,Midwife,Tolon District communities,Tolon District communities,signed
91,Mohammed Issahaku,F,Medical Assistant,Tolon District communities,Tolon District communities,signed
92,Fuseini Yakubu,F,Midwife,Tolon District communities,Tolon District communities,signed
93,Issah Issahaku,F,Disease Control Officer,Tolon District communities,Tolon District communities,signed
94,Baba Iddrisu,F,Enrolled Nurse,Tolon District communities,Tolon District communities,signed
95,Adiza Issahaku,F,Enrolled Nurse,Tolon District communities,Tolon District communities,signed
96,Mohammed Napari,F,Medical Assistant,Tolon District communities,Tolon District communities,signed
97,Yakubu Yakubu,F,Disease Control Officer,Tolon District communities,Tolon District communities,signed
98,Alhassan Napari,F,Community Health Officer,Tolon District communities,Tolon District communities,signed
99,Sanatu Fuseini,F,Enrolled Nurse,Tolon District communities,Tolon District communities,signed
100,Mohammed Iddrisu,F,Enrolled Nurse,Tolon District communities,Tolon District communities,signed
101,Mohammed Mahama,F,Medical Assistant,Tolon District communities,Tolon District communities,signed
102,Sulemana Alhassan,F,Medical Assistant,Tolon District communities,Tolon District communities,signed
103,Fuseini Mahama,F,Disease Control Officer,Tolon District communities,Tolon District communities,signed
104,Iddrisu Seidu,F,Medical Assistant,Tolon District communities,Tolon District communities,signed
105,Mohammed Tia,F,Midwife,Tolon District communities,Tolon District communities,signed
106,Mohammed Mahama,F,Medical Assistant,Tolon District communities,Tolon District communities,signed
107,Fati Fuseini,F,Community Health Officer,Tolon District communities,Tolon District communities,signed
108,Abdul Abdulai,F,Community Health Officer,Tolon District communities,Tolon District communities,signed
109,Ayishetu Alhassan,F,Disease Control Officer,Tolon District communities,Tolon District communities,signed
110,Fuseini Iddrisu,F,Disease Control Officer,Tolon District communities,Tolon District communities,signed
111,Mohammed Tia,F,Medical Assistant,Tolon District communities,Tolon District communities,signed
112,Baba Napari,F,Medical Assistant,Tolon District communities,Tolon District communities,signed
113,Fati Iddrisu,F,Medical Assistant,Tolon District communities,Tolon District communities,signed
114,Issah Napari,F,Medical Assistant,Tolon District communities,Tolon District communities,signed
115,Adiza Abdulai,F,Midwife,Tolon District communities,Tolon District communities,signed
116,Hawa Napari,F,Enrolled Nurse,Tolon District communities,Tolon District communities,signed
117,Baba Dauda,F,Medical Assistant,Tolon District communities,Tolon District communities,signed
118,Mariam Iddrisu,F,Disease Control Officer,Tolon District communities,Tolon District communities,signed
119,Rahinatu Napari,F,Enrolled Nurse,Tolon District communities,Tolon District communities,signed
120,Iddrisu Yakubu,F,Enrolled Nurse,Tolon District communities,Tolon District communities,signed
121,Adiza Wumbei,F,Medical Assistant,Tolon District communities,Tolon District communities,signed
122,Zuweira Seidu,F,Community Health Officer,Tolon District communities,Tolon District communities,signed
123,Zuweira Alhassan,F,Community Health Officer,Tolon District communities,Tolon District communities,signed
124,Fati Iddrisu,F,Enrolled Nurse,Tolon District communities,Tolon District communities,signed
125,Mariam Iddrisu,F,Enrolled Nurse,Tolon District communities,Tolon District communities,signed
126,Hawa Napari,F,Disease Control Officer,Tolon District communities,Tolon District communities,signed
127,Ayishetu Yakubu,F,Medical Assistant,Tolon District communities,Tolon District communities,signed
128,Sanatu Napari,F,Disease Control Officer,Tolon District communities,Tolon District communities,signed
129,Fuseini Mahama,F,Community Health Officer,Tolon District communities,Tolon District communities,signed
130,Salamatu Tia,F,Medical Assistant,Tolon District communities,Tolon District communities,signed
131,Fuseini Iddrisu,F,Enrolled Nurse,Tolon District communities,Tolon District communities,signed
132,Alhassan Iddrisu,F,Disease Control Officer,Tolon District communities,Tolon District communities,signed
133,Hawa Alhassan,F,Enrolled Nurse,Tolon District communities,Tolon District communities,signed
134,Ayishetu Tia,F,Medical Assistant,Tolon District communities,Tolon District communities,signed
135,Sulemana Alhassan,F,Disease Control Officer,Tolon District communities,Tolon District communities,signed
136,Iddrisu Wumbei,F,Medical Assistant,Tolon District communities,Tolon District communities,signed
137,Adiza Seidu,F,Community Health Officer,Tolon District communities,Tolon District communities,signed
138,Alhassan Tia,F,Midwife,Tolon District communities,Tolon District communities,signed
139,Sulemana Wumbei,F,Enrolled Nurse,Tolon District communities,Tolon District communities,signed
140,Zuweira Fuseini,F,Medical Assistant,Tolon District communities,Tolon District communities,signed
141,Baba Napari,F,Community Health Officer,Tolon District communities,Tolon District communities,signed
142,Rahinatu Tia,F,Midwife,Tolon District communities,Tolon District communities,signed
143,Iddrisu Mahama,F,Enrolled Nurse,Tolon District communities,Tolon District communities,signed
144,Abdul Yakubu,F,Community Health Officer,Tolon District communities,Tolon District communities,signed
145,Issah Dauda,F,Midwife,Tolon District communities,Tolon District communities,signed
146,Baba Wumbei,F,Midwife,Tolon District communities,Tolon District communities,signed
147,Abu Wumbei,F,Midwife,Tolon District communities,Tolon District communities,signed
148,Iddrisu Iddrisu,F,Disease Control Officer,Tolon District communities,Tolon District communities,signed
149,Abdul Seidu,F,Enrolled Nurse,Tolon District communities,Tolon District communities,signed
150,Iddrisu Napari,F,Midwife,Tolon District communities,Tolon District communities,signed
151,Hawa Seidu,F,Community Health Officer,Tolon District communities,Tolon District communities,signed
152,Zuweira Yakubu,F,Midwife,Tolon District communities,Tolon District communities,signed
153,Adiza Issahaku,F,Disease Control Officer,Tolon District communities,Tolon District communities,signed
154,Fati Napari,F,Disease Control Officer,Tolon District communities,Tolon District communities,signed
155,Hawa Mahama,F,Enrolled Nurse,Tolon District communities,Tolon District communities,signed
156,Abdul Yakubu,F,Enrolled Nurse,Tolon District communities,Tolon District communities,signed
157,Zuweira Issahaku,F,Community Health Officer,Tolon District communities,Tolon District communities,signed
158,Sanatu Seidu,F,Midwife,Tolon District communities,Tolon District communities,signed
159,Salamatu Yakubu,F,Community Health Officer,Tolon District communities,Tolon District communities,signed
160,Rahinatu Yakubu,F,Community Health Officer,Tolon District communities,Tolon District communities,signed
161,Iddrisu Tia,F,Medical Assistant,Tolon District communities,Tolon District communities,signed
162,Sulemana Issahaku,F,Community Health Officer,Tolon District communities,Tolon District communities,signed
163,Mariam Wumbei,F,Community Health Officer,Tolon District communities,Tolon District communities,signed
164,Mariam Issahaku,F,Midwife,Tolon District communities,Tolon District communities,signed
165,Iddrisu Mahama,F,Enrolled Nurse,Tolon District communities,Tolon District communities,signed
166,Abdul Abdulai,F,Enrolled Nurse,Tolon District communities,Tolon District communities,signed
167,Yakubu Napari,F,Enrolled Nurse,Tolon District communities,Tolon District communities,signed
168,Adiza Mahama,F,Enrolled Nurse,Tolon District communities,Tolon District communities,signed
169,Mariam Napari,F,Enrolled Nurse,Tolon District communities,Tolon District communities,signed
170,Mohammed Tia,F,Community Health Officer,Tolon District communities,Tolon District communities,signed
171,Abu Wumbei,F,Disease Control Officer,Tolon District communities,Tolon District communities,signed
172,Mariam Yakubu,F,Enrolled Nurse,Tolon District communities,Tolon District communities,signed
173,Issah Iddrisu,F,Disease Control Officer,Tolon District communities,Tolon District communities,signed
174,Salamatu Alhassan,F,Disease Control Officer,Tolon District communities,Tolon District communities,signed
175,Ayishetu Yakubu,F,Enrolled Nurse,Tolon District communities,Tolon District communities,signed
176,Mohammed Wumbei,F,Disease Control Officer,Tolon District communities,Tolon District communities,signed
177,Iddrisu Wumbei,F,Community Health Officer,Tolon District communities,Tolon District communities,signed
178,Hawa Fuseini,F,Midwife,Tolon District communities,Tolon District communities,signed
179,Mohammed Wumbei,F,Medical Assistant,Tolon District communities,Tolon District communities,signed
180,Yakubu Napari,F,Enrolled Nurse,Tolon District communities,Tolon District communities,signed
181,Salamatu Tia,F,Enrolled Nurse,Tolon District communities,Tolon District communities,signed
182,Mariam Napari,F,Medical Assistant,Tolon District communities,Tolon District communities,signed
183,Mariam Wumbei,F,Disease Control Officer,Tolon District communities,Tolon District communities,signed
184,Mohammed Abdulai,F,Disease Control Officer,Tolon District communities,Tolon District communities,signed
185,Sulemana Alhassan,F,Disease Control Officer,Tolon District communities,Tolon District communities,signed
186,Abu Abdulai,F,Midwife,Tolon District communities,Tolon District communities,signed
187,Ayishetu Yakubu,F,Midwife,Tolon District communities,Tolon District communities,signed
188,Fati Fuseini,F,Midwife,Tolon District communities,Tolon District communities,signed
189,Mohammed Alhassan,F,Midwife,Tolon District communities,Tolon District communities,signed
190,Abdul Issahaku,F,Medical Assistant,Tolon District communities,Tolon District communities,signed
191,Zuweira Napari,F,Disease Control Officer,Tolon District communities,Tolon District communities,signed
192,Ayishetu Issahaku,F,Disease Control Officer,Tolon District communities,Tolon District communities,signed
193,Yakubu Fuseini,F,Enrolled Nurse,Tolon District communities,Tolon District communities,signed
194,Baba Dauda,F,Enrolled Nurse,Tolon District communities,Tolon District communities,signed
195,Mariam Yakubu,F,Disease Control Officer,Tolon District communities,Tolon District communities,signed
196,Mohammed Fuseini,F,Disease Control Officer,Tolon District communities,Tolon District communities,signed
197,Ayishetu Dauda,F,Community Health Officer,Tolon District communities,Tolon District communities,signed
198,Issah Dauda,F,Enrolled Nurse,Tolon District communities,Tolon District communities,signed
199,Yakubu Seidu,F,Midwife,Tolon District communities,Tolon District communities,signed
200,Mariam Dauda,F,Disease Control Officer,Tolon District communities,Tolon District communities,signed
201,Rahinatu Tia,F,Community Health Officer,Tolon District communities,Tolon District communities,signed
202,Memunatu Fuseini,F,Enrolled Nurse,Tolon District communities,Tolon District communities,signed
203,Sulemana Yakubu,F,Disease Control Officer,Tolon District communities,Tolon District communities,signed
204,Mohammed Tia,F,Midwife,Tolon District communities,Tolon District communities,signed
205,Iddrisu Iddrisu,F,Enrolled Nurse,Tolon District communities,Tolon District communities,signed
206,Alhassan Abdulai,F,Enrolled Nurse,Tolon District communities,Tolon District communities,signed
207,Issah Fuseini,F,Community Health Officer,Tolon District communities,Tolon District communities,signed
208,Salamatu Alhassan,F,Medical Assistant,Tolon District communities,Tolon District communities,signed
209,Salamatu Dauda,F,Medical Assistant,Tolon District communities,Tolon District communities,signed
210,Baba Issahaku,F,Midwife,Tolon District communities,Tolon District communities,signed
211,Iddrisu Fuseini,F,Midwife,Tolon District communities,Tolon District communities,signed
212,Adiza Iddrisu,F,Medical Assistant,Tolon District communities,Tolon District communities,signed
213,Adiza Abdulai,F,Community Health Officer,Tolon District communities,Tolon District communities,signed
214,Abdul Napari,F,Disease Control Officer,Tolon District communities,Tolon District communities,signed
215,Sanatu Seidu,F,Disease Control Officer,Tolon District communities,Tolon District communities,signed
216,Sanatu Dauda,F,Midwife,Tolon District communities,Tolon District communities,signed
217,Rahinatu Tia,F,Enrolled Nurse,Tolon District communities,Tolon District communities,signed
218,Salamatu Tia,F,Disease Control Officer,Tolon District communities,Tolon District communities,signed
219,Zuweira Napari,F,Disease Control Officer,Tolon District communities,Tolon District communities,signed
220,Adiza Mahama,F,Enrolled Nurse,Tolon District communities,Tolon District communities,signed
221,Memunatu Napari,F,Disease Control Officer,Tolon District communities,Tolon District communities,signed
222,Alhassan Issahaku,F,Medical Assistant,Tolon District communities,Tolon District communities,signed
223,Fuseini Fuseini,F,Disease Control Officer,Tolon District communities,Tolon District communities,signed
224,Hawa Mahama,F,Community Health Officer,Tolon District communities,Tolon District communities,signed
225,Abu Yakubu,F,Medical Assistant,Tolon District communities,Tolon District communities,signed
226,Adiza Mahama,F,Disease Control Officer,Tolon District communities,Tolon District communities,signed
227,Adiza Mahama,F,Community Health Officer,Tolon District communities,Tolon District communities,signed
228,Mohammed Iddrisu,F,Midwife,Tolon District communities,Tolon District communities,signed
229,Ayishetu Dauda,F,Midwife,Tolon District communities,Tolon District communities,signed
230,Issah Napari,F,Disease Control Officer,Tolon District communities,Tolon District communities,signed
231,Rahinatu Iddrisu,F,Midwife,Tolon District communities,Tolon District communities,signed
232,Yakubu Napari,F,Community Health Officer,Tolon District communities,Tolon District communities,signed
233,Salamatu Yakubu,F,Midwife,Tolon District communities,Tolon District communities,signed
234,Mohammed Dauda,F,Enrolled Nurse,Tolon District communities,Tolon District communities,signed
235,Memunatu Alhassan,F,Midwife,Tolon District communities,Tolon District communities,signed
236,Rahinatu Abdulai,F,Enrolled Nurse,Tolon District communities,Tolon District communities,signed
237,Abu Seidu,F,Midwife,Tolon District communities,Tolon District communities,signed
238,Abdul Seidu,F,Medical Assistant,Tolon District communities,Tolon District communities,signed
239,Fati Fuseini,F,Midwife,Tolon District communities,Tolon District communities,signed
240,Iddrisu Seidu,F,Community Health Officer,Tolon District communities,Tolon District communities,signed
241,Hawa Fuseini,F,Medical Assistant,Tolon District communities,Tolon District communities,signed
242,Abdul Wumbei,F,Disease Control Officer,Tolon District communities,Tolon District communities,signed
243,Sulemana Yakubu,F,Midwife,Tolon District communities,Tolon District communities,signed
244,Fuseini Issahaku,F,Medical Assistant,Tolon District communities,Tolon District communities,signed
245,Mohammed Napari,F,Medical Assistant,Tolon District communities,Tolon District communities,signed
246,Hawa Iddrisu,F,Midwife,Tolon District communities,Tolon District communities,signed
247,Sulemana Issahaku,F,Medical Assistant,Tolon District communities,Tolon District communities,signed
248,Rahinatu Fuseini,F,Community Health Officer,Tolon District communities,Tolon District communities,signed
249,Zuweira Napari,F,Midwife,Tolon District communities,Tolon District communities,signed
250,Fati Yakubu,F,Disease Control Officer,Tolon District communities,Tolon District communities,signed
251,Fati Alhassan,F,Medical Assistant,Tolon District communities,Tolon District communities,signed
252,Zuweira Abdulai,F,Enrolled Nurse,Tolon District communities,Tolon District communities,signed
253,Sanatu Napari,F,Midwife,Tolon District communities,Tolon District communities,signed
254,Abu Iddrisu,F,Community Health Officer,Tolon District communities,Tolon District communities,signed
255,Zuweira Fuseini,F,Community Health Officer,Tolon District communities,Tolon District communities,signed
256,Yakubu Mahama,F,Medical Assistant,Tolon District communities,Tolon District communities,signed
257,Sanatu Fuseini,F,Medical Assistant,Tolon District communities,Tolon District communities,signed
258,Abdul Alhassan,F,Midwife,Tolon District communities,Tolon District communities,signed
259,Memunatu Mahama,F,Community Health Officer,Tolon District communities,Tolon District communities,signed
260,Memunatu Tia,F,Enrolled Nurse,Tolon District communities,Tolon District communities,signed
261,Mariam Fuseini,F,Disease Control Officer,Tolon District communities,Tolon District communities,signed
262,Sulemana Dauda,F,Enrolled Nurse,Tolon District communities,Tolon District communities,signed
263,Mariam Yakubu,F,Disease Control Officer,Tolon District communities,Tolon District communities,signed
264,Abu Alhassan,F,Disease Control Officer,Tolon District communities,Tolon District communities,signed
265,Zuweira Fuseini,F,Medical Assistant,Tolon District communities,Tolon District communities,signed
266,Baba Issahaku,F,Enrolled Nurse,Tolon District communities,Tolon District communities,signed
267,Zuweira Napari,F,Enrolled Nurse,Tolon District communities,Tolon District communities,signed
268,Zuweira Alhassan,F,Midwife,Tolon District communities,Tolon District communities,signed
269,Abdul Dauda,F,Community Health Officer,Tolon District communities,Tolon District communities,signed
270,Issah Wumbei,F,Community Health Officer,Tolon District communities,Tolon District communities,signed
271,Baba Iddrisu,F,Midwife,Tolon District communities,Tolon District communities,signed
272,Hawa Wumbei,F,Community Health Officer,Tolon District communities,Tolon District communities,signed
273,Salamatu Napari,F,Medical Assistant,Tolon District communities,Tolon District communities,signed
274,Iddrisu Wumbei,F,Medical Assistant,Tolon District communities,Tolon District communities,signed
275,Sanatu Napari,F,Medical Assistant,Tolon District communities,Tolon District communities,signed
276,Salamatu Dauda,F,Disease Control Officer,Tolon District communities,Tolon District communities,signed
277,Alhassan Iddrisu,F,Disease Control Officer,Tolon District communities,Tolon District communities,signed
278,Sulemana Seidu,F,Enrolled Nurse,Tolon District communities,Tolon District communities,signed
279,Memunatu Wumbei,F,Midwife,Tolon District communities,Tolon District communities,signed
280,Adiza Abdulai,F,Disease Control Officer,Tolon District communities,Tolon District communities,signed
281,Rahinatu Iddrisu,F,Community Health Officer,Tolon District communities,Tolon District communities,signed
282,Alhassan Dauda,F,Medical Assistant,Tolon District communities,Tolon District communities,signed
283,Sanatu Wumbei,F,Medical Assistant,Tolon District communities,Tolon District communities,signed
284,Iddrisu Yakubu,F,Disease Control Officer,Tolon District communities,Tolon District communities,signed
285,Abu Mahama,F,Medical Assistant,Tolon District communities,Tolon District communities,signed
286,Alhassan Napari,F,Enrolled Nurse,Tolon District communities,Tolon District communities,signed
287,Sulemana Issahaku,F,Community Health Officer,Tolon District communities,Tolon District communities,signed
288,Memunatu Abdulai,F,Disease Control Officer,Tolon District communities,Tolon District communities,signed
289,Alhassan Abdulai,F,Midwife,Tolon District communities,Tolon District communities,signed
290,Issah Iddrisu,F,Medical Assistant,Tolon District communities,Tolon District communities,signed
291,Zuweira Wumbei,F,Community Health Officer,Tolon District communities,Tolon District communities,signed
292,Hawa Mahama,F,Community Health Officer,Tolon District communities,Tolon District communities,signed
293,Alhassan Issahaku,F,Enrolled Nurse,Tolon District communities,Tolon District communities,signed
294,Ayishetu Napari,F,Disease Control Officer,Tolon District communities,Tolon District communities,signed
295,Fuseini Dauda,F,Disease Control Officer,Tolon District communities,Tolon District communities,signed
296,Sanatu Iddrisu,F,Community Health Officer,Tolon District communities,Tolon District communities,signed
297,Abdul Alhassan,F,Midwife,Tolon District communities,Tolon District communities,signed
298,Ayishetu Iddrisu,F,Midwife,Tolon District communities,Tolon District communities,signed
299,Iddrisu Abdulai,F,Enrolled Nurse,Tolon District communities,Tolon District communities,signed
300,Mariam Wumbei,F,Midwife,Tolon District communities,Tolon District communities,signed
301,Sulemana Alhassan,F,Enrolled Nurse,Tolon District communities,Tolon District communities,signed
302,Iddrisu Tia,F,Midwife,Tolon District communities,Tolon District communities,signed
303,Abdul Iddrisu,F,Midwife,Tolon District communities,Tolon District communities,signed
304,Alhassan Fuseini,F,Enrolled Nurse,Tolon District communities,Tolon District communities,signed
305,Fati Abdulai,F,Enrolled Nurse,Tolon District communities,Tolon District communities,signed
306,Adiza Abdulai,F,Midwife,Tolon District communities,Tolon District communities,signed
307,Abu Abdulai,F,Midwife,Tolon District communities,Tolon District communities,signed
308,Iddrisu Abdulai,F,Enrolled Nurse,Tolon District communities,Tolon District communities,signed
309,Issah Alhassan,F,Enrolled Nurse,Tolon District communities,Tolon District communities,signed
310,Yakubu Yakubu,F,Midwife,Tolon District communities,Tolon District communities,signed
311,Fuseini Seidu,F,Enrolled Nurse,Tolon District communities,Tolon District communities,signed
312,Salamatu Issahaku,F,Midwife,Tolon District communities,Tolon District communities,signed
313,Sanatu Wumbei,F,Medical Assistant,Tolon District communities,Tolon District communities,signed
314,Sulemana Napari,F,Midwife,Tolon District communities,Tolon District communities,signed
315,Rahinatu Seidu,F,Midwife,Tolon District communities,Tolon District communities,signed
316,Hawa Issahaku,F,Midwife,Tolon District communities,Tolon District communities,signed
317,Ayishetu Napari,F,Disease Control Officer,Tolon District communities,Tolon District communities,signed
318,Issah Issahaku,F,Medical Assistant,Tolon District communities,Tolon District communities,signed
319,Alhassan Yakubu,F,Midwife,Tolon District communities,Tolon District communities,signed
320,Sanatu Mahama,F,Medical Assistant,Tolon District communities,Tolon District communities,signed
321,Rahinatu Tia,F,Midwife,Tolon District communities,Tolon District communities,signed
322,Adiza Alhassan,F,Midwife,Tolon District communities,Tolon District communities,signed
323,Iddrisu Napari,F,Enrolled Nurse,Tolon District communities,Tolon District communities,signed
324,Iddrisu Mahama,F,Enrolled Nurse,Tolon District communities,Tolon District communities,signed
325,Memunatu Napari,F,Enrolled Nurse,Tolon District communities,Tolon District communities,signed
326,Zuweira Tia,F,Medical Assistant,Tolon District communities,Tolon District communities,signed
327,Mohammed Mahama,F,Enrolled Nurse,Tolon District communities,Tolon District communities,signed
328,Fati Dauda,F,Medical Assistant,Tolon District communities,Tolon District communities,signed
329,Abu Wumbei,F,Disease Control Officer,Tolon District communities,Tolon District communities,signed
330,Zuweira Abdulai,F,Medical Assistant,Tolon District communities,Tolon District communities,signed
331,Fuseini Abdulai,F,Medical Assistant,Tolon District communities,Tolon District communities,signed
332,Alhassan Seidu,F,Medical Assistant,Tolon District communities,Tolon District communities,signed
333,Rahinatu Wumbei,F,Medical Assistant,Tolon District communities,Tolon District communities,signed
334,Memunatu Mahama,F,Medical Assistant,Tolon District communities,Tolon District communities,signed
335,Alhassan Iddrisu,F,Community Health Officer,Tolon District communities,Tolon District communities,signed
336,Salamatu Dauda,F,Midwife,Tolon District communities,Tolon District communities,signed
337,Memunatu Napari,F,Enrolled Nurse,Tolon District communities,Tolon District communities,signed
338,Memunatu Yakubu,F,Disease Control Officer,Tolon District communities,Tolon District communities,signed
339,Abdul Dauda,F,Midwife,Tolon District communities,Tolon District communities,signed
340,Mohammed Yakubu,F,Disease Control Officer,Tolon District communities,Tolon District communities,signed
341,Abu Fuseini,F,Community Health Officer,Tolon District communities,Tolon District communities,signed
342,Rahinatu Alhassan,F,Disease Control Officer,Tolon District communities,Tolon District communities,signed
343,Rahinatu Iddrisu,F,Midwife,Tolon District communities,Tolon District communities,signed
344,Hawa Seidu,F,Disease Control Officer,Tolon District communities,Tolon District communities,signed
345,Sanatu Seidu,F,Disease Control Officer,Tolon District communities,Tolon District communities,signed
346,Yakubu Fuseini,F,Community Health Officer,Tolon District communities,Tolon District communities,signed
347,Rahinatu Napari,F,Medical Assistant,Tolon District communities,Tolon District communities,signed
348,Abu Abdulai,F,Enrolled Nurse,Tolon District communities,Tolon District communities,signed
349,Baba Abdulai,F,Community Health Officer,Tolon District communities,Tolon District communities,signed
350,Iddrisu Abdulai,F,Disease Control Officer,Tolon District communities,Tolon District communities,signed
351,Fati Mahama,F,Midwife,Tolon District communities,Tolon District communities,signed
352,Mohammed Fuseini,F,Disease Control Officer,Tolon District communities,Tolon District communities,signed
353,Abu Iddrisu,F,Disease Control Officer,Tolon District communities,Tolon District communities,signed
354,Baba Tia,F,Medical Assistant,Tolon District communities,Tolon District communities,signed
355,Sanatu Tia,F,Community Health Officer,Tolon District communities,Tolon District communities,signed
356,Sanatu Napari,F,Enrolled Nurse,Tolon District communities,Tolon District communities,signed
357,Salamatu Issahaku,F,Disease Control Officer,Tolon District communities,Tolon District communities,signed
358,Hawa Wumbei,F,Medical Assistant,Tolon District communities,Tolon District communities,signed
359,Mohammed Napari,F,Midwife,Tolon District communities,Tolon District communities,signed
360,Sulemana Dauda,F,Medical Assistant,Tolon District communities,Tolon District communities,signed
361,Abu Issahaku,F,Medical Assistant,Tolon District communities,Tolon District communities,signed
362,Hawa Iddrisu,F,Community Health Officer,Tolon District communities,Tolon District communities,signed
363,Issah Wumbei,F,Midwife,Tolon District communities,Tolon District communities,signed
364,Adiza Napari,F,Enrolled Nurse,Tolon District communities,Tolon District communities,signed
365,Adiza Issahaku,F,Disease Control Officer,Tolon District communities,Tolon District communities,signed
366,Fati Iddrisu,F,Enrolled Nurse,Tolon District communities,Tolon District communities,signed
367,Sanatu Mahama,F,Medical Assistant,Tolon District communities,Tolon District communities,signed
368,Zuweira Dauda,F,Disease Control Officer,Tolon District communities,Tolon District communities,signed
369,Rahinatu Tia,F,Enrolled Nurse,Tolon District communities,Tolon District communities,signed
370,Hawa Seidu,F,Midwife,Tolon District communities,Tolon District communities,signed
371,Mariam Wumbei,F,Medical Assistant,Tolon District communities,Tolon District communities,signed
372,Iddrisu Dauda,F,Enrolled Nurse,Tolon District communities,Tolon District communities,signed
373,Mohammed Yakubu,F,Community Health Officer,Tolon District communities,Tolon District communities,signed
374,Mariam Seidu,F,Community Health Officer,Tolon District communities,Tolon District communities,signed
375,Mariam Wumbei,F,Midwife,Tolon District communities,Tolon District communities,signed
376,Memunatu Alhassan,F,Enrolled Nurse,Tolon District communities,Tolon District communities,signed
377,Fuseini Iddrisu,F,Midwife,Tolon District communities,Tolon District communities,signed
378,Fuseini Alhassan,F,Midwife,Tolon District communities,Tolon District communities,signed
379,Memunatu Napari,F,Midwife,Tolon District communities,Tolon District communities,signed
380,Ayishetu Dauda,F,Disease Control Officer,Tolon District communities,Tolon District communities,signed
381,Issah Dauda,F,Disease Control Officer,Tolon District communities,Tolon District communities,signed
382,Mohammed Mahama,F,Community Health Officer,Tolon District communities,Tolon District communities,signed
383,Mariam Abdulai,F,Medical Assistant,Tolon District communities,Tolon District communities,signed
384,Fati Napari,F,Enrolled Nurse,Tolon District communities,Tolon District communities,signed
385,Abu Yakubu,F,Disease Control Officer,Tolon District communities,Tolon District communities,signed
386,Memunatu Yakubu,F,Community Health Officer,Tolon District communities,Tolon District communities,signed
387,Hawa Dauda,F,Disease Control Officer,Tolon District communities,Tolon District communities,signed
388,Sanatu Tia,F,Enrolled Nurse,Tolon District communities,Tolon District communities,signed
389,Zuweira Mahama,F,Community Health Officer,Tolon District communities,Tolon District communities,signed
390,Rahinatu Iddrisu,F,Enrolled Nurse,Tolon District communities,Tolon District communities,signed
391,Yakubu Yakubu,F,Medical Assistant,Tolon District communities,Tolon District communities,signed
392,Abu Mahama,F,Enrolled Nurse,Tolon District communities,Tolon District communities,signed
393,Abdul Alhassan,F,Community Health Officer,Tolon District communities,Tolon District communities,signed
394,Zuweira Tia,F,Disease Control Officer,Tolon District communities,Tolon District communities,signed
395,Memunatu Iddrisu,F,Disease Control Officer,Tolon District communities,Tolon District communities,signed
396,Baba Tia,F,Enrolled Nurse,Tolon District communities,Tolon District communities,signed
397,Alhassan Issahaku,F,Disease Control Officer,Tolon District communities,Tolon District communities,signed
398,Zuweira Dauda,F,Disease Control Officer,Tolon District communities,Tolon District communities,signed
399,Rahinatu Alhassan,F,Midwife,Tolon District communities,Tolon District communities,signed
400,Memunatu Dauda,F,Midwife,Tolon District communities,Tolon District communities,signed
401,Alhassan Seidu,F,Community Health Officer,Tolon District communities,Tolon District communities,signed
402,Abu Issahaku,F,Midwife,Tolon District communities,Tolon District communities,signed
403,Sulemana Yakubu,F,Community Health Officer,Tolon District communities,Tolon District communities,signed
404,Abu Napari,F,Midwife,Tolon District communities,Tolon District communities,signed
405,Sulemana Fuseini,F,Enrolled Nurse,Tolon District communities,Tolon District communities,signed
406,Adiza Abdulai,F,Enrolled Nurse,Tolon District communities,Tolon District communities,signed
407,Mariam Yakubu,F,Disease Control Officer,Tolon District communities,Tolon District communities,signed
408,Rahinatu Abdulai,F,Midwife,Tolon District communities,Tolon District communities,signed
409,Yakubu Yakubu,F,Community Health Officer,Tolon District communities,Tolon District communities,signed
410,Baba Yakubu,F,Enrolled Nurse,Tolon District communities,Tolon District communities,signed
411,Sanatu Abdulai,F,Enrolled Nurse,Tolon District communities,Tolon District communities,signed
412,Memunatu Seidu,F,Disease Control Officer,Tolon District communities,Tolon District communities,signed
413,Ayishetu Iddrisu,F,Enrolled Nurse,Tolon District communities,Tolon District communities,signed
414,Alhassan Iddrisu,F,Community Health Officer,Tolon District communities,Tolon District communities,signed
415,Issah Tia,F,Midwife,Tolon District communities,Tolon District communities,signed
416,Issah Issahaku,F,Midwife,Tolon District communities,Tolon District communities,signed
417,Adiza Fuseini,F,Disease Control Officer,Tolon District communities,Tolon District communities,signed
418,Zuweira Yakubu,F,Midwife,Tolon District communities,Tolon District communities,signed
419,Sulemana Mahama,F,Medical Assistant,Tolon District communities,Tolon District communities,signed
420,Fati Napari,F,Enrolled Nurse,Tolon District communities,Tolon District communities,signed
421,Baba Mahama,F,Medical Assistant,Tolon District communities,Tolon District communities,signed
422,Mariam Mahama,F,Enrolled Nurse,Tolon District communities,Tolon District communities,signed
423,Zuweira Napari,F,Midwife,Tolon District communities,Tolon District communities,signed
424,Sulemana Tia,F,Disease Control Officer,Tolon District communities,Tolon District communities,signed
425,Salamatu Wumbei,F,Enrolled Nurse,Tolon District communities,Tolon District communities,signed
426,Hawa Abdulai,F,Medical Assistant,Tolon District communities,Tolon District communities,signed
427,Hawa Abdulai,F,Disease Control Officer,Tolon District communities,Tolon District communities,signed
428,Issah Fuseini,F,Medical Assistant,Tolon District communities,Tolon District communities,signed
429,Fati Mahama,F,Community Health Officer,Tolon District communities,Tolon District communities,signed
430,Mariam Alhassan,F,Medical Assistant,Tolon District communities,Tolon District communities,signed
431,Abu Yakubu,F,Medical Assistant,Tolon District communities,Tolon District communities,signed
432,Salamatu Yakubu,F,Medical Assistant,Tolon District communities,Tolon District communities,signed
433,Rahinatu Wumbei,F,Community Health Officer,Tolon District communities,Tolon District communities,signed
434,Baba Napari,F,Community Health Officer,Tolon District communities,Tolon District communities,signed
435,Sanatu Dauda,F,Enrolled Nurse,Tolon District communities,Tolon District communities,signed
436,Abdul Fuseini,F,Community Health Officer,Tolon District communities,Tolon District communities,signed
437,Hawa Dauda,F,Disease Control Officer,Tolon District communities,Tolon District communities,signed
438,Baba Dauda,F,Medical Assistant,Tolon District communities,Tolon District communities,signed
439,Sanatu Alhassan,F,Enrolled Nurse,Tolon District communities,Tolon District communities,signed
440,Zuweira Fuseini,F,Disease Control Officer,Tolon District communities,Tolon District communities,signed
441,Adiza Fuseini,F,Enrolled Nurse,Tolon District communities,Tolon District communities,signed
442,Alhassan Mahama,F,Enrolled Nurse,Tolon District communities,Tolon District communities,signed
443,Hawa Abdulai,F,Disease Control Officer,Tolon District communities,Tolon District communities,signed
444,Mohammed Issahaku,F,Community Health Officer,Tolon District communities,Tolon District communities,signed
445,Alhassan Yakubu,F,Community Health Officer,Tolon District communities,Tolon District communities,signed
446,Abu Seidu,F,Midwife,Tolon District communities,Tolon District communities,signed
447,Mohammed Wumbei,F,Enrolled Nurse,Tolon District communities,Tolon District communities,signed
448,Iddrisu Wumbei,F,Medical Assistant,Tolon District communities,Tolon District communities,signed
449,Sulemana Yakubu,F,Disease Control Officer,Tolon District communities,Tolon District communities,signed
450,Yakubu Fuseini,F,Medical Assistant,Tolon District communities,Tolon District communities,signed
451,Abu Dauda,F,Enrolled Nurse,Tolon District communities,Tolon District communities,signed
452,Sanatu Wumbei,F,Community Health Officer,Tolon District communities,Tolon District communities,signed
453,Mariam Dauda,F,Medical Assistant,Tolon District communities,Tolon District communities,signed
454,Zuweira Tia,F,Enrolled Nurse,Tolon District communities,Tolon District communities,signed
455,Sulemana Yakubu,F,Community Health Officer,Tolon District communities,Tolon District communities,signed
456,Alhassan Tia,F,Disease Control Officer,Tolon District communities,Tolon District communities,signed
457,Salamatu Dauda,F,Community Health Officer,Tolon District communities,Tolon District communities,signed
458,Memunatu Napari,F,Community Health Officer,Tolon District communities,Tolon District communities,signed
459,Sanatu Issahaku,F,Midwife,Tolon District communities,Tolon District communities,signed
460,Alhassan Iddrisu,F,Community Health Officer,Tolon District communities,Tolon District communities,signed
461,Zuweira Issahaku,F,Disease Control Officer,Tolon District communities,Tolon District communities,signed
462,Salamatu Mahama,F,Midwife,Tolon District communities,Tolon District communities,signed
463,Abdul Abdulai,F,Enrolled Nurse,Tolon District communities,Tolon District communities,signed
464,Fuseini Napari,F,Enrolled Nurse,Tolon District communities,Tolon District communities,signed
465,Mariam Yakubu,F,Enrolled Nurse,Tolon District communities,Tolon District communities,signed
466,Abdul Napari,F,Community Health Officer,Tolon District communities,Tolon District communities,signed
467,Sulemana Iddrisu,F,Community Health Officer,Tolon District communities,Tolon District communities,signed
468,Ayishetu Dauda,F,Disease Control Officer,Tolon District communities,Tolon District communities,signed
469,Fuseini Seidu,F,Disease Control Officer,Tolon District communities,Tolon District communities,signed
470,Mariam Dauda,F,Midwife,Tolon District communities,Tolon District communities,signed
471,Hawa Tia,F,Community Health Officer,Tolon District communities,Tolon District communities,signed
472,Abdul Iddrisu,F,Enrolled Nurse,Tolon District communities,Tolon District communities,signed
473,Baba Wumbei,F,Enrolled Nurse,Tolon District communities,Tolon District communities,signed
474,Ayishetu Alhassan,F,Midwife,Tolon District communities,Tolon District communities,signed
475,Rahinatu Abdulai,F,Midwife,Tolon District communities,Tolon District communities,signed
476,Fuseini Issahaku,F,Midwife,Tolon District communities,Tolon District communities,signed
477,Abdul Fuseini,F,Disease Control Officer,Tolon District communities,Tolon District communities,signed
478,Zuweira Abdulai,F,Community Health Officer,Tolon District communities,Tolon District communities,signed
479,Sanatu Abdulai,F,Medical Assistant,Tolon District communities,Tolon District communities,signed
480,Issah Mahama,F,Community Health Officer,Tolon District communities,Tolon District communities,signed
481,Abu Abdulai,F,Enrolled Nurse,Tolon District communities,Tolon District communities,signed
482,Issah Wumbei,F,Midwife,Tolon District communities,Tolon District communities,signed
483,Sanatu Abdulai,F,Medical Assistant,Tolon District communities,Tolon District communities,signed
484,Sanatu Seidu,F,Community Health Officer,Tolon District communities,Tolon District communities,signed
485,Hawa Fuseini,F,Midwife,Tolon District communities,Tolon District communities,signed
486,Sanatu Dauda,F,Medical Assistant,Tolon District communities,Tolon District communities,signed
487,Sanatu Mahama,F,Community Health Officer,Tolon District communities,Tolon District communities,signed
488,Sanatu Tia,F,Midwife,Tolon District communities,Tolon District communities,signed
489,Rahinatu Mahama,F,Medical Assistant,Tolon District communities,Tolon District communities,signed
490,Abdul Tia,F,Disease Control Officer,Tolon District communities,Tolon District communities,signed
491,Zuweira Mahama,F,Community Health Officer,Tolon District communities,Tolon District communities,signed
492,Mariam Iddrisu,F,Community Health Officer,Tolon District communities,Tolon District communities,signed
493,Iddrisu Issahaku,F,Midwife,Tolon District communities,Tolon District communities,signed
494,Baba Fuseini,F,Medical Assistant,Tolon District communities,Tolon District communities,signed
495,Ayishetu Napari,F,Disease Control Officer,Tolon District communities,Tolon District communities,signed
496,Memunatu Issahaku,F,Enrolled Nurse,Tolon District communities,Tolon District communities,signed
497,Hawa Issahaku,F,Medical Assistant,Tolon District communities,Tolon District communities,signed
498,Ayishetu Dauda,F,Enrolled Nurse,Tolon District communities,Tolon District communities,signed
499,Baba Fuseini,F,Medical Assistant,Tolon District communities,Tolon District communities,signed
500,Abu Wumbei,F,Community Health Officer,Tolon District communities,Tolon District communities,signed
501,Sanatu Wumbei,F,Disease Control Officer,Tolon District communities,Tolon District communities,signed
502,Adiza Abdulai,F,Medical Assistant,Tolon District communities,Tolon District communities,signed
503,Iddrisu Dauda,F,Community Health Officer,Tolon District communities,Tolon District communities,signed
504,Issah Dauda,F,Midwife,Tolon District communities,Tolon District communities,signed
505,Issah Issahaku,F,Disease Control Officer,Tolon District communities,Tolon District communities,signed
506,Hawa Tia,F,Disease Control Officer,Tolon District communities,Tolon District communities,signed
507,Fati Iddrisu,F,Midwife,Tolon District communities,Tolon District communities,signed
508,Hawa Mahama,F,Enrolled Nurse,Tolon District communities,Tolon District communities,signed
509,Baba Napari,F,Midwife,Tolon District communities,Tolon District communities,signed
510,Alhassan Dauda,F,Medical Assistant,Tolon District communities,Tolon District communities,signed
511,Memunatu Mahama,F,Community Health Officer,Tolon District communities,Tolon District communities,signed
512,Mariam Seidu,F,Enrolled Nurse,Tolon District communities,Tolon District communities,signed
513,Baba Seidu,F,Medical Assistant,Tolon District communities,Tolon District communities,signed
514,Sanatu Napari,F,Enrolled Nurse,Tolon District communities,Tolon District communities,signed
515,Mohammed Fuseini,F,Medical Assistant,Tolon District communities,Tolon District communities,signed
516,Mohammed Alhassan,F,Community Health Officer,Tolon District communities,Tolon District communities,signed
517,Sulemana Iddrisu,F,Enrolled Nurse,Tolon District communities,Tolon District communities,signed
518,Abu Iddrisu,F,Midwife,Tolon District communities,Tolon District communities,signed
519,Salamatu Alhassan,F,Community Health Officer,Tolon District communities,Tolon District communities,signed
520,Adiza Dauda,F,Midwife,Tolon District communities,Tolon District communities,signed
521,Memunatu Mahama,F,Disease Control Officer,Tolon District communities,Tolon District communities,signed
522,Sulemana Napari,F,Community Health Officer,Tolon District communities,Tolon District communities,signed
523,Mohammed Seidu,F,Enrolled Nurse,Tolon District communities,Tolon District communities,signed
524,Mariam Fuseini,F,Enrolled Nurse,Tolon District communities,Tolon District communities,signed
525,Alhassan Alhassan,F,Disease Control Officer,Tolon District communities,Tolon District communities,signed
526,Sulemana Wumbei,F,Enrolled Nurse,Tolon District communities,Tolon District communities,signed
527,Yakubu Alhassan,F,Disease Control Officer,Tolon District communities,Tolon District communities,signed
528,Yakubu Tia,F,Enrolled Nurse,Tolon District communities,Tolon District communities,signed
529,Abdul Alhassan,F,Disease Control Officer,Tolon District communities,Tolon District communities,signed
530,Adiza Abdulai,F,Midwife,Tolon District communities,Tolon District communities,signed
531,Alhassan Napari,F,Midwife,Tolon District communities,Tolon District communities,signed
532,Yakubu Napari,F,Enrolled Nurse,Tolon District communities,Tolon District communities,signed
533,Salamatu Seidu,F,Community Health Officer,Tolon District communities,Tolon District communities,signed
534,Sulemana Mahama,F,Disease Control Officer,Tolon District communities,Tolon District communities,signed
535,Hawa Alhassan,F,Community Health Officer,Tolon District communities,Tolon District communities,signed
536,Baba Iddrisu,F,Community Health Officer,Tolon District communities,Tolon District communities,signed
537,Adiza Yakubu,F,Enrolled Nurse,Tolon District communities,Tolon District communities,signed
538,Issah Tia,F,Enrolled Nurse,Tolon District communities,Tolon District communities,signed
539,Rahinatu Mahama,F,Midwife,Tolon District communities,Tolon District communities,signed
540,Rahinatu Seidu,F,Community Health Officer,Tolon District communities,Tolon District communities,signed
541,Abu Fuseini,F,Enrolled Nurse,Tolon District communities,Tolon District communities,signed
542,Mariam Napari,F,Disease Control Officer,Tolon District communities,Tolon District communities,signed
543,Mohammed Tia,F,Community Health Officer,Tolon District communities,Tolon District communities,signed
544,Zuweira Seidu,F,Medical Assistant,Tolon District communities,Tolon District communities,signed
545,Issah Dauda,F,Disease Control Officer,Tolon District communities,Tolon District communities,signed
546,Rahinatu Wumbei,F,Disease Control Officer,Tolon District communities,Tolon District communities,signed
547,Fuseini Tia,F,Enrolled Nurse,Tolon District communities,Tolon District communities,signed
548,Adiza Fuseini,F,Midwife,Tolon District communities,Tolon District communities,signed
549,Mariam Dauda,F,Enrolled Nurse,Tolon District communities,Tolon District communities,signed
550,Adiza Mahama,F,Community Health Officer,Tolon District communities,Tolon District communities,signed
551,Issah Yakubu,F,Disease Control Officer,Tolon District communities,Tolon District communities,signed
552,Yakubu Seidu,F,Community Health Officer,Tolon District communities,Tolon District communities,signed
553,Baba Yakubu,F,Midwife,Tolon District communities,Tolon District communities,signed
554,Rahinatu Seidu,F,Community Health Officer,Tolon District communities,Tolon District communities,signed
555,Iddrisu Yakubu,F,Enrolled Nurse,Tolon District communities,Tolon District communities,signed
556,Zuweira Issahaku,F,Disease Control Officer,Tolon District communities,Tolon District communities,signed
557,Mariam Alhassan,F,Midwife,Tolon District communities,Tolon District communities,signed
558,Fati Wumbei,F,Enrolled Nurse,Tolon District communities,Tolon District communities,signed
559,Abdul Yakubu,F,Community Health Officer,Tolon District communities,Tolon District communities,signed
560,Zuweira Yakubu,F,Community Health Officer,Tolon District communities,Tolon District communities,signed
561,Hawa Mahama,F,Medical Assistant,Tolon District communities,Tolon District communities,signed
562,Rahinatu Mahama,F,Enrolled Nurse,Tolon District communities,Tolon District communities,signed
563,Ayishetu Dauda,F,Midwife,Tolon District communities,Tolon District communities,signed
564,Sanatu Napari,F,Enrolled Nurse,Tolon District communities,Tolon District communities,signed
565,Memunatu Napari,F,Midwife,Tolon District communities,Tolon District communities,signed
566,Zuweira Fuseini,F,Community Health Officer,Tolon District communities,Tolon District communities,signed
567,Zuweira Dauda,F,Midwife,Tolon District communities,Tolon District communities,signed
568,Baba Issahaku,F,Disease Control Officer,Tolon District communities,Tolon District communities,signed
569,Memunatu Napari,F,Enrolled Nurse,Tolon District communities,Tolon District communities,signed
570,Hawa Mahama,F,Medical Assistant,Tolon District communities,Tolon District communities,signed
571,Baba Alhassan,F,Community Health Officer,Tolon District communities,Tolon District communities,signed
572,Zuweira Abdulai,F,Community Health Officer,Tolon District communities,Tolon District communities,signed
573,Rahinatu Issahaku,F,Enrolled Nurse,Tolon District communities,Tolon District communities,signed
574,Mariam Dauda,F,Community Health Officer,Tolon District communities,Tolon District communities,signed
575,Salamatu Fuseini,F,Midwife,Tolon District communities,Tolon District communities,signed
576,Fuseini Fuseini,F,Community Health Officer,Tolon District communities,Tolon District communities,signed
577,Mariam Tia,F,Community Health Officer,Tolon District communities,Tolon District communities,signed
578,Abdul Dauda,F,Midwife,Tolon District communities,Tolon District communities,signed
579,Salamatu Iddrisu,F,Disease Control Officer,Tolon District communities,Tolon District communities,signed
580,Mariam Mahama,F,Enrolled Nurse,Tolon District communities,Tolon District communities,signed
581,Salamatu Napari,F,Medical Assistant,Tolon District communities,Tolon District communities,signed
582,Fuseini Tia,F,Midwife,Tolon District communities,Tolon District communities,signed
583,Mohammed Dauda,F,Medical Assistant,Tolon District communities,Tolon District communities,signed
584,Sulemana Mahama,F,Midwife,Tolon District communities,Tolon District communities,signed
585,Iddrisu Alhassan,F,Medical Assistant,Tolon District communities,Tolon District communities,signed
586,Memunatu Napari,F,Community Health Officer,Tolon District communities,Tolon District communities,signed
587,Memunatu Alhassan,F,Enrolled Nurse,Tolon District communities,Tolon District communities,signed
588,Issah Abdulai,F,Community Health Officer,Tolon District communities,Tolon District communities,signed
589,Mohammed Mahama,F,Enrolled Nurse,Tolon District communities,Tolon District communities,signed
590,Mariam Iddrisu,F,Medical Assistant,Tolon District communities,Tolon District communities,signed
591,Iddrisu Iddrisu,F,Enrolled Nurse,Tolon District communities,Tolon District communities,signed
592,Abdul Iddrisu,F,Medical Assistant,Tolon District communities,Tolon District communities,signed
593,Hawa Fuseini,F,Disease Control Officer,Tolon District communities,Tolon District communities,signed
594,Issah Yakubu,F,Community Health Officer,Tolon District communities,Tolon District communities,signed
595,Zuweira Tia,F,Disease Control Officer,Tolon District communities,Tolon District communities,signed
596,Ayishetu Alhassan,F,Midwife,Tolon District communities,Tolon District communities,signed
597,Mohammed Iddrisu,F,Disease Control Officer,Tolon District communities,Tolon District communities,signed
598,Mohammed Seidu,F,Midwife,Tolon District communities,Tolon District communities,signed
599,Zuweira Abdulai,F,Medical Assistant,Tolon District communities,Tolon District communities,signed
600,Mohammed Mahama,F,Enrolled Nurse,Tolon District communities,Tolon District communities,signed
601,Baba Mahama,F,Enrolled Nurse,Tolon District communities,Tolon District communities,signed
602,Hawa Fuseini,F,Medical Assistant,Tolon District communities,Tolon District communities,signed
603,Mohammed Issahaku,F,Disease Control Officer,Tolon District communities,Tolon District communities,signed
604,Mohammed Abdulai,F,Community Health Officer,Tolon District communities,Tolon District communities,signed
605,Iddrisu Napari,F,Midwife,Tolon District communities,Tolon District communities,signed
606,Ayishetu Tia,F,Midwife,Tolon District communities,Tolon District communities,signed
607,Sanatu Wumbei,F,Midwife,Tolon District communities,Tolon District communities,signed
608,Iddrisu Wumbei,F,Midwife,Tolon District communities,Tolon District communities,signed
609,Memunatu Alhassan,F,Disease Control Officer,Tolon District communities,Tolon District communities,signed
610,Adiza Napari,F,Community Health Officer,Tolon District communities,Tolon District communities,signed
611,Memunatu Napari,F,Community Health Officer,Tolon District communities,Tolon District communities,signed
612,Salamatu Seidu,F,Disease Control Officer,Tolon District communities,Tolon District communities,signed
613,Fuseini Tia,F,Disease Control Officer,Tolon District communities,Tolon District communities,signed
614,Fati Abdulai,F,Midwife,Tolon District communities,Tolon District communities,signed
615,Issah Seidu,F,Midwife,Tolon District communities,Tolon District communities,signed
616,Issah Iddrisu,F,Medical Assistant,Tolon District communities,Tolon District communities,signed
617,Mariam Napari,F,Enrolled Nurse,Tolon District communities,Tolon District communities,signed
618,Baba Abdulai,F,Disease Control Officer,Tolon District communities,Tolon District communities,signed
619,Zuweira Mahama,F,Midwife,Tolon District communities,Tolon District communities,signed
620,Abdul Tia,F,Disease Control Officer,Tolon District communities,Tolon District communities,signed
621,Iddrisu Wumbei,F,Enrolled Nurse,Tolon District communities,Tolon District communities,signed
622,Mariam Dauda,F,Enrolled Nurse,Tolon District communities,Tolon District communities,signed
623,Fati Wumbei,F,Midwife,Tolon District communities,Tolon District communities,signed
624,Baba Seidu,F,Medical Assistant,Tolon District communities,Tolon District communities,signed
625,Mariam Tia,F,Community Health Officer,Tolon District communities,Tolon District communities,signed
626,Mohammed Mahama,F,Community Health Officer,Tolon District communities,Tolon District communities,signed
627,Fati Wumbei,F,Community Health Officer,Tolon District communities,Tolon District communities,signed
628,Zuweira Abdulai,F,Community Health Officer,Tolon District communities,Tolon District communities,signed
629,Mariam Iddrisu,F,Disease Control Officer,Tolon District communities,Tolon District communities,signed
630,Issah Wumbei,F,Medical Assistant,Tolon District communities,Tolon District communities,signed
631,Adiza Iddrisu,F,Disease Control Officer,Tolon District communities,Tolon District communities,signed
632,Salamatu Alhassan,F,Disease Control Officer,Tolon District communities,Tolon District communities,signed
633,Issah Mahama,F,Enrolled Nurse,Tolon District communities,Tolon District communities,signed
634,Rahinatu Seidu,F,Medical Assistant,Tolon District communities,Tolon District communities,signed
635,Fati Wumbei,F,Midwife,Tolon District communities,Tolon District communities,signed
636,Mariam Yakubu,F,Medical Assistant,Tolon District communities,Tolon District communities,signed
637,Baba Napari,F,Midwife,Tolon District communities,Tolon District communities,signed
638,Fuseini Issahaku,F,Community Health Officer,Tolon District communities,Tolon District communities,signed
639,Baba Issahaku,F,Disease Control Officer,Tolon District communities,Tolon District communities,signed
640,Abu Dauda,F,Midwife,Tolon District communities,Tolon District communities,signed
641,Abu Abdulai,F,Medical Assistant,Tolon District communities,Tolon District communities,signed
642,Zuweira Fuseini,F,Medical Assistant,Tolon District communities,Tolon District communities,signed
643,Mariam Abdulai,F,Midwife,Tolon District communities,Tolon District communities,signed
644,Issah Mahama,F,Medical Assistant,Tolon District communities,Tolon District communities,signed
645,Yakubu Iddrisu,F,Disease Control Officer,Tolon District communities,Tolon District communities,signed
646,Ayishetu Dauda,F,Community Health Officer,Tolon District communities,Tolon District communities,signed
647,Ayishetu Mahama,F,Midwife,Tolon District communities,Tolon District communities,signed
648,Rahinatu Fuseini,F,Midwife,Tolon District communities,Tolon District communities,signed
649,Memunatu Napari,F,Midwife,Tolon District communities,Tolon District communities,signed
650,Issah Seidu,F,Community Health Officer,Tolon District communities,Tolon District communities,signed
651,Hawa Tia,F,Enrolled Nurse,Tolon District communities,Tolon District communities,signed
652,Abdul Yakubu,F,Community Health Officer,Tolon District communities,Tolon District communities,signed
653,Adiza Dauda,F,Enrolled Nurse,Tolon District communities,Tolon District communities,signed
654,Rahinatu Alhassan,F,Disease Control Officer,Tolon District communities,Tolon District communities,signed
655,Iddrisu Mahama,F,Midwife,Tolon District communities,Tolon District communities,signed
656,Rahinatu Dauda,F,Community Health Officer,Tolon District communities,Tolon District communities,signed
657,Issah Wumbei,F,Midwife,Tolon District communities,Tolon District communities,signed
658,Yakubu Issahaku,F,Medical Assistant,Tolon District communities,Tolon District communities,signed
659,Abu Wumbei,F,Community Health Officer,Tolon District communities,Tolon District communities,signed
660,Adiza Alhassan,F,Disease Control Officer,Tolon District communities,Tolon District communities,signed
661,Ayishetu Napari,F,Community Health Officer,Tolon District communities,Tolon District communities,signed
662,Zuweira Iddrisu,F,Community Health Officer,Tolon District communities,Tolon District communities,signed
663,Fuseini Fuseini,F,Enrolled Nurse,Tolon District communities,Tolon District communities,signed
664,Fati Iddrisu,F,Medical Assistant,Tolon District communities,Tolon District communities,signed
665,Salamatu Seidu,F,Community Health Officer,Tolon District communities,Tolon District communities,signed
666,Rahinatu Iddrisu,F,Disease Control Officer,Tolon District communities,Tolon District communities,signed
667,Sulemana Abdulai,F,Disease Control Officer,Tolon District communities,Tolon District communities,signed
668,Salamatu Tia,F,Enrolled Nurse,Tolon District communities,Tolon District communities,signed
669,Alhassan Issahaku,F,Disease Control Officer,Tolon District communities,Tolon District communities,signed
670,Abu Napari,F,Disease Control Officer,Tolon District communities,Tolon District communities,signed
671,Hawa Seidu,F,Enrolled Nurse,Tolon District communities,Tolon District communities,signed
672,Memunatu Abdulai,F,Medical Assistant,Tolon District communities,Tolon District communities,signed
673,Abdul Wumbei,F,Community Health Officer,Tolon District communities,Tolon District communities,signed
674,Adiza Mahama,F,Community Health Officer,Tolon District communities,Tolon District communities,signed
675,Adiza Yakubu,F,Medical Assistant,Tolon District communities,Tolon District communities,signed
676,Adiza Abdulai,F,Community Health Officer,Tolon District communities,Tolon District communities,signed
677,Ayishetu Fuseini,F,Disease Control Officer,Tolon District communities,Tolon District communities,signed
678,Mohammed Dauda,F,Midwife,Tolon District communities,Tolon District communities,signed
679,Fuseini Iddrisu,F,Midwife,Tolon District communities,Tolon District communities,signed
680,Sulemana Iddrisu,F,Disease Control Officer,Tolon District communities,Tolon District communities,signed
681,Issah Dauda,F,Community Health Officer,Tolon District communities,Tolon District communities,signed
682,Fati Wumbei,F,Midwife,Tolon District communities,Tolon District communities,signed
683,Abdul Mahama,F,Disease Control Officer,Tolon District communities,Tolon District communities,signed
684,Adiza Seidu,F,Disease Control Officer,Tolon District communities,Tolon District communities,signed
685,Ayishetu Fuseini,F,Medical Assistant,Tolon District communities,Tolon District communities,signed
686,Ayishetu Seidu,F,Community Health Officer,Tolon District communities,Tolon District communities,signed
687,Issah Tia,F,Disease Control Officer,Tolon District communities,Tolon District communities,signed
688,Iddrisu Seidu,F,Medical Assistant,Tolon District communities,Tolon District communities,signed
689,Alhassan Seidu,F,Medical Assistant,Tolon District communities,Tolon District communities,signed
690,Yakubu Issahaku,F,Community Health Officer,Tolon District communities,Tolon District communities,signed
691,Iddrisu Tia,F,Enrolled Nurse,Tolon District communities,Tolon District communities,signed
692,Fuseini Mahama,F,Medical Assistant,Tolon District communities,Tolon District communities,signed
693,Fuseini Tia,F,Disease Control Officer,Tolon District communities,Tolon District communities,signed
694,Sanatu Napari,F,Midwife,Tolon District communities,Tolon District communities,signed
695,Sanatu Wumbei,F,Community Health Officer,Tolon District communities,Tolon District communities,signed
696,Adiza Abdulai,F,Community Health Officer,Tolon District communities,Tolon District communities,signed
697,Alhassan Napari,F,Medical Assistant,Tolon District communities,Tolon District communities,signed
698,Abdul Napari,F,Midwife,Tolon District communities,Tolon District communities,signed
699,Memunatu Issahaku,F,Community Health Officer,Tolon District communities,Tolon District communities,signed
700,Yakubu Alhassan,F,Medical Assistant,Tolon District communities,Tolon District communities,signed
701,Hawa Wumbei,F,Enrolled Nurse,Tolon District communities,Tolon District communities,signed
702,Alhassan Napari,F,Midwife,Tolon District communities,Tolon District communities,signed
703,Sanatu Abdulai,F,Disease Control Officer,Tolon District communities,Tolon District communities,signed
704,Mohammed Alhassan,F,Midwife,Tolon District communities,Tolon District communities,signed
705,Adiza Fuseini,F,Enrolled Nurse,Tolon District communities,Tolon District communities,signed
706,Hawa Napari,F,Enrolled Nurse,Tolon District communities,Tolon District communities,signed
707,Abu Yakubu,F,Disease Control Officer,Tolon District communities,Tolon District communities,signed
708,Memunatu Alhassan,F,Medical Assistant,Tolon District communities,Tolon District communities,signed
709,Yakubu Tia,F,Disease Control Officer,Tolon District communities,Tolon District communities,signed
710,Zuweira Yakubu,F,Disease Control Officer,Tolon District communities,Tolon District communities,signed
711,Iddrisu Dauda,F,Midwife,Tolon District communities,Tolon District communities,signed
712,Salamatu Wumbei,F,Community Health Officer,Tolon District communities,Tolon District communities,signed
713,Ayishetu Wumbei,F,Disease Control Officer,Tolon District communities,Tolon District communities,signed
714,Abu Fuseini,F,Midwife,Tolon District communities,Tolon District communities,signed
715,Yakubu Alhassan,F,Disease Control Officer,Tolon District communities,Tolon District communities,signed
716,Issah Yakubu,F,Disease Control Officer,Tolon District communities,Tolon District communities,signed
717,Mohammed Dauda,F,Enrolled Nurse,Tolon District communities,Tolon District communities,signed
718,Fuseini Alhassan,F,Community Health Officer,Tolon District communities,Tolon District communities,signed
719,Ayishetu Wumbei,F,Enrolled Nurse,Tolon District communities,Tolon District communities,signed
720,Abdul Iddrisu,F,Enrolled Nurse,Tolon District communities,Tolon District communities,signed
721,Zuweira Alhassan,F,Enrolled Nurse,Tolon District communities,Tolon District communities,signed
722,Mariam Alhassan,F,Midwife,Tolon District communities,Tolon District communities,signed
723,Alhassan Napari,F,Community Health Officer,Tolon District communities,Tolon District communities,signed
724,Salamatu Abdulai,F,Midwife,Tolon District communities,Tolon District communities,signed
725,Fati Yakubu,F,Community Health Officer,Tolon District communities,Tolon District communities,signed
726,Memunatu Mahama,F,Midwife,Tolon District communities,Tolon District communities,signed
727,Fati Alhassan,F,Medical Assistant,Tolon District communities,Tolon District communities,signed
728,Fati Wumbei,F,Midwife,Tolon District communities,Tolon District communities,signed
729,Yakubu Yakubu,F,Midwife,Tolon District communities,Tolon District communities,signed
730,Fati Napari,F,Disease Control Officer,Tolon District communities,Tolon District communities,signed
731,Salamatu Alhassan,F,Midwife,Tolon District communities,Tolon District communities,signed
732,Sanatu Seidu,F,Midwife,Tolon District communities,Tolon District communities,signed
733,Memunatu Fuseini,F,Medical Assistant,Tolon District communities,Tolon District communities,signed
734,Mariam Abdulai,F,Disease Control Officer,Tolon District communities,Tolon District communities,signed
735,Issah Napari,F,Disease Control Officer,Tolon District communities,Tolon District communities,signed
736,Yakubu Mahama,F,Medical Assistant,Tolon District communities,Tolon District communities,signed
737,Mohammed Iddrisu,F,Community Health Officer,Tolon District communities,Tolon District communities,signed
738,Alhassan Napari,F,Enrolled Nurse,Tolon District communities,Tolon District communities,signed
739,Abu Abdulai,F,Midwife,Tolon District communities,Tolon District communities,signed
740,Adiza Yakubu,F,Midwife,Tolon District communities,Tolon District communities,signed
741,Zuweira Wumbei,F,Midwife,Tolon District communities,Tolon District communities,signed
742,Issah Iddrisu,F,Enrolled Nurse,Tolon District communities,Tolon District communities,signed
743,Ayishetu Iddrisu,F,Community Health Officer,Tolon District communities,Tolon District communities,signed
744,Sanatu Dauda,F,Medical Assistant,Tolon District communities,Tolon District communities,signed
745,Baba Wumbei,F,Community Health Officer,Tolon District communities,Tolon District communities,signed
746,Fuseini Tia,F,Enrolled Nurse,Tolon District communities,Tolon District communities,signed
747,Baba Issahaku,F,Enrolled Nurse,Tolon District communities,Tolon District communities,signed
748,Salamatu Napari,F,Disease Control Officer,Tolon District communities,Tolon District communities,signed
749,Abu Wumbei,F,Disease Control Officer,Tolon District communities,Tolon District communities,signed
750,Abdul Yakubu,F,Enrolled Nurse,Tolon District communities,Tolon District communities,signed
751,Abdul Dauda,F,Community Health Officer,Tolon District communities,Tolon District communities,signed
752,Yakubu Wumbei,F,Community Health Officer,Tolon District communities,Tolon District communities,signed
753,Mariam Seidu,F,Medical Assistant,Tolon District communities,Tolon District communities,signed
754,Alhassan Iddrisu,F,Community Health Officer,Tolon District communities,Tolon District communities,signed
755,Issah Iddrisu,F,Community Health Officer,Tolon District communities,Tolon District communities,signed
756,Baba Wumbei,F,Medical Assistant,Tolon District communities,Tolon District communities,signed
757,Rahinatu Iddrisu,F,Medical Assistant,Tolon District communities,Tolon District communities,signed
758,Abu Seidu,F,Disease Control Officer,Tolon District communities,Tolon District communities,signed
759,Fuseini Dauda,F,Medical Assistant,Tolon District communities,Tolon District communities,signed
760,Ayishetu Alhassan,F,Disease Control Officer,Tolon District communities,Tolon District communities,signed
761,Abdul Alhassan,F,Disease Control Officer,Tolon District communities,Tolon District communities,signed
762,Issah Wumbei,F,Enrolled Nurse,Tolon District communities,Tolon District communities,signed
763,Baba Mahama,F,Medical Assistant,Tolon District communities,Tolon District communities,signed
764,Zuweira Iddrisu,F,Enrolled Nurse,Tolon District communities,Tolon District communities,signed
765,Mariam Tia,F,Midwife,Tolon District communities,Tolon District communities,signed
766,Rahinatu Mahama,F,Disease Control Officer,Tolon District communities,Tolon District communities,signed
767,Ayishetu Fuseini,F,Disease Control Officer,Tolon District communities,Tolon District communities,signed
768,Adiza Alhassan,F,Midwife,Tolon District communities,Tolon District communities,signed
769,Mariam Wumbei,F,Medical Assistant,Tolon District communities,Tolon District communities,signed
770,Fati Napari,F,Enrolled Nurse,Tolon District communities,Tolon District communities,signed
771,Fati Seidu,F,Community Health Officer,Tolon District communities,Tolon District communities,signed
772,Memunatu Iddrisu,F,Enrolled Nurse,Tolon District communities,Tolon District communities,signed
773,Iddrisu Mahama,F,Midwife,Tolon District communities,Tolon District communities,signed
774,Hawa Dauda,F,Community Health Officer,Tolon District communities,Tolon District communities,signed
775,Mariam Alhassan,F,Midwife,Tolon District communities,Tolon District communities,signed
776,Alhassan Issahaku,F,Enrolled Nurse,Tolon District communities,Tolon District communities,signed
777,Issah Yakubu,F,Enrolled Nurse,Tolon District communities,Tolon District communities,signed
778,Ayishetu Issahaku,F,Medical Assistant,Tolon District communities,Tolon District communities,signed
779,Fuseini Yakubu,F,Enrolled Nurse,Tolon District communities,Tolon District communities,signed
780,Sulemana Seidu,F,Medical Assistant,Tolon District communities,Tolon District communities,signed
781,Iddrisu Napari,F,Medical Assistant,Tolon District communities,Tolon District communities,signed
782,Fuseini Fuseini,F,Disease Control Officer,Tolon District communities,Tolon District communities,signed
783,Sulemana Tia,F,Medical Assistant,Tolon District communities,Tolon District communities,signed
784,Sulemana Issahaku,F,Midwife,Tolon District communities,Tolon District communities,signed
785,Sulemana Seidu,F,Disease Control Officer,Tolon District communities,Tolon District communities,signed
786,Adiza Wumbei,F,Disease Control Officer,Tolon District communities,Tolon District communities,signed
787,Mohammed Seidu,F,Disease Control Officer,Tolon District communities,Tolon District communities,signed
788,Alhassan Yakubu,F,Disease Control Officer,Tolon District communities,Tolon District communities,signed
789,Yakubu Fuseini,F,Community Health Officer,Tolon District communities,Tolon District communities,signed
790,Abdul Yakubu,F,Community Health Officer,Tolon District communities,Tolon District communities,signed
791,Alhassan Yakubu,F,Disease Control Officer,Tolon District communities,Tolon District communities,signed
792,Mohammed Napari,F,Enrolled Nurse,Tolon District communities,Tolon District communities,signed
793,Sulemana Abdulai,F,Medical Assistant,Tolon District communities,Tolon District communities,signed
794,Baba Tia,F,Midwife,Tolon District communities,Tolon District communities,signed
795,Mohammed Alhassan,F,Medical Assistant,Tolon District communities,Tolon District communities,signed
796,Hawa Abdulai,F,Midwife,Tolon District communities,Tolon District communities,signed
797,Alhassan Wumbei,F,Community Health Officer,Tolon District communities,Tolon District communities,signed
798,Mohammed Yakubu,F,Midwife,Tolon District communities,Tolon District communities,signed
799,Iddrisu Alhassan,F,Disease Control Officer,Tolon District communities,Tolon District communities,signed
800,Fuseini Iddrisu,F,Medical Assistant,Tolon District communities,Tolon District communities,signed
801,Sulemana Abdulai,F,Medical Assistant,Tolon District communities,Tolon District communities,signed
802,Mariam Issahaku,F,Medical Assistant,Tolon District communities,Tolon District communities,signed
803,Abdul Iddrisu,F,Midwife,Tolon District communities,Tolon District communities,signed
804,Abu Wumbei,F,Disease Control Officer,Tolon District communities,Tolon District communities,signed
805,Memunatu Fuseini,F,Community Health Officer,Tolon District communities,Tolon District communities,signed
806,Abdul Iddrisu,F,Enrolled Nurse,Tolon District communities,Tolon District communities,signed
807,Abdul Mahama,F,Midwife,Tolon District communities,Tolon District communities,signed
808,Rahinatu Yakubu,F,Midwife,Tolon District communities,Tolon District communities,signed
809,Rahinatu Iddrisu,F,Enrolled Nurse,Tolon District communities,Tolon District communities,signed
810,Hawa Issahaku,F,Disease Control Officer,Tolon District communities,Tolon District communities,signed
811,Adiza Alhassan,F,Medical Assistant,Tolon District communities,Tolon District communities,signed
812,Iddrisu Yakubu,F,Community Health Officer,Tolon District communities,Tolon District communities,signed
813,Sulemana Iddrisu,F,Medical Assistant,Tolon District communities,Tolon District communities,signed
814,Salamatu Iddrisu,F,Disease Control Officer,Tolon District communities,Tolon District communities,signed
815,Abu Wumbei,F,Disease Control Officer,Tolon District communities,Tolon District communities,signed
816,Adiza Alhassan,F,Disease Control Officer,Tolon District communities,Tolon District communities,signed
817,Zuweira Dauda,F,Enrolled Nurse,Tolon District communities,Tolon District communities,signed
818,Yakubu Wumbei,F,Disease Control Officer,Tolon District communities,Tolon District communities,signed
819,Iddrisu Napari,F,Enrolled Nurse,Tolon District communities,Tolon District communities,signed
820,Yakubu Dauda,F,Enrolled Nurse,Tolon District communities,Tolon District communities,signed
821,Fuseini Seidu,F,Community Health Officer,Tolon District communities,Tolon District communities,signed
822,Yakubu Yakubu,F,Medical Assistant,Tolon District communities,Tolon District communities,signed
823,Mariam Alhassan,F,Community Health Officer,Tolon District communities,Tolon District communities,signed
824,Mariam Tia,F,Medical Assistant,Tolon District communities,Tolon District communities,signed
825,Salamatu Dauda,F,Enrolled Nurse,Tolon District communities,Tolon District communities,signed
826,Mariam Abdulai,F,Midwife,Tolon District communities,Tolon District communities,signed
827,Alhassan Mahama,F,Medical Assistant,Tolon District communities,Tolon District communities,signed
828,Hawa Issahaku,F,Enrolled Nurse,Tolon District communities,Tolon District communities,signed
829,Zuweira Dauda,F,Midwife,Tolon District communities,Tolon District communities,signed
830,Salamatu Yakubu,F,Medical Assistant,Tolon District communities,Tolon District communities,signed
831,Abu Issahaku,F,Medical Assistant,Tolon District communities,Tolon District communities,signed
832,Yakubu Iddrisu,F,Disease Control Officer,Tolon District communities,Tolon District communities,signed
833,Abdul Dauda,F,Community Health Officer,Tolon District communities,Tolon District communities,signed
834,Salamatu Wumbei,F,Midwife,Tolon District communities,Tolon District communities,signed
835,Iddrisu Iddrisu,F,Medical Assistant,Tolon District communities,Tolon District communities,signed
836,Fuseini Mahama,F,Medical Assistant,Tolon District communities,Tolon District communities,signed
837,Abu Napari,F,Disease Control Officer,Tolon District communities,Tolon District communities,signed
838,Hawa Dauda,F,Enrolled Nurse,Tolon District communities,Tolon District communities,signed
839,Hawa Dauda,F,Community Health Officer,Tolon District communities,Tolon District communities,signed
840,Baba Napari,F,Enrolled Nurse,Tolon District communities,Tolon District communities,signed
841,Fuseini Yakubu,F,Disease Control Officer,Tolon District communities,Tolon District communities,signed
842,Sanatu Abdulai,F,Community Health Officer,Tolon District communities,Tolon District communities,signed
843,Adiza Napari,F,Midwife,Tolon District communities,Tolon District communities,signed
844,Zuweira Dauda,F,Community Health Officer,Tolon District communities,Tolon District communities,signed
845,Hawa Dauda,F,Disease Control Officer,Tolon District communities,Tolon District communities,signed
846,Rahinatu Tia,F,Midwife,Tolon District communities,Tolon District communities,signed
847,Sulemana Wumbei,F,Community Health Officer,Tolon District communities,Tolon District communities,signed
848,Memunatu Wumbei,F,Community Health Officer,Tolon District communities,Tolon District communities,signed
849,Mariam Yakubu,F,Disease Control Officer,Tolon District communities,Tolon District communities,signed
850,Alhassan Abdulai,F,Enrolled Nurse,Tolon District communities,Tolon District communities,signed
851,Iddrisu Fuseini,F,Medical Assistant,Tolon District communities,Tolon District communities,signed
852,Issah Seidu,F,Midwife,Tolon District communities,Tolon District communities,signed
853,Abdul Seidu,F,Enrolled Nurse,Tolon District communities,Tolon District communities,signed
854,Sulemana Tia,F,Enrolled Nurse,Tolon District communities,Tolon District communities,signed
855,Fati Abdulai,F,Midwife,Tolon District communities,Tolon District communities,signed
856,Alhassan Napari,F,Disease Control Officer,Tolon District communities,Tolon District communities,signed
857,Adiza Fuseini,F,Community Health Officer,Tolon District communities,Tolon District communities,signed
858,Sulemana Wumbei,F,Disease Control Officer,Tolon District communities,Tolon District communities,signed
859,Iddrisu Yakubu,F,Midwife,Tolon District communities,Tolon District communities,signed
860,Alhassan Iddrisu,F,Enrolled Nurse,Tolon District communities,Tolon District communities,signed
861,Fuseini Abdulai,F,Medical Assistant,Tolon District communities,Tolon District communities,signed
862,Zuweira Abdulai,F,Community Health Officer,Tolon District communities,Tolon District communities,signed
863,Yakubu Tia,F,Medical Assistant,Tolon District communities,Tolon District communities,signed
864,Baba Mahama,F,Medical Assistant,Tolon District communities,Tolon District communities,signed
865,Issah Iddrisu,F,Enrolled Nurse,Tolon District communities,Tolon District communities,signed
866,Sulemana Wumbei,F,Disease Control Officer,Tolon District communities,Tolon District communities,signed
867,Fati Wumbei,F,Disease Control Officer,Tolon District communities,Tolon District communities,signed
868,Abdul Seidu,F,Medical Assistant,Tolon District communities,Tolon District communities,signed
869,Issah Fuseini,F,Community Health Officer,Tolon District communities,Tolon District communities,signed
870,Abu Abdulai,F,Midwife,Tolon District communities,Tolon District communities,signed
871,Alhassan Iddrisu,F,Medical Assistant,Tolon District communities,Tolon District communities,signed
872,Abu Fuseini,F,Disease Control Officer,Tolon District communities,Tolon District communities,signed
873,Abdul Tia,F,Midwife,Tolon District communities,Tolon District communities,signed
874,Sanatu Tia,F,Community Health Officer,Tolon District communities,Tolon District communities,signed
875,Fuseini Iddrisu,F,Disease Control Officer,Tolon District communities,Tolon District communities,signed
876,Issah Dauda,F,Medical Assistant,Tolon District communities,Tolon District communities,signed
877,Mohammed Seidu,F,Medical Assistant,Tolon District communities,Tolon District communities,signed
878,Sanatu Abdulai,F,Enrolled Nurse,Tolon District communities,Tolon District communities,signed
879,Abdul Seidu,F,Community Health Officer,Tolon District communities,Tolon District communities,signed
880,Alhassan Tia,F,Midwife,Tolon District communities,Tolon District communities,signed
881,Sulemana Fuseini,F,Community Health Officer,Tolon District communities,Tolon District communities,signed
882,Sulemana Wumbei,F,Disease Control Officer,Tolon District communities,Tolon District communities,signed
883,Iddrisu Mahama,F,Community Health Officer,Tolon District communities,Tolon District communities,signed
884,Baba Napari,F,Medical Assistant,Tolon District communities,Tolon District communities,signed
885,Baba Iddrisu,F,Midwife,Tolon District communities,Tolon District communities,signed
886,Fati Tia,F,Midwife,Tolon District communities,Tolon District communities,signed
887,Yakubu Tia,F,Midwife,Tolon District communities,Tolon District communities,signed
888,Iddrisu Wumbei,F,Community Health Officer,Tolon District communities,Tolon District communities,signed
889,Zuweira Fuseini,F,Midwife,Tolon District communities,Tolon District communities,signed
890,Ayishetu Seidu,F,Medical Assistant,Tolon District communities,Tolon District communities,signed
891,Hawa Tia,F,Community Health Officer,Tolon District communities,Tolon District communities,signed
892,Alhassan Napari,F,Medical Assistant,Tolon District communities,Tolon District communities,signed
893,Iddrisu Issahaku,F,Enrolled Nurse,Tolon District communities,Tolon District communities,signed
894,Sanatu Yakubu,F,Community Health Officer,Tolon District communities,Tolon District communities,signed
895,Ayishetu Tia,F,Midwife,Tolon District communities,Tolon District communities,signed
896,Rahinatu Abdulai,F,Medical Assistant,Tolon District communities,Tolon District communities,signed
897,Zuweira Issahaku,F,Enrolled Nurse,Tolon District communities,Tolon District communities,signed
898,Iddrisu Alhassan,F,Midwife,Tolon District communities,Tolon District communities,signed
899,Mohammed Fuseini,F,Enrolled Nurse,Tolon District communities,Tolon District communities,signed
900,Abdul Abdulai,F,Community Health Officer,Tolon District communities,Tolon District communities,signed
901,Abdul Issahaku,F,Medical Assistant,Tolon District communities,Tolon District communities,signed
902,Baba Yakubu,F,Enrolled Nurse,Tolon District communities,Tolon District communities,signed
903,Sulemana Napari,F,Medical Assistant,Tolon District communities,Tolon District communities,signed
904,Hawa Issahaku,F,Community Health Officer,Tolon District communities,Tolon District communities,signed
905,Iddrisu Seidu,F,Midwife,Tolon District communities,Tolon District communities,signed
906,Fuseini Yakubu,F,Midwife,Tolon District communities,Tolon District communities,signed
907,Memunatu Dauda,F,Medical Assistant,Tolon District communities,Tolon District communities,signed
908,Rahinatu Dauda,F,Disease Control Officer,Tolon District communities,Tolon District communities,signed
909,Iddrisu Napari,F,Medical Assistant,Tolon District communities,Tolon District communities,signed
910,Ayishetu Fuseini,F,Disease Control Officer,Tolon District communities,Tolon District communities,signed
911,Zuweira Tia,F,Disease Control Officer,Tolon District communities,Tolon District communities,signed
912,Issah Issahaku,F,Enrolled Nurse,Tolon District communities,Tolon District communities,signed
913,Mohammed Seidu,F,Midwife,Tolon District communities,Tolon District communities,signed
914,Fuseini Seidu,F,Midwife,Tolon District communities,Tolon District communities,signed
915,Issah Abdulai,F,Medical Assistant,Tolon District communities,Tolon District communities,signed
916,Adiza Seidu,F,Medical Assistant,Tolon District communities,Tolon District communities,signed
917,Sanatu Issahaku,F,Enrolled Nurse,Tolon District communities,Tolon District communities,signed
918,Mohammed Mahama,F,Community Health Officer,Tolon District communities,Tolon District communities,signed
919,Hawa Dauda,F,Midwife,Tolon District communities,Tolon District communities,signed
920,Mohammed Tia,F,Community Health Officer,Tolon District communities,Tolon District communities,signed
921,Iddrisu Mahama,F,Community Health Officer,Tolon District communities,Tolon District communities,signed
922,Fuseini Abdulai,F,Medical Assistant,Tolon District communities,Tolon District communities,signed
923,Rahinatu Napari,F,Medical Assistant,Tolon District communities,Tolon District communities,signed
924,Abu Iddrisu,F,Disease Control Officer,Tolon District communities,Tolon District communities,signed
925,Rahinatu Yakubu,F,Disease Control Officer,Tolon District communities,Tolon District communities,signed
926,Sanatu Yakubu,F,Medical Assistant,Tolon District communities,Tolon District communities,signed
927,Abdul Abdulai,F,Midwife,Tolon District communities,Tolon District communities,signed
928,Fuseini Dauda,F,Disease Control Officer,Tolon District communities,Tolon District communities,signed
929,Alhassan Alhassan,F,Medical Assistant,Tolon District communities,Tolon District communities,signed
930,Sanatu Iddrisu,F,Disease Control Officer,Tolon District communities,Tolon District communities,signed
931,Salamatu Fuseini,F,Disease Control Officer,Tolon District communities,Tolon District communities,signed
932,Abu Alhassan,F,Midwife,Tolon District communities,Tolon District communities,signed
933,Iddrisu Tia,F,Midwife,Tolon District communities,Tolon District communities,signed
934,Yakubu Dauda,F,Midwife,Tolon District communities,Tolon District communities,signed
935,Hawa Dauda,F,Medical Assistant,Tolon District communities,Tolon District communities,signed
936,Yakubu Tia,F,Community Health Officer,Tolon District communities,Tolon District communities,signed
937,Sulemana Abdulai,F,Community Health Officer,Tolon District communities,Tolon District communities,signed
938,Iddrisu Napari,F,Medical Assistant,Tolon District communities,Tolon District communities,signed
939,Mohammed Abdulai,F,Midwife,Tolon District communities,Tolon District communities,signed
940,Yakubu Wumbei,F,Community Health Officer,Tolon District communities,Tolon District communities,signed
941,Hawa Fuseini,F,Medical Assistant,Tolon District communities,Tolon District communities,signed
942,Ayishetu Fuseini,F,Medical Assistant,Tolon District communities,Tolon District communities,signed
943,Memunatu Abdulai,F,Enrolled Nurse,Tolon District communities,Tolon District communities,signed
944,Yakubu Fuseini,F,Disease Control Officer,Tolon District communities,Tolon District communities,signed
945,Sanatu Fuseini,F,Disease Control Officer,Tolon District communities,Tolon District communities,signed
946,Issah Napari,F,Enrolled Nurse,Tolon District communities,Tolon District communities,signed
947,Abdul Wumbei,F,Disease Control Officer,Tolon District communities,Tolon District communities,signed
948,Issah Seidu,F,Disease Control Officer,Tolon District communities,Tolon District communities,signed
949,Rahinatu Abdulai,F,Enrolled Nurse,Tolon District communities,Tolon District communities,signed
950,Abu Dauda,F,Disease Control Officer,Tolon District communities,Tolon District communities,signed
951,Adiza Wumbei,F,Community Health Officer,Tolon District communities,Tolon District communities,signed
952,Memunatu Iddrisu,F,Medical Assistant,Tolon District communities,Tolon District communities,signed
953,Ayishetu Wumbei,F,Enrolled Nurse,Tolon District communities,Tolon District communities,signed
954,Alhassan Fuseini,F,Medical Assistant,Tolon District communities,Tolon District communities,signed
955,Adiza Tia,F,Enrolled Nurse,Tolon District communities,Tolon District communities,signed
956,Sanatu Alhassan,F,Medical Assistant,Tolon District communities,Tolon District communities,signed
957,Fati Iddrisu,F,Enrolled Nurse,Tolon District communities,Tolon District communities,signed
958,Sulemana Yakubu,F,Disease Control Officer,Tolon District communities,Tolon District communities,signed
959,Adiza Alhassan,F,Medical Assistant,Tolon District communities,Tolon District communities,signed
960,Fati Abdulai,F,Midwife,Tolon District communities,Tolon District communities,signed
961,Hawa Mahama,F,Enrolled Nurse,Tolon District communities,Tolon District communities,signed
962,Mohammed Abdulai,F,Disease Control Officer,Tolon District communities,Tolon District communities,signed
963,Mohammed Mahama,F,Medical Assistant,Tolon District communities,Tolon District communities,signed
964,Hawa Seidu,F,Enrolled Nurse,Tolon District communities,Tolon District communities,signed
965,Rahinatu Iddrisu,F,Community Health Officer,Tolon District communities,Tolon District communities,signed
966,Mariam Yakubu,F,Enrolled Nurse,Tolon District communities,Tolon District communities,signed
967,Abdul Abdulai,F,Community Health Officer,Tolon District communities,Tolon District communities,signed
968,Baba Issahaku,F,Community Health Officer,Tolon District communities,Tolon District communities,signed
969,Salamatu Abdulai,F,Enrolled Nurse,Tolon District communities,Tolon District communities,signed
970,Fati Wumbei,F,Enrolled Nurse,Tolon District communities,Tolon District communities,signed
971,Hawa Alhassan,F,Midwife,Tolon District communities,Tolon District communities,signed
972,Issah Issahaku,F,Community Health Officer,Tolon District communities,Tolon District communities,signed
973,Mohammed Iddrisu,F,Medical Assistant,Tolon District communities,Tolon District communities,signed
974,Ayishetu Issahaku,F,Medical Assistant,Tolon District communities,Tolon District communities,signed
975,Fati Fuseini,F,Enrolled Nurse,Tolon District communities,Tolon District communities,signed
976,Sanatu Mahama,F,Midwife,Tolon District communities,Tolon District communities,signed
977,Yakubu Seidu,F,Community Health Officer,Tolon District communities,Tolon District communities,signed
978,Salamatu Abdulai,F,Community Health Officer,Tolon District communities,Tolon District communities,signed
979,Ayishetu Yakubu,F,Enrolled Nurse,Tolon District communities,Tolon District communities,signed
980,Ayishetu Tia,F,Enrolled Nurse,Tolon District communities,Tolon District communities,signed
981,Sulemana Wumbei,F,Disease Control Officer,Tolon District communities,Tolon District communities,signed
982,Zuweira Issahaku,F,Disease Control Officer,Tolon District communities,Tolon District communities,signed
983,Abdul Mahama,F,Enrolled Nurse,Tolon District communities,Tolon District communities,signed
984,Salamatu Mahama,F,Medical Assistant,Tolon District communities,Tolon District communities,signed
985,Baba Yakubu,F,Medical Assistant,Tolon District communities,Tolon District communities,signed
986,Memunatu Tia,F,Community Health Officer,Tolon District communities,Tolon District communities,signed
987,Yakubu Fuseini,F,Enrolled Nurse,Tolon District communities,Tolon District communities,signed
988,Alhassan Napari,F,Community Health Officer,Tolon District communities,Tolon District communities,signed
989,Salamatu Yakubu,F,Medical Assistant,Tolon District communities,Tolon District communities,signed
990,Iddrisu Tia,F,Disease Control Officer,Tolon District communities,Tolon District communities,signed
991,Alhassan Tia,F,Midwife,Tolon District communities,Tolon District communities,signed
992,Abdul Abdulai,F,Enrolled Nurse,Tolon District communities,Tolon District communities,signed
993,Adiza Napari,F,Medical Assistant,Tolon District communities,Tolon District communities,signed
994,Baba Mahama,F,Midwife,Tolon District communities,Tolon District communities,signed
995,Fuseini Iddrisu,F,Community Health Officer,Tolon District communities,Tolon District communities,signed
996,Rahinatu Napari,F,Community Health Officer,Tolon District communities,Tolon District communities,signed
997,Rahinatu Mahama,F,Medical Assistant,Tolon District communities,Tolon District communities,signed
998,Rahinatu Mahama,F,Disease Control Officer,Tolon District communities,Tolon District communities,signed
999,Alhassan Alhassan,F,Medical Assistant,Tolon District communities,Tolon District communities,signed
1000,Yakubu Fuseini,F,Disease Control Officer,Tolon District communities,Tolon District communities,signed
1001,Issah Alhassan,F,Enrolled Nurse,Tolon District communities,Tolon District communities,signed
1002,Mariam Iddrisu,F,Disease Control Officer,Tolon District communities,Tolon District communities,signed
1003,Hawa Wumbei,F,Enrolled Nurse,Tolon District communities,Tolon District communities,signed
1004,Iddrisu Yakubu,F,Community Health Officer,Tolon District communities,Tolon District communities,signed
1005,Memunatu Iddrisu,F,Medical Assistant,Tolon District communities,Tolon District communities,signed
1006,Abdul Mahama,F,Midwife,Tolon District communities,Tolon District communities,signed
1007,Fuseini Seidu,F,Midwife,Tolon District communities,Tolon District communities,signed
1008,Mariam Iddrisu,F,Community Health Officer,Tolon District communities,Tolon District communities,signed
1009,Baba Fuseini,F,Midwife,Tolon District communities,Tolon District communities,signed
1010,Memunatu Tia,F,Midwife,Tolon District communities,Tolon District communities,signed
1011,Mariam Napari,F,Enrolled Nurse,Tolon District communities,Tolon District communities,signed
1012,Salamatu Mahama,F,Community Health Officer,Tolon District communities,Tolon District communities,signed
1013,Salamatu Fuseini,F,Enrolled Nurse,Tolon District communities,Tolon District communities,signed
1014,Iddrisu Fuseini,F,Medical Assistant,Tolon District communities,Tolon District communities,signed
1015,Sanatu Alhassan,F,Midwife,Tolon District communities,Tolon District communities,signed
1016,Issah Napari,F,Community Health Officer,Tolon District communities,Tolon District communities,signed
1017,Baba Mahama,F,Midwife,Tolon District communities,Tolon District communities,signed
1018,Abu Mahama,F,Disease Control Officer,Tolon District communities,Tolon District communities,signed
1019,Ayishetu Iddrisu,F,Enrolled Nurse,Tolon District communities,Tolon District communities,signed
1020,Yakubu Napari,F,Midwife,Tolon District communities,Tolon District communities,signed
1021,Ayishetu Issahaku,F,Community Health Officer,Tolon District communities,Tolon District communities,signed
1022,Yakubu Wumbei,F,Midwife,Tolon District communities,Tolon District communities,signed
1023,Abdul Dauda,F,Midwife,Tolon District communities,Tolon District communities,signed
1024,Adiza Dauda,F,Enrolled Nurse,Tolon District communities,Tolon District communities,signed
1025,Fuseini Wumbei,F,Disease Control Officer,Tolon District communities,Tolon District communities,signed
1026,Fuseini Seidu,F,Midwife,Tolon District communities,Tolon District communities,signed
1027,Fati Abdulai,F,Medical Assistant,Tolon District communities,Tolon District communities,signed
1028,Baba Issahaku,F,Enrolled Nurse,Tolon District communities,Tolon District communities,signed
1029,Memunatu Alhassan,F,Midwife,Tolon District communities,Tolon District communities,signed
1030,Adiza Mahama,F,Community Health Officer,Tolon District communities,Tolon District communities,signed
1031,Fuseini Alhassan,F,Disease Control Officer,Tolon District communities,Tolon District communities,signed
1032,Issah Issahaku,F,Midwife,Tolon District communities,Tolon District communities,signed
1033,Issah Alhassan,F,Midwife,Tolon District communities,Tolon District communities,signed
1034,Mohammed Seidu,F,Community Health Officer,Tolon District communities,Tolon District communities,signed
1035,Salamatu Alhassan,F,Community Health Officer,Tolon District communities,Tolon District communities,signed
1036,Rahinatu Alhassan,F,Midwife,Tolon District communities,Tolon District communities,signed
1037,Issah Seidu,F,Disease Control Officer,Tolon District communities,Tolon District communities,signed
1038,Zuweira Issahaku,F,Midwife,Tolon District communities,Tolon District communities,signed
1039,Abu Seidu,F,Midwife,Tolon District communities,Tolon District communities,signed
1040,Mohammed Mahama,F,Disease Control Officer,Tolon District communities,Tolon District communities,signed
1041,Zuweira Fuseini,F,Midwife,Tolon District communities,Tolon District communities,signed
1042,Sanatu Issahaku,F,Community Health Officer,Tolon District communities,Tolon District communities,signed
1043,Abdul Tia,F,Enrolled Nurse,Tolon District communities,Tolon District communities,signed
1044,Abu Mahama,F,Medical Assistant,Tolon District communities,Tolon District communities,signed
1045,Alhassan Issahaku,F,Community Health Officer,Tolon District communities,Tolon District communities,signed
1046,Sulemana Fuseini,F,Enrolled Nurse,Tolon District communities,Tolon District communities,signed
1047,Adiza Seidu,F,Enrolled Nurse,Tolon District communities,Tolon District communities,signed
1048,Mariam Mahama,F,Midwife,Tolon District communities,Tolon District communities,signed
1049,Fati Dauda,F,Disease Control Officer,Tolon District communities,Tolon District communities,signed
1050,Salamatu Mahama,F,Enrolled Nurse,Tolon District communities,Tolon District communities,signed
1051,Sulemana Iddrisu,F,Community Health Officer,Tolon District communities,Tolon District communities,signed
1052,Issah Tia,F,Community Health Officer,Tolon District communities,Tolon District communities,signed
1053,Zuweira Seidu,F,Medical Assistant,Tolon District communities,Tolon District communities,signed
1054,Sulemana Mahama,F,Enrolled Nurse,Tolon District communities,Tolon District communities,signed
1055,Abu Seidu,F,Community Health Officer,Tolon District communities,Tolon District communities,signed
1056,Issah Dauda,F,Medical Assistant,Tolon District communities,Tolon District communities,signed
1057,Ayishetu Wumbei,F,Community Health Officer,Tolon District communities,Tolon District communities,signed
1058,Abdul Seidu,F,Enrolled Nurse,Tolon District communities,Tolon District communities,signed
1059,Hawa Wumbei,F,Community Health Officer,Tolon District communities,Tolon District communities,signed
1060,Mohammed Mahama,F,Medical Assistant,Tolon District communities,Tolon District communities,signed
1061,Zuweira Issahaku,F,Medical Assistant,Tolon District communities,Tolon District communities,signed
1062,Ayishetu Tia,F,Community Health Officer,Tolon District communities,Tolon District communities,signed
1063,Fuseini Dauda,F,Medical Assistant,Tolon District communities,Tolon District communities,signed
1064,Mohammed Fuseini,F,Medical Assistant,Tolon District communities,Tolon District communities,signed
1065,Yakubu Issahaku,F,Disease Control Officer,Tolon District communities,Tolon District communities,signed
1066,Abdul Iddrisu,F,Enrolled Nurse,Tolon District communities,Tolon District communities,signed
1067,Rahinatu Seidu,F,Disease Control Officer,Tolon District communities,Tolon District communities,signed
1068,Mariam Napari,F,Disease Control Officer,Tolon District communities,Tolon District communities,signed
1069,Baba Alhassan,F,Medical Assistant,Tolon District communities,Tolon District communities,signed
1070,Ayishetu Yakubu,F,Midwife,Tolon District communities,Tolon District communities,signed
1071,Mohammed Mahama,F,Medical Assistant,Tolon District communities,Tolon District communities,signed
1072,Hawa Napari,F,Enrolled Nurse,Tolon District communities,Tolon District communities,signed
1073,Iddrisu Alhassan,F,Midwife,Tolon District communities,Tolon District communities,signed
1074,Adiza Alhassan,F,Enrolled Nurse,Tolon District communities,Tolon District communities,signed
1075,Sanatu Napari,F,Disease Control Officer,Tolon District communities,Tolon District communities,signed
1076,Fuseini Abdulai,F,Disease Control Officer,Tolon District communities,Tolon District communities,signed
1077,Mohammed Mahama,F,Medical Assistant,Tolon District communities,Tolon District communities,signed
1078,Baba Yakubu,F,Midwife,Tolon District communities,Tolon District communities,signed
1079,Adiza Abdulai,F,Disease Control Officer,Tolon District communities,Tolon District communities,signed
1080,Mariam Issahaku,F,Community Health Officer,Tolon District communities,Tolon District communities,signed
1081,Sanatu Dauda,F,Medical Assistant,Tolon District communities,Tolon District communities,signed
1082,Fuseini Tia,F,Midwife,Tolon District communities,Tolon District communities,signed
1083,Abdul Fuseini,F,Medical Assistant,Tolon District communities,Tolon District communities,signed
1084,Hawa Mahama,F,Community Health Officer,Tolon District communities,Tolon District communities,signed
1085,Abu Tia,F,Community Health Officer,Tolon District communities,Tolon District communities,signed
1086,Sulemana Iddrisu,F,Midwife,Tolon District communities,Tolon District communities,signed
1087,Rahinatu Fuseini,F,Medical Assistant,Tolon District communities,Tolon District communities,signed
1088,Adiza Issahaku,F,Midwife,Tolon District communities,Tolon District communities,signed
1089,Fuseini Napari,F,Disease Control Officer,Tolon District communities,Tolon District communities,signed
1090,Rahinatu Dauda,F,Midwife,Tolon District communities,Tolon District communities,signed
1091,Fati Napari,F,Disease Control Officer,Tolon District communities,Tolon District communities,signed
1092,Baba Dauda,F,Midwife,Tolon District communities,Tolon District communities,signed
1093,Iddrisu Fuseini,F,Disease Control Officer,Tolon District communities,Tolon District communities,signed
1094,Baba Napari,F,Medical Assistant,Tolon District communities,Tolon District communities,signed
1095,Abu Abdulai,F,Community Health Officer,Tolon District communities,Tolon District communities,signed
1096,Sanatu Abdulai,F,Midwife,Tolon District communities,Tolon District communities,signed
1097,Fati Napari,F,Medical Assistant,Tolon District communities,Tolon District communities,signed
1098,Ayishetu Alhassan,F,Medical Assistant,Tolon District communities,Tolon District communities,signed
1099,Mariam Dauda,F,Medical Assistant,Tolon District communities,Tolon District communities,signed
1100,Rahinatu Iddrisu,F,Medical Assistant,Tolon District communities,Tolon District communities,signed
1101,Salamatu Wumbei,F,Disease Control Officer,Tolon District communities,Tolon District communities,signed
1102,Sulemana Iddrisu,F,Disease Control Officer,Tolon District communities,Tolon District communities,signed
1103,Zuweira Napari,F,Community Health Officer,Tolon District communities,Tolon District communities,signed
1104,Rahinatu Tia,F,Disease Control Officer,Tolon District communities,Tolon District communities,signed
1105,Hawa Yakubu,F,Medical Assistant,Tolon District communities,Tolon District communities,signed
1106,Fati Napari,F,Community Health Officer,Tolon District communities,Tolon District communities,signed
1107,Issah Seidu,F,Community Health Officer,Tolon District communities,Tolon District communities,signed
1108,Hawa Alhassan,F,Community Health Officer,Tolon District communities,Tolon District communities,signed
1109,Rahinatu Dauda,F,Disease Control Officer,Tolon District communities,Tolon District communities,signed
1110,Zuweira Mahama,F,Community Health Officer,Tolon District communities,Tolon District communities,signed
1111,Alhassan Dauda,F,Medical Assistant,Tolon District communities,Tolon District communities,signed
1112,Yakubu Mahama,F,Disease Control Officer,Tolon District communities,Tolon District communities,signed
1113,Ayishetu Seidu,F,Medical Assistant,Tolon District communities,Tolon District communities,signed
1114,Mariam Alhassan,F,Midwife,Tolon District communities,Tolon District communities,signed
1115,Issah Seidu,F,Medical Assistant,Tolon District communities,Tolon District communities,signed
1116,Hawa Mahama,F,Medical Assistant,Tolon District communities,Tolon District communities,signed
1117,Adiza Fuseini,F,Medical Assistant,Tolon District communities,Tolon District communities,signed
1118,Mariam Yakubu,F,Disease Control Officer,Tolon District communities,Tolon District communities,signed
1119,Rahinatu Abdulai,F,Medical Assistant,Tolon District communities,Tolon District communities,signed
1120,Rahinatu Dauda,F,Disease Control Officer,Tolon District communities,Tolon District communities,signed
1121,Baba Iddrisu,F,Community Health Officer,Tolon District communities,Tolon District communities,signed
1122,Issah Fuseini,F,Disease Control Officer,Tolon District communities,Tolon District communities,signed
1123,Alhassan Abdulai,F,Medical Assistant,Tolon District communities,Tolon District communities,signed
1124,Memunatu Napari,F,Enrolled Nurse,Tolon District communities,Tolon District communities,signed
1125,Sulemana Alhassan,F,Medical Assistant,Tolon District communities,Tolon District communities,signed
1126,Alhassan Yakubu,F,Disease Control Officer,Tolon District communities,Tolon District communities,signed
1127,Salamatu Dauda,F,Midwife,Tolon District communities,Tolon District communities,signed
1128,Fuseini Yakubu,F,Medical Assistant,Tolon District communities,Tolon District communities,signed
1129,Sulemana Fuseini,F,Disease Control Officer,Tolon District communities,Tolon District communities,signed
1130,Salamatu Alhassan,F,Community Health Officer,Tolon District communities,Tolon District communities,signed
1131,Ayishetu Issahaku,F,Enrolled Nurse,Tolon District communities,Tolon District communities,signed
1132,Sanatu Alhassan,F,Enrolled Nurse,Tolon District communities,Tolon District communities,signed
1133,Iddrisu Alhassan,F,Disease Control Officer,Tolon District communities,Tolon District communities,signed
1134,Sanatu Wumbei,F,Disease Control Officer,Tolon District communities,Tolon District communities,signed
1135,Adiza Dauda,F,Community Health Officer,Tolon District communities,Tolon District communities,signed
1136,Abdul Dauda,F,Midwife,Tolon District communities,Tolon District communities,signed
1137,Mariam Yakubu,F,Community Health Officer,Tolon District communities,Tolon District communities,signed
1138,Sanatu Iddrisu,F,Medical Assistant,Tolon District communities,Tolon District communities,signed
1139,Salamatu Yakubu,F,Medical Assistant,Tolon District communities,Tolon District communities,signed
1140,Mohammed Abdulai,F,Community Health Officer,Tolon District communities,Tolon District communities,signed
1141,Sulemana Yakubu,F,Community Health Officer,Tolon District communities,Tolon District communities,signed
1142,Memunatu Issahaku,F,Enrolled Nurse,Tolon District communities,Tolon District communities,signed
1143,Iddrisu Fuseini,F,Disease Control Officer,Tolon District communities,Tolon District communities,signed
1144,Adiza Alhassan,F,Medical Assistant,Tolon District communities,Tolon District communities,signed
1145,Issah Tia,F,Community Health Officer,Tolon District communities,Tolon District communities,signed
1146,Zuweira Issahaku,F,Midwife,Tolon District communities,Tolon District communities,signed
1147,Ayishetu Fuseini,F,Disease Control Officer,Tolon District communities,Tolon District communities,signed
1148,Mohammed Wumbei,F,Enrolled Nurse,Tolon District communities,Tolon District communities,signed
1149,Zuweira Fuseini,F,Community Health Officer,Tolon District communities,Tolon District communities,signed
1150,Sulemana Dauda,F,Disease Control Officer,Tolon District communities,Tolon District communities,signed
1151,Memunatu Seidu,F,Disease Control Officer,Tolon District communities,Tolon District communities,signed
1152,Mohammed Alhassan,F,Disease Control Officer,Tolon District communities,Tolon District communities,signed
1153,Rahinatu Fuseini,F,Community Health Officer,Tolon District communities,Tolon District communities,signed
1154,Issah Abdulai,F,Disease Control Officer,Tolon District communities,Tolon District communities,signed
1155,Ayishetu Fuseini,F,Midwife,Tolon District communities,Tolon District communities,signed
1156,Memunatu Abdulai,F,Disease Control Officer,Tolon District communities,Tolon District communities,signed
1157,Ayishetu Abdulai,F,Medical Assistant,Tolon District communities,Tolon District communities,signed
1158,Salamatu Fuseini,F,Enrolled Nurse,Tolon District communities,Tolon District communities,signed
1159,Ayishetu Iddrisu,F,Disease Control Officer,Tolon District communities,Tolon District communities,signed
1160,Mariam Mahama,F,Medical Assistant,Tolon District communities,Tolon District communities,signed
1161,Salamatu Mahama,F,Midwife,Tolon District communities,Tolon District communities,signed
1162,Iddrisu Issahaku,F,Medical Assistant,Tolon District communities,Tolon District communities,signed
1163,Rahinatu Wumbei,F,Medical Assistant,Tolon District communities,Tolon District communities,signed
1164,Mariam Fuseini,F,Disease Control Officer,Tolon District communities,Tolon District communities,signed
1165,Mohammed Abdulai,F,Community Health Officer,Tolon District communities,Tolon District communities,signed
1166,Abu Iddrisu,F,Medical Assistant,Tolon District communities,Tolon District communities,signed
1167,Ayishetu Seidu,F,Enrolled Nurse,Tolon District communities,Tolon District communities,signed
1168,Sanatu Yakubu,F,Community Health Officer,Tolon District communities,Tolon District communities,signed
1169,Baba Iddrisu,F,Midwife,Tolon District communities,Tolon District communities,signed
1170,Iddrisu Tia,F,Midwife,Tolon District communities,Tolon District communities,signed
1171,Baba Iddrisu,F,Disease Control Officer,Tolon District communities,Tolon District communities,signed
1172,Fati Fuseini,F,Enrolled Nurse,Tolon District communities,Tolon District communities,signed
1173,Ayishetu Yakubu,F,Medical Assistant,Tolon District communities,Tolon District communities,signed
1174,Yakubu Abdulai,F,Midwife,Tolon District communities,Tolon District communities,signed
1175,Sulemana Abdulai,F,Enrolled Nurse,Tolon District communities,Tolon District communities,signed
1176,Baba Yakubu,F,Midwife,Tolon District communities,Tolon District communities,signed
1177,Abdul Mahama,F,Community Health Officer,Tolon District communities,Tolon District communities,signed
1178,Rahinatu Alhassan,F,Disease Control Officer,Tolon District communities,Tolon District communities,signed
1179,Mariam Issahaku,F,Midwife,Tolon District communities,Tolon District communities,signed
1180,Zuweira Issahaku,F,Midwife,Tolon District communities,Tolon District communities,signed
1181,Yakubu Fuseini,F,Midwife,Tolon District communities,Tolon District communities,signed
1182,Yakubu Wumbei,F,Midwife,Tolon District communities,Tolon District communities,signed
1183,Rahinatu Tia,F,Community Health Officer,Tolon District communities,Tolon District communities,signed
1184,Zuweira Napari,F,Midwife,Tolon District communities,Tolon District communities,signed
1185,Memunatu Mahama,F,Disease Control Officer,Tolon District communities,Tolon District communities,signed
1186,Abu Wumbei,F,Midwife,Tolon District communities,Tolon District communities,signed
1187,Yakubu Napari,F,Disease Control Officer,Tolon District communities,Tolon District communities,signed
1188,Yakubu Issahaku,F,Enrolled Nurse,Tolon District communities,Tolon District communities,signed
1189,Abdul Abdulai,F,Community Health Officer,Tolon District communities,Tolon District communities,signed
1190,Memunatu Issahaku,F,Community Health Officer,Tolon District communities,Tolon District communities,signed
1191,Salamatu Abdulai,F,Midwife,Tolon District communities,Tolon District communities,signed
1192,Iddrisu Mahama,F,Midwife,Tolon District communities,Tolon District communities,signed
1193,Baba Iddrisu,F,Medical Assistant,Tolon District communities,Tolon District communities,signed
1194,Sanatu Wumbei,F,Enrolled Nurse,Tolon District communities,Tolon District communities,signed
1195,Sulemana Mahama,F,Midwife,Tolon District communities,Tolon District communities,signed
1196,Iddrisu Wumbei,F,Disease Control Officer,Tolon District communities,Tolon District communities,signed
1197,Iddrisu Napari,F,Community Health Officer,Tolon District communities,Tolon District communities,signed
1198,Salamatu Alhassan,F,Disease Control Officer,Tolon District communities,Tolon District communities,signed
1199,Ayishetu Napari,F,Community Health Officer,Tolon District communities,Tolon District communities,signed
1200,Rahinatu Mahama,F,Midwife,Tolon District communities,Tolon District communities,signed
1201,Adiza Fuseini,F,Medical Assistant,Tolon District communities,Tolon District communities,signed
1202,Hawa Iddrisu,F,Community Health Officer,Tolon District communities,Tolon District communities,signed
1203,Zuweira Seidu,F,Enrolled Nurse,Tolon District communities,Tolon District communities,signed
1204,Abu Iddrisu,F,Disease Control Officer,Tolon District communities,Tolon District communities,signed
1205,Abu Dauda,F,Medical Assistant,Tolon District communities,Tolon District communities,signed
1206,Mohammed Yakubu,F,Midwife,Tolon District communities,Tolon District communities,signed
1207,Zuweira Napari,F,Disease Control Officer,Tolon District communities,Tolon District communities,signed
1208,Abu Alhassan,F,Enrolled Nurse,Tolon District communities,Tolon District communities,signed
1209,Fati Mahama,F,Midwife,Tolon District communities,Tolon District communities,signed
1210,Ayishetu Alhassan,F,Enrolled Nurse,Tolon District communities,Tolon District communities,signed
1211,Mohammed Fuseini,F,Disease Control Officer,Tolon District communities,Tolon District communities,signed
1212,Zuweira Abdulai,F,Community Health Officer,Tolon District communities,Tolon District communities,signed
1213,Hawa Tia,F,Enrolled Nurse,Tolon District communities,Tolon District communities,signed
1214,Mohammed Tia,F,Disease Control Officer,Tolon District communities,Tolon District communities,signed
1215,Fati Abdulai,F,Midwife,Tolon District communities,Tolon District communities,signed
1216,Zuweira Issahaku,F,Enrolled Nurse,Tolon District communities,Tolon District communities,signed
1217,Iddrisu Mahama,F,Enrolled Nurse,Tolon District communities,Tolon District communities,signed
1218,Iddrisu Seidu,F,Midwife,Tolon District communities,Tolon District communities,signed
1219,Baba Wumbei,F,Midwife,Tolon District communities,Tolon District communities,signed
1220,Abu Wumbei,F,Community Health Officer,Tolon District communities,Tolon District communities,signed
1221,Yakubu Yakubu,F,Disease Control Officer,Tolon District communities,Tolon District communities,signed
1222,Baba Tia,F,Disease Control Officer,Tolon District communities,Tolon District communities,signed
1223,Mohammed Wumbei,F,Enrolled Nurse,Tolon District communities,Tolon District communities,signed
1224,Ayishetu Wumbei,F,Disease Control Officer,Tolon District communities,Tolon District communities,signed
1225,Alhassan Fuseini,F,Community Health Officer,Tolon District communities,Tolon District communities,signed
1226,Sulemana Wumbei,F,Midwife,Tolon District communities,Tolon District communities,signed
1227,Adiza Wumbei,F,Medical Assistant,Tolon District communities,Tolon District communities,signed
1228,Sulemana Mahama,F,Midwife,Tolon District communities,Tolon District communities,signed
1229,Hawa Napari,F,Community Health Officer,Tolon District communities,Tolon District communities,signed
1230,Hawa Alhassan,F,Disease Control Officer,Tolon District communities,Tolon District communities,signed
1231,Baba Wumbei,F,Enrolled Nurse,Tolon District communities,Tolon District communities,signed
1232,Issah Fuseini,F,Midwife,Tolon District communities,Tolon District communities,signed
1233,Abu Alhassan,F,Medical Assistant,Tolon District communities,Tolon District communities,signed
1234,Hawa Iddrisu,F,Medical Assistant,Tolon District communities,Tolon District communities,signed
1235,Sulemana Fuseini,F,Enrolled Nurse,Tolon District communities,Tolon District communities,signed
1236,Salamatu Fuseini,F,Disease Control Officer,Tolon District communities,Tolon District communities,signed
1237,Rahinatu Dauda,F,Community Health Officer,Tolon District communities,Tolon District communities,signed
1238,Abu Seidu,F,Enrolled Nurse,Tolon District communities,Tolon District communities,signed
1239,Rahinatu Wumbei,F,Disease Control Officer,Tolon District communities,Tolon District communities,signed
1240,Ayishetu Issahaku,F,Community Health Officer,Tolon District communities,Tolon District communities,signed
1241,Iddrisu Abdulai,F,Medical Assistant,Tolon District communities,Tolon District communities,signed
1242,Abu Issahaku,F,Enrolled Nurse,Tolon District communities,Tolon District communities,signed
1243,Adiza Yakubu,F,Community Health Officer,Tolon District communities,Tolon District communities,signed
1244,Yakubu Wumbei,F,Midwife,Tolon District communities,Tolon District communities,signed
1245,Issah Abdulai,F,Enrolled Nurse,Tolon District communities,Tolon District communities,signed
1246,Fuseini Abdulai,F,Enrolled Nurse,Tolon District communities,Tolon District communities,signed
1247,Alhassan Issahaku,F,Disease Control Officer,Tolon District communities,Tolon District communities,signed
1248,Mohammed Iddrisu,F,Community Health Officer,Tolon District communities,Tolon District communities,signed
1249,Yakubu Seidu,F,Community Health Officer,Tolon District communities,Tolon District communities,signed
1250,Fuseini Seidu,F,Midwife,Tolon District communities,Tolon District communities,signed
1251,Mohammed Tia,F,Disease Control Officer,Tolon District communities,Tolon District communities,signed
1252,Abdul Abdulai,F,Community Health Officer,Tolon District communities,Tolon District communities,signed
1253,Fati Fuseini,F,Enrolled Nurse,Tolon District communities,Tolon District communities,signed
1254,Baba Dauda,F,Midwife,Tolon District communities,Tolon District communities,signed
1255,Adiza Wumbei,F,Community Health Officer,Tolon District communities,Tolon District communities,signed
1256,Mohammed Iddrisu,F,Disease Control Officer,Tolon District communities,Tolon District communities,signed
1257,Yakubu Tia,F,Medical Assistant,Tolon District communities,Tolon District communities,signed
1258,Sulemana Dauda,F,Midwife,Tolon District communities,Tolon District communities,signed
1259,Salamatu Issahaku,F,Community Health Officer,Tolon District communities,Tolon District communities,signed
1260,Fati Issahaku,F,Midwife,Tolon District communities,Tolon District communities,signed
1261,Adiza Alhassan,F,Midwife,Tolon District communities,Tolon District communities,signed
1262,Rahinatu Iddrisu,F,Medical Assistant,Tolon District communities,Tolon District communities,signed
1263,Hawa Issahaku,F,Medical Assistant,Tolon District communities,Tolon District communities,signed
1264,Adiza Mahama,F,Disease Control Officer,Tolon District communities,Tolon District communities,signed
1265,Issah Fuseini,F,Disease Control Officer,Tolon District communities,Tolon District communities,signed
1266,Yakubu Alhassan,F,Medical Assistant,Tolon District communities,Tolon District communities,signed
1267,Fuseini Abdulai,F,Medical Assistant,Tolon District communities,Tolon District communities,signed
1268,Mariam Dauda,F,Midwife,Tolon District communities,Tolon District communities,signed
1269,Zuweira Alhassan,F,Medical Assistant,Tolon District communities,Tolon District communities,signed
1270,Salamatu Seidu,F,Medical Assistant,Tolon District communities,Tolon District communities,signed
1271,Hawa Fuseini,F,Medical Assistant,Tolon District communities,Tolon District communities,signed
1272,Mohammed Abdulai,F,Midwife,Tolon District communities,Tolon District communities,signed
1273,Abu Seidu,F,Disease Control Officer,Tolon District communities,Tolon District communities,signed
1274,Sanatu Tia,F,Community Health Officer,Tolon District communities,Tolon District communities,signed
1275,Mariam Tia,F,Medical Assistant,Tolon District communities,Tolon District communities,signed
1276,Iddrisu Alhassan,F,Medical Assistant,Tolon District communities,Tolon District communities,signed
1277,Rahinatu Alhassan,F,Disease Control Officer,Tolon District communities,Tolon District communities,signed
1278,Memunatu Iddrisu,F,Enrolled Nurse,Tolon District communities,Tolon District communities,signed
1279,Hawa Yakubu,F,Midwife,Tolon District communities,Tolon District communities,signed
1280,Issah Abdulai,F,Midwife,Tolon District communities,Tolon District communities,signed
1281,Zuweira Abdulai,F,Midwife,Tolon District communities,Tolon District communities,signed
1282,Sanatu Seidu,F,Community Health Officer,Tolon District communities,Tolon District communities,signed
1283,Hawa Iddrisu,F,Disease Control Officer,Tolon District communities,Tolon District communities,signed
1284,Sulemana Abdulai,F,Disease Control Officer,Tolon District communities,Tolon District communities,signed
1285,Fati Dauda,F,Enrolled Nurse,Tolon District communities,Tolon District communities,signed
1286,Alhassan Issahaku,F,Community Health Officer,Tolon District communities,Tolon District communities,signed
1287,Mariam Dauda,F,Medical Assistant,Tolon District communities,Tolon District communities,signed
1288,Issah Tia,F,Medical Assistant,Tolon District communities,Tolon District communities,signed
1289,Rahinatu Fuseini,F,Enrolled Nurse,Tolon District communities,Tolon District communities,signed
1290,Alhassan Yakubu,F,Disease Control Officer,Tolon District communities,Tolon District communities,signed
1291,Sulemana Yakubu,F,Community Health Officer,Tolon District communities,Tolon District communities,signed
1292,Mariam Tia,F,Medical Assistant,Tolon District communities,Tolon District communities,signed
1293,Memunatu Dauda,F,Disease Control Officer,Tolon District communities,Tolon District communities,signed
1294,Memunatu Abdulai,F,Enrolled Nurse,Tolon District communities,Tolon District communities,signed
1295,Alhassan Dauda,F,Midwife,Tolon District communities,Tolon District communities,signed
1296,Salamatu Iddrisu,F,Medical Assistant,Tolon District communities,Tolon District communities,signed
1297,Fati Iddrisu,F,Community Health Officer,Tolon District communities,Tolon District communities,signed
1298,Mariam Fuseini,F,Medical Assistant,Tolon District communities,Tolon District communities,signed
1299,Adiza Napari,F,Medical Assistant,Tolon District communities,Tolon District communities,signed
1300,Rahinatu Issahaku,F,Disease Control Officer,Tolon District communities,Tolon District communities,signed
1301,Salamatu Mahama,F,Enrolled Nurse,Tolon District communities,Tolon District communities,signed
1302,Yakubu Abdulai,F,Midwife,Tolon District communities,Tolon District communities,signed
1303,Fuseini Abdulai,F,Medical Assistant,Tolon District communities,Tolon District communities,signed
1304,Ayishetu Tia,F,Community Health Officer,Tolon District communities,Tolon District communities,signed
1305,Memunatu Seidu,F,Disease Control Officer,Tolon District communities,Tolon District communities,signed
1306,Abdul Yakubu,F,Medical Assistant,Tolon District communities,Tolon District communities,signed
1307,Mariam Issahaku,F,Enrolled Nurse,Tolon District communities,Tolon District communities,signed
1308,Alhassan Napari,F,Community Health Officer,Tolon District communities,Tolon District communities,signed
1309,Sulemana Wumbei,F,Enrolled Nurse,Tolon District communities,Tolon District communities,signed
1310,Ayishetu Issahaku,F,Midwife,Tolon District communities,Tolon District communities,signed
1311,Salamatu Tia,F,Midwife,Tolon District communities,Tolon District communities,signed
1312,Hawa Seidu,F,Medical Assistant,Tolon District communities,Tolon District communities,signed
1313,Abu Dauda,F,Midwife,Tolon District communities,Tolon District communities,signed
1314,Iddrisu Mahama,F,Community Health Officer,Tolon District communities,Tolon District communities,signed
1315,Ayishetu Iddrisu,F,Midwife,Tolon District communities,Tolon District communities,signed
1316,Ayishetu Iddrisu,F,Medical Assistant,Tolon District communities,Tolon District communities,signed
1317,Alhassan Mahama,F,Midwife,Tolon District communities,Tolon District communities,signed
1318,Mariam Issahaku,F,Community Health Officer,Tolon District communities,Tolon District communities,signed
1319,Sulemana Iddrisu,F,Enrolled Nurse,Tolon District communities,Tolon District communities,signed
1320,Memunatu Iddrisu,F,Enrolled Nurse,Tolon District communities,Tolon District communities,signed
1321,Mariam Napari,F,Disease Control Officer,Tolon District communities,Tolon District communities,signed
1322,Issah Seidu,F,Community Health Officer,Tolon District communities,Tolon District communities,signed
1323,Sanatu Issahaku,F,Disease Control Officer,Tolon District communities,Tolon District communities,signed
1324,Adiza Iddrisu,F,Medical Assistant,Tolon District communities,Tolon District communities,signed
1325,Abu Issahaku,F,Midwife,Tolon District communities,Tolon District communities,signed
1326,Ayishetu Issahaku,F,Enrolled Nurse,Tolon District communities,Tolon District communities,signed
1327,Mohammed Napari,F,Community Health Officer,Tolon District communities,Tolon District communities,signed
1328,Ayishetu Yakubu,F,Community Health Officer,Tolon District communities,Tolon District communities,signed
1329,Iddrisu Dauda,F,Midwife,Tolon District communities,Tolon District communities,signed
1330,Fuseini Napari,F,Medical Assistant,Tolon District communities,Tolon District communities,signed
1331,Zuweira Wumbei,F,Disease Control Officer,Tolon District communities,Tolon District communities,signed
1332,Sulemana Issahaku,F,Disease Control Officer,Tolon District communities,Tolon District communities,signed
1333,Rahinatu Tia,F,Midwife,Tolon District communities,Tolon District communities,signed
1334,Abdul Mahama,F,Midwife,Tolon District communities,Tolon District communities,signed
1335,Memunatu Issahaku,F,Disease Control Officer,Tolon District communities,Tolon District communities,signed
1336,Abdul Fuseini,F,Midwife,Tolon District communities,Tolon District communities,signed
1337,Fuseini Dauda,F,Community Health Officer,Tolon District communities,Tolon District communities,signed
1338,Alhassan Wumbei,F,Disease Control Officer,Tolon District communities,Tolon District communities,signed
1339,Fuseini Abdulai,F,Medical Assistant,Tolon District communities,Tolon District communities,signed
1340,Zuweira Fuseini,F,Disease Control Officer,Tolon District communities,Tolon District communities,signed
1341,Issah Dauda,F,Medical Assistant,Tolon District communities,Tolon District communities,signed
1342,Yakubu Abdulai,F,Enrolled Nurse,Tolon District communities,Tolon District communities,signed
1343,Fati Issahaku,F,Community Health Officer,Tolon District communities,Tolon District communities,signed
1344,Baba Yakubu,F,Community Health Officer,Tolon District communities,Tolon District communities,signed
1345,Ayishetu Yakubu,F,Community Health Officer,Tolon District communities,Tolon District communities,signed
1346,Abu Alhassan,F,Medical Assistant,Tolon District communities,Tolon District communities,signed
1347,Hawa Wumbei,F,Community Health Officer,Tolon District communities,Tolon District communities,signed
1348,Ayishetu Napari,F,Midwife,Tolon District communities,Tolon District communities,signed
1349,Abu Dauda,F,Community Health Officer,Tolon District communities,Tolon District communities,signed
1350,Abu Tia,F,Medical Assistant,Tolon District communities,Tolon District communities,signed
1351,Salamatu Mahama,F,Enrolled Nurse,Tolon District communities,Tolon District communities,signed
1352,Issah Mahama,F,Disease Control Officer,Tolon District communities,Tolon District communities,signed
1353,Adiza Dauda,F,Community Health Officer,Tolon District communities,Tolon District communities,signed
1354,Abu Fuseini,F,Community Health Officer,Tolon District communities,Tolon District communities,signed
1355,Yakubu Dauda,F,Enrolled Nurse,Tolon District communities,Tolon District communities,signed
1356,Adiza Alhassan,F,Community Health Officer,Tolon District communities,Tolon District communities,signed
1357,Fuseini Seidu,F,Enrolled Nurse,Tolon District communities,Tolon District communities,signed
1358,Sanatu Abdulai,F,Disease Control Officer,Tolon District communities,Tolon District communities,signed
1359,Ayishetu Yakubu,F,Midwife,Tolon District communities,Tolon District communities,signed
1360,Adiza Fuseini,F,Disease Control Officer,Tolon District communities,Tolon District communities,signed
1361,Mariam Fuseini,F,Midwife,Tolon District communities,Tolon District communities,signed
1362,Zuweira Seidu,F,Disease Control Officer,Tolon District communities,Tolon District communities,signed
1363,Sanatu Dauda,F,Disease Control Officer,Tolon District communities,Tolon District communities,signed
1364,Iddrisu Alhassan,F,Enrolled Nurse,Tolon District communities,Tolon District communities,signed
1365,Zuweira Abdulai,F,Community Health Officer,Tolon District communities,Tolon District communities,signed
1366,Hawa Napari,F,Midwife,Tolon District communities,Tolon District communities,signed
1367,Salamatu Alhassan,F,Enrolled Nurse,Tolon District communities,Tolon District communities,signed
1368,Yakubu Napari,F,Community Health Officer,Tolon District communities,Tolon District communities,signed
1369,Fuseini Seidu,F,Midwife,Tolon District communities,Tolon District communities,signed
1370,Fuseini Fuseini,F,Community Health Officer,Tolon District communities,Tolon District communities,signed
1371,Yakubu Dauda,F,Community Health Officer,Tolon District communities,Tolon District communities,signed
1372,Alhassan Tia,F,Midwife,Tolon District communities,Tolon District communities,signed
1373,Mariam Mahama,F,Medical Assistant,Tolon District communities,Tolon District communities,signed
1374,Yakubu Alhassan,F,Community Health Officer,Tolon District communities,Tolon District communities,signed
1375,Abdul Tia,F,Medical Assistant,Tolon District communities,Tolon District communities,signed
1376,Adiza Abdulai,F,Midwife,Tolon District communities,Tolon District communities,signed
1377,Abu Fuseini,F,Medical Assistant,Tolon District communities,Tolon District communities,signed
1378,Iddrisu Mahama,F,Enrolled Nurse,Tolon District communities,Tolon District communities,signed
1379,Hawa Issahaku,F,Community Health Officer,Tolon District communities,Tolon District communities,signed
1380,Zuweira Issahaku,F,Midwife,Tolon District communities,Tolon District communities,signed
1381,Ayishetu Yakubu,F,Midwife,Tolon District communities,Tolon District communities,signed
1382,Ayishetu Yakubu,F,Midwife,Tolon District communities,Tolon District communities,signed
1383,Abu Iddrisu,F,Enrolled Nurse,Tolon District communities,Tolon District communities,signed
1384,Iddrisu Tia,F,Medical Assistant,Tolon District communities,Tolon District communities,signed
1385,Zuweira Wumbei,F,Medical Assistant,Tolon District communities,Tolon District communities,signed
1386,Hawa Napari,F,Enrolled Nurse,Tolon District communities,Tolon District communities,signed
1387,Baba Fuseini,F,Community Health Officer,Tolon District communities,Tolon District communities,signed
1388,Sulemana Seidu,F,Midwife,Tolon District communities,Tolon District communities,signed
1389,Fuseini Alhassan,F,Medical Assistant,Tolon District communities,Tolon District communities,signed
1390,Abdul Tia,F,Medical Assistant,Tolon District communities,Tolon District communities,signed
1391,Sulemana Fuseini,F,Enrolled Nurse,Tolon District communities,Tolon District communities,signed
1392,Zuweira Iddrisu,F,Disease Control Officer,Tolon District communities,Tolon District communities,signed
1393,Hawa Issahaku,F,Enrolled Nurse,Tolon District communities,Tolon District communities,signed
1394,Fuseini Iddrisu,F,Disease Control Officer,Tolon District communities,Tolon District communities,signed
1395,Issah Seidu,F,Community Health Officer,Tolon District communities,Tolon District communities,signed
1396,Mohammed Issahaku,F,Enrolled Nurse,Tolon District communities,Tolon District communities,signed
1397,Rahinatu Alhassan,F,Medical Assistant,Tolon District communities,Tolon District communities,signed
1398,Mohammed Issahaku,F,Midwife,Tolon District communities,Tolon District communities,signed
1399,Sulemana Yakubu,F,Disease Control Officer,Tolon District communities,Tolon District communities,signed
1400,Alhassan Abdulai,F,Enrolled Nurse,Tolon District communities,Tolon District communities,signed
1401,Ayishetu Napari,F,Enrolled Nurse,Tolon District communities,Tolon District communities,signed
1402,Iddrisu Yakubu,F,Disease Control Officer,Tolon District communities,Tolon District communities,signed
1403,Zuweira Fuseini,F,Medical Assistant,Tolon District communities,Tolon District communities,signed
1404,Alhassan Yakubu,F,Medical Assistant,Tolon District communities,Tolon District communities,signed
1405,Ayishetu Alhassan,F,Disease Control Officer,Tolon District communities,Tolon District communities,signed
1406,Adiza Yakubu,F,Enrolled Nurse,Tolon District communities,Tolon District communities,signed
1407,Ayishetu Napari,F,Medical Assistant,Tolon District communities,Tolon District communities,signed
1408,Issah Seidu,F,Community Health Officer,Tolon District communities,Tolon District communities,signed
1409,Sanatu Iddrisu,F,Midwife,Tolon District communities,Tolon District communities,signed
1410,Ayishetu Napari,F,Community Health Officer,Tolon District communities,Tolon District communities,signed
1411,Fuseini Abdulai,F,Medical Assistant,Tolon District communities,Tolon District communities,signed
1412,Rahinatu Dauda,F,Community Health Officer,Tolon District communities,Tolon District communities,signed
1413,Memunatu Wumbei,F,Disease Control Officer,Tolon District communities,Tolon District communities,signed
1414,Rahinatu Fuseini,F,Community Health Officer,Tolon District communities,Tolon District communities,signed
1415,Zuweira Mahama,F,Medical Assistant,Tolon District communities,Tolon District communities,signed
1416,Abu Alhassan,F,Disease Control Officer,Tolon District communities,Tolon District communities,signed
1417,Mariam Wumbei,F,Medical Assistant,Tolon District communities,Tolon District communities,signed
1418,Zuweira Wumbei,F,Midwife,Tolon District communities,Tolon District communities,signed
1419,Alhassan Yakubu,F,Disease Control Officer,Tolon District communities,Tolon District communities,signed
1420,Memunatu Issahaku,F,Medical Assistant,Tolon District communities,Tolon District communities,signed
1421,Iddrisu Abdulai,F,Community Health Officer,Tolon District communities,Tolon District communities,signed
1422,Hawa Fuseini,F,Community Health Officer,Tolon District communities,Tolon District communities,signed
1423,Rahinatu Iddrisu,F,Enrolled Nurse,Tolon District communities,Tolon District communities,signed
1424,Sulemana Abdulai,F,Medical Assistant,Tolon District communities,Tolon District communities,signed
1425,Abu Iddrisu,F,Community Health Officer,Tolon District communities,Tolon District communities,signed
1426,Salamatu Iddrisu,F,Community Health Officer,Tolon District communities,Tolon District communities,signed
1427,Rahinatu Wumbei,F,Medical Assistant,Tolon District communities,Tolon District communities,signed
1428,Baba Iddrisu,F,Community Health Officer,Tolon District communities,Tolon District communities,signed
1429,Fuseini Seidu,F,Enrolled Nurse,Tolon District communities,Tolon District communities,signed
1430,Alhassan Mahama,F,Community Health Officer,Tolon District communities,Tolon District communities,signed
1431,Baba Mahama,F,Midwife,Tolon District communities,Tolon District communities,signed
1432,Alhassan Alhassan,F,Disease Control Officer,Tolon District communities,Tolon District communities,signed
1433,Abu Fuseini,F,Enrolled Nurse,Tolon District communities,Tolon District communities,signed
1434,Sanatu Alhassan,F,Enrolled Nurse,Tolon District communities,Tolon District communities,signed
1435,Issah Mahama,F,Disease Control Officer,Tolon District communities,Tolon District communities,signed
1436,Fuseini Tia,F,Midwife,Tolon District communities,Tolon District communities,signed
1437,Sulemana Yakubu,F,Midwife,Tolon District communities,Tolon District communities,signed
1438,Fati Fuseini,F,Midwife,Tolon District communities,Tolon District communities,signed
1439,Fuseini Dauda,F,Midwife,Tolon District communities,Tolon District communities,signed
1440,Sanatu Yakubu,F,Disease Control Officer,Tolon District communities,Tolon District communities,signed
1441,Rahinatu Seidu,F,Medical Assistant,Tolon District communities,Tolon District communities,signed
1442,Adiza Iddrisu,F,Medical Assistant,Tolon District communities,Tolon District communities,signed
1443,Zuweira Iddrisu,F,Medical Assistant,Tolon District communities,Tolon District communities,signed
1444,Abdul Seidu,F,Disease Control Officer,Tolon District communities,Tolon District communities,signed
1445,Sanatu Wumbei,F,Community Health Officer,Tolon District communities,Tolon District communities,signed
1446,Salamatu Fuseini,F,Medical Assistant,Tolon District communities,Tolon District communities,signed
1447,Sulemana Fuseini,F,Enrolled Nurse,Tolon District communities,Tolon District communities,signed
1448,Salamatu Alhassan,F,Medical Assistant,Tolon District communities,Tolon District communities,signed
1449,Ayishetu Seidu,F,Disease Control Officer,Tolon District communities,Tolon District communities,signed
1450,Rahinatu Wumbei,F,Medical Assistant,Tolon District communities,Tolon District communities,signed
1451,Salamatu Yakubu,F,Disease Control Officer,Tolon District communities,Tolon District communities,signed
1452,Hawa Seidu,F,Medical Assistant,Tolon District communities,Tolon District communities,signed
1453,Adiza Fuseini,F,Enrolled Nurse,Tolon District communities,Tolon District communities,signed
1454,Mohammed Iddrisu,F,Midwife,Tolon District communities,Tolon District communities,signed
1455,Alhassan Napari,F,Medical Assistant,Tolon District communities,Tolon District communities,signed
1456,Memunatu Abdulai,F,Disease Control Officer,Tolon District communities,Tolon District communities,signed
1457,Ayishetu Tia,F,Medical Assistant,Tolon District communities,Tolon District communities,signed
1458,Hawa Seidu,F,Enrolled Nurse,Tolon District communities,Tolon District communities,signed
1459,Mariam Yakubu,F,Community Health Officer,Tolon District communities,Tolon District communities,signed
1460,Iddrisu Dauda,F,Enrolled Nurse,Tolon District communities,Tolon District communities,signed
1461,Memunatu Napari,F,Enrolled Nurse,Tolon District communities,Tolon District communities,signed
1462,Memunatu Yakubu,F,Midwife,Tolon District communities,Tolon District communities,signed
1463,Yakubu Yakubu,F,Community Health Officer,Tolon District communities,Tolon District communities,signed
1464,Zuweira Dauda,F,Midwife,Tolon District communities,Tolon District communities,signed
1465,Rahinatu Napari,F,Enrolled Nurse,Tolon District communities,Tolon District communities,signed
1466,Abdul Dauda,F,Midwife,Tolon District communities,Tolon District communities,signed
1467,Zuweira Wumbei,F,Enrolled Nurse,Tolon District communities,Tolon District communities,signed
1468,Memunatu Alhassan,F,Disease Control Officer,Tolon District communities,Tolon District communities,signed
1469,Mohammed Abdulai,F,Community Health Officer,Tolon District communities,Tolon District communities,signed
1470,Adiza Alhassan,F,Enrolled Nurse,Tolon District communities,Tolon District communities,signed
1471,Baba Issahaku,F,Disease Control Officer,Tolon District communities,Tolon District communities,signed
1472,Iddrisu Yakubu,F,Midwife,Tolon District communities,Tolon District communities,signed
1473,Adiza Seidu,F,Enrolled Nurse,Tolon District communities,Tolon District communities,signed
1474,Fati Seidu,F,Community Health Officer,Tolon District communities,Tolon District communities,signed
1475,Baba Yakubu,F,Disease Control Officer,Tolon District communities,Tolon District communities,signed
1476,Hawa Alhassan,F,Midwife,Tolon District communities,Tolon District communities,signed
1477,Abdul Tia,F,Community Health Officer,Tolon District communities,Tolon District communities,signed
1478,Hawa Tia,F,Community Health Officer,Tolon District communities,Tolon District communities,signed
1479,Hawa Wumbei,F,Medical Assistant,Tolon District communities,Tolon District communities,signed
1480,Hawa Abdulai,F,Midwife,Tolon District communities,Tolon District communities,signed
1481,Zuweira Tia,F,Disease Control Officer,Tolon District communities,Tolon District communities,signed
1482,Hawa Fuseini,F,Enrolled Nurse,Tolon District communities,Tolon District communities,signed
1483,Yakubu Yakubu,F,Community Health Officer,Tolon District communities,Tolon District communities,signed
1484,Mariam Iddrisu,F,Midwife,Tolon District communities,Tolon District communities,signed
1485,Ayishetu Issahaku,F,Midwife,Tolon District communities,Tolon District communities,signed
1486,Yakubu Fuseini,F,Midwife,Tolon District communities,Tolon District communities,signed
1487,Memunatu Iddrisu,F,Midwife,Tolon District communities,Tolon District communities,signed
1488,Sulemana Fuseini,F,Disease Control Officer,Tolon District communities,Tolon District communities,signed
1489,Sulemana Mahama,F,Medical Assistant,Tolon District communities,Tolon District communities,signed
1490,Sulemana Abdulai,F,Medical Assistant,Tolon District communities,Tolon District communities,signed
1491,Fuseini Napari,F,Enrolled Nurse,Tolon District communities,Tolon District communities,signed
1492,Abu Dauda,F,Community Health Officer,Tolon District communities,Tolon District communities,signed
1493,Hawa Abdulai,F,Enrolled Nurse,Tolon District communities,Tolon District communities,signed
1494,Salamatu Tia,F,Community Health Officer,Tolon District communities,Tolon District communities,signed
1495,Hawa Tia,F,Midwife,Tolon District communities,Tolon District communities,signed
1496,Salamatu Yakubu,F,Medical Assistant,Tolon District communities,Tolon District communities,signed
1497,Baba Mahama,F,Disease Control Officer,Tolon District communities,Tolon District communities,signed
1498,Baba Seidu,F,Enrolled Nurse,Tolon District communities,Tolon District communities,signed
1499,Fati Napari,F,Midwife,Tolon District communities,Tolon District communities,signed
1500,Abdul Dauda,F,Midwife,Tolon District communities,Tolon District communities,signed
1501,Baba Yakubu,F,Enrolled Nurse,Tolon District communities,Tolon District communities,signed
1502,Fuseini Tia,F,Midwife,Tolon District communities,Tolon District communities,signed
1503,Hawa Napari,F,Disease Control Officer,Tolon District communities,Tolon District communities,signed
1504,Baba Dauda,F,Community Health Officer,Tolon District communities,Tolon District communities,signed
1505,Rahinatu Issahaku,F,Medical Assistant,Tolon District communities,Tolon District communities,signed
1506,Zuweira Issahaku,F,Midwife,Tolon District communities,Tolon District communities,signed
1507,Sulemana Napari,F,Enrolled Nurse,Tolon District communities,Tolon District communities,signed
1508,Salamatu Tia,F,Medical Assistant,Tolon District communities,Tolon District communities,signed
1509,Alhassan Issahaku,F,Enrolled Nurse,Tolon District communities,Tolon District communities,signed
1510,Zuweira Fuseini,F,Disease Control Officer,Tolon District communities,Tolon District communities,signed
1511,Fati Issahaku,F,Community Health Officer,Tolon District communities,Tolon District communities,signed
1512,Memunatu Issahaku,F,Medical Assistant,Tolon District communities,Tolon District communities,signed
1513,Sanatu Tia,F,Community Health Officer,Tolon District communities,Tolon District communities,signed
1514,Baba Tia,F,Medical Assistant,Tolon District communities,Tolon District communities,signed
1515,Alhassan Wumbei,F,Enrolled Nurse,Tolon District communities,Tolon District communities,signed
1516,Ayishetu Issahaku,F,Medical Assistant,Tolon District communities,Tolon District communities,signed
1517,Mariam Alhassan,F,Enrolled Nurse,Tolon District communities,Tolon District communities,signed
1518,Mohammed Tia,F,Disease Control Officer,Tolon District communities,Tolon District communities,signed
1519,Ayishetu Dauda,F,Disease Control Officer,Tolon District communities,Tolon District communities,signed
1520,Sulemana Seidu,F,Medical Assistant,Tolon District communities,Tolon District communities,signed
1521,Sanatu Abdulai,F,Community Health Officer,Tolon District communities,Tolon District communities,signed
1522,Mariam Mahama,F,Enrolled Nurse,Tolon District communities,Tolon District communities,signed
1523,Salamatu Issahaku,F,Community Health Officer,Tolon District communities,Tolon District communities,signed
1524,Mariam Mahama,F,Disease Control Officer,Tolon District communities,Tolon District communities,signed
1525,Mariam Iddrisu,F,Enrolled Nurse,Tolon District communities,Tolon District communities,signed
1526,Yakubu Alhassan,F,Medical Assistant,Tolon District communities,Tolon District communities,signed
1527,Sanatu Dauda,F,Enrolled Nurse,Tolon District communities,Tolon District communities,signed
1528,Salamatu Yakubu,F,Midwife,Tolon District communities,Tolon District communities,signed
1529,Ayishetu Seidu,F,Enrolled Nurse,Tolon District communities,Tolon District communities,signed
1530,Abu Fuseini,F,Disease Control Officer,Tolon District communities,Tolon District communities,signed
1531,Ayishetu Seidu,F,Midwife,Tolon District communities,Tolon District communities,signed
1532,Zuweira Wumbei,F,Medical Assistant,Tolon District communities,Tolon District communities,signed
1533,Fuseini Yakubu,F,Enrolled Nurse,Tolon District communities,Tolon District communities,signed
1534,Alhassan Napari,F,Medical Assistant,Tolon District communities,Tolon District communities,signed
1535,Rahinatu Yakubu,F,Medical Assistant,Tolon District communities,Tolon District communities,signed
1536,Rahinatu Dauda,F,Enrolled Nurse,Tolon District communities,Tolon District communities,signed
1537,Rahinatu Dauda,F,Enrolled Nurse,Tolon District communities,Tolon District communities,signed
1538,Fati Alhassan,F,Community Health Officer,Tolon District communities,Tolon District communities,signed
1539,Sulemana Fuseini,F,Midwife,Tolon District communities,Tolon District communities,signed
1540,Mariam Yakubu,F,Community Health Officer,Tolon District communities,Tolon District communities,signed
1541,Ayishetu Seidu,F,Midwife,Tolon District communities,Tolon District communities,signed
1542,Adiza Tia,F,Enrolled Nurse,Tolon District communities,Tolon District communities,signed
1543,Iddrisu Abdulai,F,Midwife,Tolon District communities,Tolon District communities,signed
1544,Adiza Abdulai,F,Disease Control Officer,Tolon District communities,Tolon District communities,signed
1545,Sulemana Napari,F,Medical Assistant,Tolon District communities,Tolon District communities,signed
1546,Rahinatu Abdulai,F,Community Health Officer,Tolon District communities,Tolon District communities,signed
1547,Yakubu Seidu,F,Disease Control Officer,Tolon District communities,Tolon District communities,signed
1548,Abdul Issahaku,F,Midwife,Tolon District communities,Tolon District communities,signed
1549,Memunatu Issahaku,F,Enrolled Nurse,Tolon District communities,Tolon District communities,signed
1550,Yakubu Yakubu,F,Midwife,Tolon District communities,Tolon District communities,signed
1551,Salamatu Seidu,F,Disease Control Officer,Tolon District communities,Tolon District communities,signed
1552,Ayishetu Napari,F,Enrolled Nurse,Tolon District communities,Tolon District communities,signed
1553,Abdul Wumbei,F,Medical Assistant,Tolon District communities,Tolon District communities,signed
1554,Issah Wumbei,F,Disease Control Officer,Tolon District communities,Tolon District communities,signed
1555,Mohammed Dauda,F,Disease Control Officer,Tolon District communities,Tolon District communities,signed
1556,Baba Tia,F,Enrolled Nurse,Tolon District communities,Tolon District communities,signed
1557,Fuseini Issahaku,F,Disease Control Officer,Tolon District communities,Tolon District communities,signed
1558,Zuweira Tia,F,Community Health Officer,Tolon District communities,Tolon District communities,signed
1559,Issah Alhassan,F,Medical Assistant,Tolon District communities,Tolon District communities,signed
1560,Abu Tia,F,Midwife,Tolon District communities,Tolon District communities,signed
1561,Salamatu Dauda,F,Disease Control Officer,Tolon District communities,Tolon District communities,signed
1562,Rahinatu Abdulai,F,Enrolled Nurse,Tolon District communities,Tolon District communities,signed
1563,Rahinatu Alhassan,F,Midwife,Tolon District communities,Tolon District communities,signed
1564,Ayishetu Alhassan,F,Disease Control Officer,Tolon District communities,Tolon District communities,signed
1565,Fati Yakubu,F,Midwife,Tolon District communities,Tolon District communities,signed
1566,Sanatu Napari,F,Enrolled Nurse,Tolon District communities,Tolon District communities,signed
1567,Rahinatu Mahama,F,Disease Control Officer,Tolon District communities,Tolon District communities,signed
1568,Ayishetu Issahaku,F,Midwife,Tolon District communities,Tolon District communities,signed
1569,Memunatu Napari,F,Medical Assistant,Tolon District communities,Tolon District communities,signed
1570,Mariam Seidu,F,Enrolled Nurse,Tolon District communities,Tolon District communities,signed
1571,Rahinatu Yakubu,F,Enrolled Nurse,Tolon District communities,Tolon District communities,signed
1572,Mohammed Seidu,F,Midwife,Tolon District communities,Tolon District communities,signed
1573,Rahinatu Alhassan,F,Enrolled Nurse,Tolon District communities,Tolon District communities,signed
1574,Mohammed Yakubu,F,Medical Assistant,Tolon District communities,Tolon District communities,signed
1575,Fuseini Fuseini,F,Disease Control Officer,Tolon District communities,Tolon District communities,signed
1576,Iddrisu Iddrisu,F,Medical Assistant,Tolon District communities,Tolon District communities,signed
1577,Ayishetu Napari,F,Enrolled Nurse,Tolon District communities,Tolon District communities,signed
1578,Baba Seidu,F,Community Health Officer,Tolon District communities,Tolon District communities,signed
1579,Memunatu Mahama,F,Enrolled Nurse,Tolon District communities,Tolon District communities,signed
1580,Sulemana Fuseini,F,Disease Control Officer,Tolon District communities,Tolon District communities,signed
1581,Mohammed Dauda,F,Community Health Officer,Tolon District communities,Tolon District communities,signed
1582,Abdul Issahaku,F,Community Health Officer,Tolon District communities,Tolon District communities,signed
1583,Baba Iddrisu,F,Community Health Officer,Tolon District communities,Tolon District communities,signed
1584,Ayishetu Yakubu,F,Community Health Officer,Tolon District communities,Tolon District communities,signed
1585,Yakubu Tia,F,Midwife,Tolon District communities,Tolon District communities,signed
1586,Iddrisu Iddrisu,F,Enrolled Nurse,Tolon District communities,Tolon District communities,signed
1587,Abu Alhassan,F,Community Health Officer,Tolon District communities,Tolon District communities,signed
1588,Sanatu Napari,F,Enrolled Nurse,Tolon District communities,Tolon District communities,signed
1589,Baba Wumbei,F,Enrolled Nurse,Tolon District communities,Tolon District communities,signed
1590,Yakubu Tia,F,Community Health Officer,Tolon District communities,Tolon District communities,signed
1591,Sanatu Issahaku,F,Medical Assistant,Tolon District communities,Tolon District communities,signed
1592,Issah Dauda,F,Disease Control Officer,Tolon District communities,Tolon District communities,signed
1593,Mariam Fuseini,F,Disease Control Officer,Tolon District communities,Tolon District communities,signed
1594,Memunatu Mahama,F,Community Health Officer,Tolon District communities,Tolon District communities,signed
1595,Abu Fuseini,F,Medical Assistant,Tolon District communities,Tolon District communities,signed
1596,Baba Fuseini,F,Medical Assistant,Tolon District communities,Tolon District communities,signed
1597,Hawa Wumbei,F,Disease Control Officer,Tolon District communities,Tolon District communities,signed
1598,Mohammed Abdulai,F,Medical Assistant,Tolon District communities,Tolon District communities,signed
1599,Sanatu Abdulai,F,Midwife,Tolon District communities,Tolon District communities,signed
1600,Mariam Seidu,F,Medical Assistant,Tolon District communities,Tolon District communities,signed
1601,Mohammed Tia,F,Disease Control Officer,Tolon District communities,Tolon District communities,signed
1602,Rahinatu Issahaku,F,Midwife,Tolon District communities,Tolon District communities,signed
1603,Memunatu Iddrisu,F,Medical Assistant,Tolon District communities,Tolon District communities,signed
1604,Adiza Napari,F,Community Health Officer,Tolon District communities,Tolon District communities,signed
1605,Abdul Tia,F,Community Health Officer,Tolon District communities,Tolon District communities,signed
1606,Ayishetu Issahaku,F,Community Health Officer,Tolon District communities,Tolon District communities,signed
1607,Abu Napari,F,Medical Assistant,Tolon District communities,Tolon District communities,signed
1608,Yakubu Fuseini,F,Disease Control Officer,Tolon District communities,Tolon District communities,signed
1609,Baba Napari,F,Medical Assistant,Tolon District communities,Tolon District communities,signed
1610,Memunatu Fuseini,F,Medical Assistant,Tolon District communities,Tolon District communities,signed
1611,Abdul Iddrisu,F,Disease Control Officer,Tolon District communities,Tolon District communities,signed
1612,Mohammed Mahama,F,Disease Control Officer,Tolon District communities,Tolon District communities,signed
1613,Fuseini Issahaku,F,Disease Control Officer,Tolon District communities,Tolon District communities,signed
1614,Adiza Tia,F,Midwife,Tolon District communities,Tolon District communities,signed
1615,Rahinatu Mahama,F,Enrolled Nurse,Tolon District communities,Tolon District communities,signed
1616,Memunatu Iddrisu,F,Medical Assistant,Tolon District communities,Tolon District communities,signed
1617,Abu Seidu,F,Disease Control Officer,Tolon District communities,Tolon District communities,signed
1618,Sulemana Abdulai,F,Enrolled Nurse,Tolon District communities,Tolon District communities,signed
1619,Sulemana Dauda,F,Medical Assistant,Tolon District communities,Tolon District communities,signed
1620,Abdul Abdulai,F,Enrolled Nurse,Tolon District communities,Tolon District communities,signed
1621,Mariam Tia,F,Midwife,Tolon District communities,Tolon District communities,signed
1622,Mohammed Wumbei,F,Disease Control Officer,Tolon District communities,Tolon District communities,signed
1623,Adiza Abdulai,F,Enrolled Nurse,Tolon District communities,Tolon District communities,signed
1624,Abdul Napari,F,Community Health Officer,Tolon District communities,Tolon District communities,signed
1625,Fati Yakubu,F,Enrolled Nurse,Tolon District communities,Tolon District communities,signed
1626,Fuseini Iddrisu,F,Disease Control Officer,Tolon District communities,Tolon District communities,signed
1627,Yakubu Seidu,F,Midwife,Tolon District communities,Tolon District communities,signed
1628,Ayishetu Iddrisu,F,Midwife,Tolon District communities,Tolon District communities,signed
1629,Zuweira Abdulai,F,Medical Assistant,Tolon District communities,Tolon District communities,signed
1630,Sanatu Napari,F,Medical Assistant,Tolon District communities,Tolon District communities,signed
1631,Memunatu Issahaku,F,Disease Control Officer,Tolon District communities,Tolon District communities,signed
1632,Salamatu Abdulai,F,Disease Control Officer,Tolon District communities,Tolon District communities,signed
1633,Abu Yakubu,F,Community Health Officer,Tolon District communities,Tolon District communities,signed
1634,Iddrisu Iddrisu,F,Community Health Officer,Tolon District communities,Tolon District communities,signed
1635,Zuweira Dauda,F,Enrolled Nurse,Tolon District communities,Tolon District communities,signed
1636,Rahinatu Iddrisu,F,Medical Assistant,Tolon District communities,Tolon District communities,signed
1637,Rahinatu Napari,F,Midwife,Tolon District communities,Tolon District communities,signed
1638,Abdul Yakubu,F,Medical Assistant,Tolon District communities,Tolon District communities,signed
1639,Adiza Seidu,F,Midwife,Tolon District communities,Tolon District communities,signed
1640,Issah Alhassan,F,Midwife,Tolon District communities,Tolon District communities,signed
1641,Baba Mahama,F,Disease Control Officer,Tolon District communities,Tolon District communities,signed
1642,Alhassan Wumbei,F,Medical Assistant,Tolon District communities,Tolon District communities,signed
1643,Memunatu Abdulai,F,Midwife,Tolon District communities,Tolon District communities,signed
1644,Memunatu Seidu,F,Community Health Officer,Tolon District communities,Tolon District communities,signed
1645,Mohammed Seidu,F,Disease Control Officer,Tolon District communities,Tolon District communities,signed
1646,Alhassan Issahaku,F,Community Health Officer,Tolon District communities,Tolon District communities,signed
1647,Ayishetu Iddrisu,F,Enrolled Nurse,Tolon District communities,Tolon District communities,signed
1648,Ayishetu Alhassan,F,Disease Control Officer,Tolon District communities,Tolon District communities,signed
1649,Fati Alhassan,F,Midwife,Tolon District communities,Tolon District communities,signed
1650,Hawa Alhassan,F,Disease Control Officer,Tolon District communities,Tolon District communities,signed
