No,Name,Sex,Cadre/Role,Facility/Community,District,Signature
1,Sulemana Issahaku,F,Community Health Officer,Kumbungu District communities,Kumbungu District communities,signed
2,Baba Issahaku,F,Medical Assistant,Kumbungu District communities,Kumbungu District communities,signed
3,Iddrisu Wumbei,F,Disease Control Officer,Kumbungu District communities,Kumbungu District communities,signed
4,Yakubu Yakubu,F,Enrolled Nurse,Kumbungu District communities,Kumbungu District communities,signed
5,Memunatu Issahaku,F,Medical Assistant,Kumbungu District communities,Kumbungu District communities,signed
6,Abu Yakubu,F,Disease Control Officer,Kumbungu District communities,Kumbungu District communities,signed
7,Fati Wumbei,F,Medical Assistant,Kumbungu District communities,Kumbungu District communities,signed
8,Abu Seidu,F,Disease Control Officer,Kumbungu District communities,Kumbungu District communities,signed
9,Baba Alhassan,F,Enrolled Nurse,Kumbungu District communities,Kumbungu District communities,signed
10,Ayishetu Wumbei,F,Enrolled Nurse,Kumbungu District communities,Kumbungu District communities,signed
11,Memunatu Wumbei,F,Disease Control Officer,Kumbungu District communities,Kumbungu District communities,signed
12,Mohammed Mahama,F,Midwife,Kumbungu District communities,Kumbungu District communities,signed
13,Zuweira Dauda,F,Midwife,Kumbungu District communities,Kumbungu District communities,signed
14,Adiza Iddrisu,F,Medical Assistant,Kumbungu District communities,Kumbungu District communities,signed
15,Adiza Tia,F,Midwife,Kumbungu District communities,Kumbungu District communities,signed
16,Adiza Wumbei,F,Medical Assistant,Kumbungu District communities,Kumbungu District communities,signed
17,Mohammed Iddrisu,F,Disease Control Officer,Kumbungu District communities,Kumbungu District communities,signed
18,Sulemana Mahama,F,Community Health Officer,Kumbungu District communities,Kumbungu District communities,signed
19,Hawa Abdulai,F,Midwife,Kumbungu District communities,Kumbungu District communities,signed
20,Alhassan Abdulai,F,Medical Assistant,Kumbungu District communities,Kumbungu District communities,signed
21,Rahinatu Mahama,F,Medical Assistant,Kumbungu District communities,Kumbungu District communities,signed
22,Hawa Wumbei,F,Community Health Officer,Kumbungu District communities,Kumbungu District communities,signed
23,Abu Issahaku,F,Midwife,Kumbungu District communities,Kumbungu District communities,signed
24,Sulemana Tia,F,Disease Control Officer,Kumbungu District communities,Kumbungu District communities,signed
25,Fati Wumbei,F,Community Health Officer,Kumbungu District communities,Kumbungu District communities,signed
26,Ayishetu Wumbei,F,Enrolled Nurse,Kumbungu District communities,Kumbungu District communities,signed
27,Baba Seidu,F,Midwife,Kumbungu District communities,Kumbungu District communities,signed
28,Zuweira Tia,F,Community Health Officer,Kumbungu District communities,Kumbungu District communities,signed
29,Adiza Yakubu,F,Disease Control Officer,Kumbungu District communities,Kumbungu District communities,signed
30,Hawa Tia,F,Medical Assistant,Kumbungu District communities,Kumbungu District communities,signed
31,Mohammed Seidu,F,Midwife,Kumbungu District communities,Kumbungu District communities,signed
32,Iddrisu Yakubu,F,Community Health Officer,Kumbungu District communities,Kumbungu District communities,signed
33,Hawa Yakubu,F,Disease Control Officer,Kumbungu District communities,Kumbungu District communities,signed
34,Iddrisu Wumbei,F,Medical Assistant,Kumbungu District communities,Kumbungu District communities,signed
35,Mohammed Tia,F,Enrolled Nurse,Kumbungu District communities,Kumbungu District communities,signed
36,Ayishetu Dauda,F,Enrolled Nurse,Kumbungu District communities,Kumbungu District communities,signed
37,Hawa Napari,F,Community Health Officer,Kumbungu District communities,Kumbungu District communities,signed
38,Ayishetu Mahama,F,Disease Control Officer,Kumbungu District communities,Kumbungu District communities,signed
39,Adiza Dauda,F,Community Health Officer,Kumbungu District communities,Kumbungu District communities,signed
40,Fati Fuseini,F,Community Health Officer,Kumbungu District communities,Kumbungu District communities,signed
41,Sulemana Dauda,F,Enrolled Nurse,Kumbungu District communities,Kumbungu District communities,signed
42,Baba Seidu,F,Medical Assistant,Kumbungu District communities,Kumbungu District communities,signed
43,Sulemana Wumbei,F,Community Health Officer,Kumbungu District communities,Kumbungu District communities,signed
44,Abdul Tia,F,Disease Control Officer,Kumbungu District communities,Kumbungu District communities,signed
45,Hawa Iddrisu,F,Disease Control Officer,Kumbungu District communities,Kumbungu District communities,signed
46,Memunatu Napari,F,Enrolled Nurse,Kumbungu District communities,Kumbungu District communities,signed
47,Ayishetu Napari,F,Disease Control Officer,Kumbungu District communities,Kumbungu District communities,signed
48,Adiza Fuseini,F,Medical Assistant,Kumbungu District communities,Kumbungu District communities,signed
49,Salamatu Iddrisu,F,Enrolled Nurse,Kumbungu District communities,Kumbungu District communities,signed
50,Ayishetu Napari,F,Midwife,Kumbungu District communities,Kumbungu District communities,signed
51,Memunatu Alhassan,F,Enrolled Nurse,Kumbungu District communities,Kumbungu District communities,signed
52,Rahinatu Iddrisu,F,Midwife,Kumbungu District communities,Kumbungu District communities,signed
53,Rahinatu Seidu,F,Medical Assistant,Kumbungu District communities,Kumbungu District communities,signed
54,Adiza Fuseini,F,Enrolled Nurse,Kumbungu District communities,Kumbungu District communities,signed
55,Abdul Alhassan,F,Enrolled Nurse,Kumbungu District communities,Kumbungu District communities,signed
56,Baba Wumbei,F,Medical Assistant,Kumbungu District communities,Kumbungu District communities,signed
57,Sanatu Tia,F,Medical Assistant,Kumbungu District communities,Kumbungu District communities,signed
58,Iddrisu Mahama,F,Midwife,Kumbungu District communities,Kumbungu District communities,signed
59,Fuseini Wumbei,F,Medical Assistant,Kumbungu District communities,Kumbungu District communities,signed
60,Sulemana Tia,F,Disease Control Officer,Kumbungu District communities,Kumbungu District communities,signed
61,Fati Fuseini,F,Disease Control Officer,Kumbungu District communities,Kumbungu District communities,signed
62,Baba Dauda,F,Midwife,Kumbungu District communities,Kumbungu District communities,signed
63,Fuseini Napari,F,Community Health Officer,Kumbungu District communities,Kumbungu District communities,signed
64,Baba Fuseini,F,Midwife,Kumbungu District communities,Kumbungu District communities,signed
65,Issah Dauda,F,Enrolled Nurse,Kumbungu District communities,Kumbungu District communities,signed
66,Zuweira Mahama,F,Community Health Officer,Kumbungu District communities,Kumbungu District communities,signed
67,Salamatu Yakubu,F,Disease Control Officer,Kumbungu District communities,Kumbungu District communities,signed
68,Memunatu Mahama,F,Midwife,Kumbungu District communities,Kumbungu District communities,signed
69,Baba Napari,F,Enrolled Nurse,Kumbungu District communities,Kumbungu District communities,signed
70,Yakubu Napari,F,Community Health Officer,Kumbungu District communities,Kumbungu District communities,signed
71,Abu Dauda,F,Enrolled Nurse,Kumbungu District communities,Kumbungu District communities,signed
72,Fati Iddrisu,F,Medical Assistant,Kumbungu District communities,Kumbungu District communities,signed
73,Abdul Dauda,F,Medical Assistant,Kumbungu District communities,Kumbungu District communities,signed
74,Issah Yakubu,F,Disease Control Officer,Kumbungu District communities,Kumbungu District communities,signed
75,Fuseini Dauda,F,Disease Control Officer,Kumbungu District communities,Kumbungu District communities,signed
76,Abu Napari,F,Midwife,Kumbungu District communities,Kumbungu District communities,signed
77,Sulemana Napari,F,Medical Assistant,Kumbungu District communities,Kumbungu District communities,signed
78,Abdul Mahama,F,Midwife,Kumbungu District communities,Kumbungu District communities,signed
79,Iddrisu Tia,F,Community Health Officer,Kumbungu District communities,Kumbungu District communities,signed
80,Fati Mahama,F,Midwife,Kumbungu District communities,Kumbungu District communities,signed
81,Fuseini Seidu,F,Community Health Officer,Kumbungu District communities,Kumbungu District communities,signed
82,Sanatu Tia,F,Community Health Officer,Kumbungu District communities,Kumbungu District communities,signed
83,Alhassan Alhassan,F,Midwife,Kumbungu District communities,Kumbungu District communities,signed
84,Sanatu Tia,F,Midwife,Kumbungu District communities,Kumbungu District communities,signed
85,Abdul Abdulai,F,Midwife,Kumbungu District communities,Kumbungu District communities,signed
86,Abdul Dauda,F,Community Health Officer,Kumbungu District communities,Kumbungu District communities,signed
87,Fati Yakubu,F,Community Health Officer,Kumbungu District communities,Kumbungu District communities,signed
88,Issah Mahama,F,Medical Assistant,Kumbungu District communities,Kumbungu District communities,signed
89,Fati Mahama,F,Disease Control Officer,Kumbungu District communities,Kumbungu District communities,signed
90,Hawa Mahama,F,Community Health Officer,Kumbungu District communities,Kumbungu District communities,signed
91,Baba Fuseini,F,Disease Control Officer,Kumbungu District communities,Kumbungu District communities,signed
92,Issah Iddrisu,F,Midwife,Kumbungu District communities,Kumbungu District communities,signed
93,Issah Abdulai,F,Community Health Officer,Kumbungu District communities,Kumbungu District communities,signed
94,Hawa Wumbei,F,Midwife,Kumbungu District communities,Kumbungu District communities,signed
95,Fati Alhassan,F,Community Health Officer,Kumbungu District communities,Kumbungu District communities,signed
96,Memunatu Yakubu,F,Community Health Officer,Kumbungu District communities,Kumbungu District communities,signed
97,Salamatu Iddrisu,F,Community Health Officer,Kumbungu District communities,Kumbungu District communities,signed
98,Abdul Napari,F,Enrolled Nurse,Kumbungu District communities,Kumbungu District communities,signed
99,Baba Wumbei,F,Disease Control Officer,Kumbungu District communities,Kumbungu District communities,signed
100,Yakubu Wumbei,F,Disease Control Officer,Kumbungu District communities,Kumbungu District communities,signed
101,Salamatu Fuseini,F,Midwife,Kumbungu District communities,Kumbungu District communities,signed
102,Abdul Wumbei,F,Community Health Officer,Kumbungu District communities,Kumbungu District communities,signed
103,Zuweira Iddrisu,F,Medical Assistant,Kumbungu District communities,Kumbungu District communities,signed
104,Zuweira Mahama,F,Medical Assistant,Kumbungu District communities,Kumbungu District communities,signed
105,Fati Wumbei,F,Medical Assistant,Kumbungu District communities,Kumbungu District communities,signed
106,Salamatu Alhassan,F,Medical Assistant,Kumbungu District communities,Kumbungu District communities,signed
107,Hawa Fuseini,F,Medical Assistant,Kumbungu District communities,Kumbungu District communities,signed
108,Iddrisu Dauda,F,Disease Control Officer,Kumbungu District communities,Kumbungu District communities,signed
109,Adiza Mahama,F,Community Health Officer,Kumbungu District communities,Kumbungu District communities,signed
110,Yakubu Dauda,F,Enrolled Nurse,Kumbungu District communities,Kumbungu District communities,signed
111,Salamatu Wumbei,F,Midwife,Kumbungu District communities,Kumbungu District communities,signed
112,Fati Napari,F,Enrolled Nurse,Kumbungu District communities,Kumbungu District communities,signed
113,Iddrisu Alhassan,F,Disease Control Officer,Kumbungu District communities,Kumbungu District communities,signed
114,Mariam Iddrisu,F,Enrolled Nurse,Kumbungu District communities,Kumbungu District communities,signed
115,Fati Dauda,F,Disease Control Officer,Kumbungu District communities,Kumbungu District communities,signed
116,Mohammed Dauda,F,Medical Assistant,Kumbungu District communities,Kumbungu District communities,signed
117,Issah Fuseini,F,Disease Control Officer,Kumbungu District communities,Kumbungu District communities,signed
118,Mariam Yakubu,F,Medical Assistant,Kumbungu District communities,Kumbungu District communities,signed
119,Sulemana Fuseini,F,Community Health Officer,Kumbungu District communities,Kumbungu District communities,signed
120,Fati Alhassan,F,Community Health Officer,Kumbungu District communities,Kumbungu District communities,signed
121,Fati Yakubu,F,Enrolled Nurse,Kumbungu District communities,Kumbungu District communities,signed
122,Fati Wumbei,F,Enrolled Nurse,Kumbungu District communities,Kumbungu District communities,signed
123,Ayishetu Tia,F,Community Health Officer,Kumbungu District communities,Kumbungu District communities,signed
124,Abdul Abdulai,F,Midwife,Kumbungu District communities,Kumbungu District communities,signed
125,Baba Issahaku,F,Community Health Officer,Kumbungu District communities,Kumbungu District communities,signed
126,Sulemana Alhassan,F,Community Health Officer,Kumbungu District communities,Kumbungu District communities,signed
127,Adiza Dauda,F,Community Health Officer,Kumbungu District communities,Kumbungu District communities,signed
128,Abdul Alhassan,F,Enrolled Nurse,Kumbungu District communities,Kumbungu District communities,signed
129,Hawa Alhassan,F,Midwife,Kumbungu District communities,Kumbungu District communities,signed
130,Iddrisu Fuseini,F,Enrolled Nurse,Kumbungu District communities,Kumbungu District communities,signed
131,Hawa Issahaku,F,Community Health Officer,Kumbungu District communities,Kumbungu District communities,signed
132,Iddrisu Abdulai,F,Midwife,Kumbungu District communities,Kumbungu District communities,signed
133,Iddrisu Dauda,F,Midwife,Kumbungu District communities,Kumbungu District communities,signed
134,Mohammed Fuseini,F,Midwife,Kumbungu District communities,Kumbungu District communities,signed
135,Abu Mahama,F,Community Health Officer,Kumbungu District communities,Kumbungu District communities,signed
136,Zuweira Seidu,F,Enrolled Nurse,Kumbungu District communities,Kumbungu District communities,signed
137,Adiza Dauda,F,Enrolled Nurse,Kumbungu District communities,Kumbungu District communities,signed
138,Rahinatu Yakubu,F,Medical Assistant,Kumbungu District communities,Kumbungu District communities,signed
139,Alhassan Wumbei,F,Community Health Officer,Kumbungu District communities,Kumbungu District communities,signed
140,Abdul Napari,F,Enrolled Nurse,Kumbungu District communities,Kumbungu District communities,signed
141,Sanatu Iddrisu,F,Enrolled Nurse,Kumbungu District communities,Kumbungu District communities,signed
142,Memunatu Abdulai,F,Community Health Officer,Kumbungu District communities,Kumbungu District communities,signed
143,Rahinatu Abdulai,F,Community Health Officer,Kumbungu District communities,Kumbungu District communities,signed
144,Zuweira Abdulai,F,Disease Control Officer,Kumbungu District communities,Kumbungu District communities,signed
145,Hawa Mahama,F,Disease Control Officer,Kumbungu District communities,Kumbungu District communities,signed
146,Mariam Mahama,F,Enrolled Nurse,Kumbungu District communities,Kumbungu District communities,signed
147,Rahinatu Seidu,F,Community Health Officer,Kumbungu District communities,Kumbungu District communities,signed
148,Issah Alhassan,F,Enrolled Nurse,Kumbungu District communities,Kumbungu District communities,signed
149,Iddrisu Alhassan,F,Medical Assistant,Kumbungu District communities,Kumbungu District communities,signed
150,Mohammed Wumbei,F,Midwife,Kumbungu District communities,Kumbungu District communities,signed
151,Salamatu Mahama,F,Disease Control Officer,Kumbungu District communities,Kumbungu District communities,signed
152,Fuseini Yakubu,F,Enrolled Nurse,Kumbungu District communities,Kumbungu District communities,signed
153,Fati Alhassan,F,Medical Assistant,Kumbungu District communities,Kumbungu District communities,signed
154,Yakubu Yakubu,F,Medical Assistant,Kumbungu District communities,Kumbungu District communities,signed
155,Issah Alhassan,F,Community Health Officer,Kumbungu District communities,Kumbungu District communities,signed
156,Iddrisu Abdulai,F,Enrolled Nurse,Kumbungu District communities,Kumbungu District communities,signed
157,Iddrisu Napari,F,Community Health Officer,Kumbungu District communities,Kumbungu District communities,signed
158,Alhassan Tia,F,Enrolled Nurse,Kumbungu District communities,Kumbungu District communities,signed
159,Rahinatu Yakubu,F,Community Health Officer,Kumbungu District communities,Kumbungu District communities,signed
160,Issah Wumbei,F,Community Health Officer,Kumbungu District communities,Kumbungu District communities,signed
161,Ayishetu Mahama,F,Disease Control Officer,Kumbungu District communities,Kumbungu District communities,signed
162,Mariam Iddrisu,F,Medical Assistant,Kumbungu District communities,Kumbungu District communities,signed
163,Zuweira Fuseini,F,Disease Control Officer,Kumbungu District communities,Kumbungu District communities,signed
164,Hawa Seidu,F,Community Health Officer,Kumbungu District communities,Kumbungu District communities,signed
165,Sanatu Abdulai,F,Disease Control Officer,Kumbungu District communities,Kumbungu District communities,signed
166,Salamatu Mahama,F,Disease Control Officer,Kumbungu District communities,Kumbungu District communities,signed
167,Mohammed Fuseini,F,Enrolled Nurse,Kumbungu District communities,Kumbungu District communities,signed
168,Alhassan Fuseini,F,Midwife,Kumbungu District communities,Kumbungu District communities,signed
169,Issah Yakubu,F,Disease Control Officer,Kumbungu District communities,Kumbungu District communities,signed
170,Salamatu Iddrisu,F,Disease Control Officer,Kumbungu District communities,Kumbungu District communities,signed
171,Fati Wumbei,F,Disease Control Officer,Kumbungu District communities,Kumbungu District communities,signed
172,Sanatu Issahaku,F,Medical Assistant,Kumbungu District communities,Kumbungu District communities,signed
173,Yakubu Iddrisu,F,Enrolled Nurse,Kumbungu District communities,Kumbungu District communities,signed
174,Zuweira Fuseini,F,Disease Control Officer,Kumbungu District communities,Kumbungu District communities,signed
175,Zuweira Seidu,F,Enrolled Nurse,Kumbungu District communities,Kumbungu District communities,signed
176,Baba Abdulai,F,Medical Assistant,Kumbungu District communities,Kumbungu District communities,signed
177,Rahinatu Mahama,F,Midwife,Kumbungu District communities,Kumbungu District communities,signed
178,Abu Tia,F,Enrolled Nurse,Kumbungu District communities,Kumbungu District communities,signed
179,Alhassan Wumbei,F,Medical Assistant,Kumbungu District communities,Kumbungu District communities,signed
180,Memunatu Wumbei,F,Enrolled Nurse,Kumbungu District communities,Kumbungu District communities,signed
181,Alhassan Issahaku,F,Medical Assistant,Kumbungu District communities,Kumbungu District communities,signed
182,Rahinatu Wumbei,F,Disease Control Officer,Kumbungu District communities,Kumbungu District communities,signed
183,Fuseini Yakubu,F,Midwife,Kumbungu District communities,Kumbungu District communities,signed
184,Fuseini Tia,F,Midwife,Kumbungu District communities,Kumbungu District communities,signed
185,Baba Seidu,F,Disease Control Officer,Kumbungu District communities,Kumbungu District communities,signed
186,Alhassan Seidu,F,Midwife,Kumbungu District communities,Kumbungu District communities,signed
187,Baba Wumbei,F,Medical Assistant,Kumbungu District communities,Kumbungu District communities,signed
188,Mohammed Issahaku,F,Enrolled Nurse,Kumbungu District communities,Kumbungu District communities,signed
189,Sulemana Mahama,F,Enrolled Nurse,Kumbungu District communities,Kumbungu District communities,signed
190,Sulemana Iddrisu,F,Disease Control Officer,Kumbungu District communities,Kumbungu District communities,signed
191,Ayishetu Abdulai,F,Medical Assistant,Kumbungu District communities,Kumbungu District communities,signed
192,Sulemana Alhassan,F,Medical Assistant,Kumbungu District communities,Kumbungu District communities,signed
193,Issah Issahaku,F,Enrolled Nurse,Kumbungu District communities,Kumbungu District communities,signed
194,Abu Napari,F,Midwife,Kumbungu District communities,Kumbungu District communities,signed
195,Zuweira Alhassan,F,Community Health Officer,Kumbungu District communities,Kumbungu District communities,signed
196,Baba Abdulai,F,Midwife,Kumbungu District communities,Kumbungu District communities,signed
197,Hawa Alhassan,F,Medical Assistant,Kumbungu District communities,Kumbungu District communities,signed
198,Fuseini Fuseini,F,Midwife,Kumbungu District communities,Kumbungu District communities,signed
199,Iddrisu Mahama,F,Community Health Officer,Kumbungu District communities,Kumbungu District communities,signed
200,Issah Issahaku,F,Medical Assistant,Kumbungu District communities,Kumbungu District communities,signed
201,Rahinatu Alhassan,F,Midwife,Kumbungu District communities,Kumbungu District communities,signed
202,Memunatu Tia,F,Midwife,Kumbungu District communities,Kumbungu District communities,signed
203,Issah Mahama,F,Disease Control Officer,Kumbungu District communities,Kumbungu District communities,signed
204,Mariam Napari,F,Medical Assistant,Kumbungu District communities,Kumbungu District communities,signed
205,Mohammed Dauda,F,Disease Control Officer,Kumbungu District communities,Kumbungu District communities,signed
206,Memunatu Seidu,F,Community Health Officer,Kumbungu District communities,Kumbungu District communities,signed
207,Issah Wumbei,F,Disease Control Officer,Kumbungu District communities,Kumbungu District communities,signed
208,Mariam Seidu,F,Midwife,Kumbungu District communities,Kumbungu District communities,signed
209,Mohammed Tia,F,Enrolled Nurse,Kumbungu District communities,Kumbungu District communities,signed
210,Mariam Dauda,F,Enrolled Nurse,Kumbungu District communities,Kumbungu District communities,signed
211,Zuweira Issahaku,F,Enrolled Nurse,Kumbungu District communities,Kumbungu District communities,signed
212,Sanatu Alhassan,F,Midwife,Kumbungu District communities,Kumbungu District communities,signed
213,Rahinatu Napari,F,Community Health Officer,Kumbungu District communities,Kumbungu District communities,signed
214,Fuseini Abdulai,F,Medical Assistant,Kumbungu District communities,Kumbungu District communities,signed
215,Memunatu Abdulai,F,Community Health Officer,Kumbungu District communities,Kumbungu District communities,signed
216,Yakubu Napari,F,Medical Assistant,Kumbungu District communities,Kumbungu District communities,signed
217,Iddrisu Iddrisu,F,Disease Control Officer,Kumbungu District communities,Kumbungu District communities,signed
218,Hawa Mahama,F,Community Health Officer,Kumbungu District communities,Kumbungu District communities,signed
219,Adiza Abdulai,F,Medical Assistant,Kumbungu District communities,Kumbungu District communities,signed
220,Fati Mahama,F,Enrolled Nurse,Kumbungu District communities,Kumbungu District communities,signed
221,Mariam Issahaku,F,Disease Control Officer,Kumbungu District communities,Kumbungu District communities,signed
222,Yakubu Tia,F,Disease Control Officer,Kumbungu District communities,Kumbungu District communities,signed
223,Sanatu Yakubu,F,Community Health Officer,Kumbungu District communities,Kumbungu District communities,signed
224,Salamatu Alhassan,F,Enrolled Nurse,Kumbungu District communities,Kumbungu District communities,signed
225,Iddrisu Abdulai,F,Medical Assistant,Kumbungu District communities,Kumbungu District communities,signed
226,Issah Fuseini,F,Medical Assistant,Kumbungu District communities,Kumbungu District communities,signed
227,Sanatu Dauda,F,Disease Control Officer,Kumbungu District communities,Kumbungu District communities,signed
228,Baba Napari,F,Community Health Officer,Kumbungu District communities,Kumbungu District communities,signed
229,Fuseini Wumbei,F,Community Health Officer,Kumbungu District communities,Kumbungu District communities,signed
230,Memunatu Iddrisu,F,Midwife,Kumbungu District communities,Kumbungu District communities,signed
231,Fati Seidu,F,Community Health Officer,Kumbungu District communities,Kumbungu District communities,signed
232,Salamatu Alhassan,F,Medical Assistant,Kumbungu District communities,Kumbungu District communities,signed
233,Ayishetu Dauda,F,Medical Assistant,Kumbungu District communities,Kumbungu District communities,signed
234,Sulemana Napari,F,Community Health Officer,Kumbungu District communities,Kumbungu District communities,signed
235,Mariam Issahaku,F,Midwife,Kumbungu District communities,Kumbungu District communities,signed
236,Memunatu Tia,F,Enrolled Nurse,Kumbungu District communities,Kumbungu District communities,signed
237,Mariam Yakubu,F,Enrolled Nurse,Kumbungu District communities,Kumbungu District communities,signed
238,Baba Iddrisu,F,Medical Assistant,Kumbungu District communities,Kumbungu District communities,signed
239,Abdul Dauda,F,Enrolled Nurse,Kumbungu District communities,Kumbungu District communities,signed
240,Fuseini Tia,F,Disease Control Officer,Kumbungu District communities,Kumbungu District communities,signed
241,Memunatu Tia,F,Enrolled Nurse,Kumbungu District communities,Kumbungu District communities,signed
242,Baba Alhassan,F,Community Health Officer,Kumbungu District communities,Kumbungu District communities,signed
243,Sulemana Napari,F,Midwife,Kumbungu District communities,Kumbungu District communities,signed
244,Ayishetu Tia,F,Medical Assistant,Kumbungu District communities,Kumbungu District communities,signed
245,Rahinatu Issahaku,F,Disease Control Officer,Kumbungu District communities,Kumbungu District communities,signed
246,Zuweira Wumbei,F,Community Health Officer,Kumbungu District communities,Kumbungu District communities,signed
247,Mariam Napari,F,Enrolled Nurse,Kumbungu District communities,Kumbungu District communities,signed
248,Baba Tia,F,Enrolled Nurse,Kumbungu District communities,Kumbungu District communities,signed
249,Memunatu Seidu,F,Medical Assistant,Kumbungu District communities,Kumbungu District communities,signed
250,Mohammed Issahaku,F,Disease Control Officer,Kumbungu District communities,Kumbungu District communities,signed
251,Issah Napari,F,Community Health Officer,Kumbungu District communities,Kumbungu District communities,signed
252,Fuseini Iddrisu,F,Midwife,Kumbungu District communities,Kumbungu District communities,signed
253,Yakubu Fuseini,F,Community Health Officer,Kumbungu District communities,Kumbungu District communities,signed
254,Alhassan Dauda,F,Community Health Officer,Kumbungu District communities,Kumbungu District communities,signed
255,Abu Abdulai,F,Medical Assistant,Kumbungu District communities,Kumbungu District communities,signed
256,Sanatu Wumbei,F,Enrolled Nurse,Kumbungu District communities,Kumbungu District communities,signed
257,Rahinatu Mahama,F,Medical Assistant,Kumbungu District communities,Kumbungu District communities,signed
258,Sanatu Wumbei,F,Enrolled Nurse,Kumbungu District communities,Kumbungu District communities,signed
259,Adiza Tia,F,Medical Assistant,Kumbungu District communities,Kumbungu District communities,signed
260,Alhassan Seidu,F,Medical Assistant,Kumbungu District communities,Kumbungu District communities,signed
261,Alhassan Mahama,F,Enrolled Nurse,Kumbungu District communities,Kumbungu District communities,signed
262,Fuseini Fuseini,F,Enrolled Nurse,Kumbungu District communities,Kumbungu District communities,signed
263,Zuweira Yakubu,F,Midwife,Kumbungu District communities,Kumbungu District communities,signed
264,Baba Wumbei,F,Medical Assistant,Kumbungu District communities,Kumbungu District communities,signed
265,Sulemana Tia,F,Disease Control Officer,Kumbungu District communities,Kumbungu District communities,signed
266,Abu Fuseini,F,Enrolled Nurse,Kumbungu District communities,Kumbungu District communities,signed
267,Iddrisu Napari,F,Community Health Officer,Kumbungu District communities,Kumbungu District communities,signed
268,Sanatu Iddrisu,F,Enrolled Nurse,Kumbungu District communities,Kumbungu District communities,signed
269,Issah Dauda,F,Enrolled Nurse,Kumbungu District communities,Kumbungu District communities,signed
270,Fuseini Napari,F,Enrolled Nurse,Kumbungu District communities,Kumbungu District communities,signed
271,Zuweira Seidu,F,Enrolled Nurse,Kumbungu District communities,Kumbungu District communities,signed
272,Fuseini Fuseini,F,Medical Assistant,Kumbungu District communities,Kumbungu District communities,signed
273,Ayishetu Yakubu,F,Disease Control Officer,Kumbungu District communities,Kumbungu District communities,signed
274,Iddrisu Wumbei,F,Enrolled Nurse,Kumbungu District communities,Kumbungu District communities,signed
275,Rahinatu Tia,F,Medical Assistant,Kumbungu District communities,Kumbungu District communities,signed
276,Mohammed Abdulai,F,Medical Assistant,Kumbungu District communities,Kumbungu District communities,signed
277,Alhassan Issahaku,F,Community Health Officer,Kumbungu District communities,Kumbungu District communities,signed
278,Mohammed Abdulai,F,Community Health Officer,Kumbungu District communities,Kumbungu District communities,signed
279,Abdul Yakubu,F,Community Health Officer,Kumbungu District communities,Kumbungu District communities,signed
280,Iddrisu Iddrisu,F,Enrolled Nurse,Kumbungu District communities,Kumbungu District communities,signed
281,Zuweira Napari,F,Disease Control Officer,Kumbungu District communities,Kumbungu District communities,signed
282,Abu Issahaku,F,Community Health Officer,Kumbungu District communities,Kumbungu District communities,signed
283,Fuseini Wumbei,F,Enrolled Nurse,Kumbungu District communities,Kumbungu District communities,signed
284,Baba Alhassan,F,Medical Assistant,Kumbungu District communities,Kumbungu District communities,signed
285,Issah Iddrisu,F,Midwife,Kumbungu District communities,Kumbungu District communities,signed
286,Hawa Napari,F,Medical Assistant,Kumbungu District communities,Kumbungu District communities,signed
287,Yakubu Tia,F,Community Health Officer,Kumbungu District communities,Kumbungu District communities,signed
288,Issah Seidu,F,Enrolled Nurse,Kumbungu District communities,Kumbungu District communities,signed
289,Ayishetu Mahama,F,Community Health Officer,Kumbungu District communities,Kumbungu District communities,signed
290,Zuweira Napari,F,Midwife,Kumbungu District communities,Kumbungu District communities,signed
291,Memunatu Mahama,F,Community Health Officer,Kumbungu District communities,Kumbungu District communities,signed
292,Adiza Yakubu,F,Enrolled Nurse,Kumbungu District communities,Kumbungu District communities,signed
293,Baba Tia,F,Community Health Officer,Kumbungu District communities,Kumbungu District communities,signed
294,Mohammed Seidu,F,Disease Control Officer,Kumbungu District communities,Kumbungu District communities,signed
295,Memunatu Alhassan,F,Medical Assistant,Kumbungu District communities,Kumbungu District communities,signed
296,Mohammed Seidu,F,Disease Control Officer,Kumbungu District communities,Kumbungu District communities,signed
297,Iddrisu Napari,F,Disease Control Officer,Kumbungu District communities,Kumbungu District communities,signed
298,Baba Mahama,F,Enrolled Nurse,Kumbungu District communities,Kumbungu District communities,signed
299,Iddrisu Napari,F,Disease Control Officer,Kumbungu District communities,Kumbungu District communities,signed
300,Zuweira Abdulai,F,Enrolled Nurse,Kumbungu District communities,Kumbungu District communities,signed
301,Fati Dauda,F,Disease Control Officer,Kumbungu District communities,Kumbungu District communities,signed
302,Rahinatu Abdulai,F,Disease Control Officer,Kumbungu District communities,Kumbungu District communities,signed
303,Issah Fuseini,F,Midwife,Kumbungu District communities,Kumbungu District communities,signed
304,Sulemana Iddrisu,F,Medical Assistant,Kumbungu District communities,Kumbungu District communities,signed
305,Adiza Issahaku,F,Disease Control Officer,Kumbungu District communities,Kumbungu District communities,signed
306,Hawa Mahama,F,Midwife,Kumbungu District communities,Kumbungu District communities,signed
307,Mohammed Seidu,F,Enrolled Nurse,Kumbungu District communities,Kumbungu District communities,signed
308,Salamatu Issahaku,F,Midwife,Kumbungu District communities,Kumbungu District communities,signed
309,Mohammed Wumbei,F,Enrolled Nurse,Kumbungu District communities,Kumbungu District communities,signed
310,Ayishetu Tia,F,Midwife,Kumbungu District communities,Kumbungu District communities,signed
311,Memunatu Abdulai,F,Disease Control Officer,Kumbungu District communities,Kumbungu District communities,signed
312,Memunatu Abdulai,F,Enrolled Nurse,Kumbungu District communities,Kumbungu District communities,signed
313,Abdul Abdulai,F,Medical Assistant,Kumbungu District communities,Kumbungu District communities,signed
314,Memunatu Alhassan,F,Disease Control Officer,Kumbungu District communities,Kumbungu District communities,signed
315,Baba Iddrisu,F,Medical Assistant,Kumbungu District communities,Kumbungu District communities,signed
316,Issah Yakubu,F,Midwife,Kumbungu District communities,Kumbungu District communities,signed
317,Zuweira Yakubu,F,Midwife,Kumbungu District communities,Kumbungu District communities,signed
318,Fati Tia,F,Enrolled Nurse,Kumbungu District communities,Kumbungu District communities,signed
319,Fuseini Dauda,F,Medical Assistant,Kumbungu District communities,Kumbungu District communities,signed
320,Memunatu Seidu,F,Midwife,Kumbungu District communities,Kumbungu District communities,signed
321,Alhassan Alhassan,F,Midwife,Kumbungu District communities,Kumbungu District communities,signed
322,Adiza Napari,F,Disease Control Officer,Kumbungu District communities,Kumbungu District communities,signed
323,Yakubu Iddrisu,F,Community Health Officer,Kumbungu District communities,Kumbungu District communities,signed
324,Yakubu Napari,F,Enrolled Nurse,Kumbungu District communities,Kumbungu District communities,signed
325,Fati Wumbei,F,Midwife,Kumbungu District communities,Kumbungu District communities,signed
326,Yakubu Dauda,F,Disease Control Officer,Kumbungu District communities,Kumbungu District communities,signed
327,Zuweira Abdulai,F,Medical Assistant,Kumbungu District communities,Kumbungu District communities,signed
328,Zuweira Dauda,F,Medical Assistant,Kumbungu District communities,Kumbungu District communities,signed
329,Zuweira Napari,F,Midwife,Kumbungu District communities,Kumbungu District communities,signed
330,Ayishetu Abdulai,F,Community Health Officer,Kumbungu District communities,Kumbungu District communities,signed
331,Sanatu Wumbei,F,Community Health Officer,Kumbungu District communities,Kumbungu District communities,signed
332,Alhassan Alhassan,F,Midwife,Kumbungu District communities,Kumbungu District communities,signed
333,Sanatu Fuseini,F,Midwife,Kumbungu District communities,Kumbungu District communities,signed
334,Yakubu Abdulai,F,Medical Assistant,Kumbungu District communities,Kumbungu District communities,signed
335,Yakubu Seidu,F,Disease Control Officer,Kumbungu District communities,Kumbungu District communities,signed
336,Memunatu Napari,F,Midwife,Kumbungu District communities,Kumbungu District communities,signed
337,Ayishetu Mahama,F,Medical Assistant,Kumbungu District communities,Kumbungu District communities,signed
338,Sanatu Iddrisu,F,Medical Assistant,Kumbungu District communities,Kumbungu District communities,signed
339,Yakubu Issahaku,F,Medical Assistant,Kumbungu District communities,Kumbungu District communities,signed
340,Baba Alhassan,F,Enrolled Nurse,Kumbungu District communities,Kumbungu District communities,signed
341,Issah Yakubu,F,Medical Assistant,Kumbungu District communities,Kumbungu District communities,signed
342,Alhassan Seidu,F,Disease Control Officer,Kumbungu District communities,Kumbungu District communities,signed
343,Iddrisu Mahama,F,Disease Control Officer,Kumbungu District communities,Kumbungu District communities,signed
344,Ayishetu Napari,F,Disease Control Officer,Kumbungu District communities,Kumbungu District communities,signed
345,Abdul Issahaku,F,Enrolled Nurse,Kumbungu District communities,Kumbungu District communities,signed
346,Adiza Napari,F,Disease Control Officer,Kumbungu District communities,Kumbungu District communities,signed
347,Sulemana Iddrisu,F,Midwife,Kumbungu District communities,Kumbungu District communities,signed
348,Alhassan Napari,F,Enrolled Nurse,Kumbungu District communities,Kumbungu District communities,signed
349,Mariam Issahaku,F,Disease Control Officer,Kumbungu District communities,Kumbungu District communities,signed
350,Sulemana Wumbei,F,Enrolled Nurse,Kumbungu District communities,Kumbungu District communities,signed
351,Iddrisu Yakubu,F,Community Health Officer,Kumbungu District communities,Kumbungu District communities,signed
352,Fati Mahama,F,Disease Control Officer,Kumbungu District communities,Kumbungu District communities,signed
353,Adiza Issahaku,F,Disease Control Officer,Kumbungu District communities,Kumbungu District communities,signed
354,Alhassan Seidu,F,Medical Assistant,Kumbungu District communities,Kumbungu District communities,signed
355,Yakubu Seidu,F,Enrolled Nurse,Kumbungu District communities,Kumbungu District communities,signed
356,Mohammed Napari,F,Enrolled Nurse,Kumbungu District communities,Kumbungu District communities,signed
357,Iddrisu Yakubu,F,Community Health Officer,Kumbungu District communities,Kumbungu District communities,signed
358,Fuseini Alhassan,F,Medical Assistant,Kumbungu District communities,Kumbungu District communities,signed
359,Salamatu Dauda,F,Midwife,Kumbungu District communities,Kumbungu District communities,signed
360,Hawa Dauda,F,Medical Assistant,Kumbungu District communities,Kumbungu District communities,signed
361,Abdul Dauda,F,Disease Control Officer,Kumbungu District communities,Kumbungu District communities,signed
362,Issah Abdulai,F,Medical Assistant,Kumbungu District communities,Kumbungu District communities,signed
363,Alhassan Issahaku,F,Medical Assistant,Kumbungu District communities,Kumbungu District communities,signed
364,Sulemana Wumbei,F,Enrolled Nurse,Kumbungu District communities,Kumbungu District communities,signed
365,Sanatu Tia,F,Disease Control Officer,Kumbungu District communities,Kumbungu District communities,signed
366,Issah Tia,F,Disease Control Officer,Kumbungu District communities,Kumbungu District communities,signed
367,Mariam Tia,F,Midwife,Kumbungu District communities,Kumbungu District communities,signed
368,Hawa Alhassan,F,Midwife,Kumbungu District communities,Kumbungu District communities,signed
369,Memunatu Seidu,F,Medical Assistant,Kumbungu District communities,Kumbungu District communities,signed
370,Salamatu Tia,F,Medical Assistant,Kumbungu District communities,Kumbungu District communities,signed
371,Mariam Napari,F,Community Health Officer,Kumbungu District communities,Kumbungu District communities,signed
372,Mohammed Mahama,F,Midwife,Kumbungu District communities,Kumbungu District communities,signed
373,Fati Tia,F,Medical Assistant,Kumbungu District communities,Kumbungu District communities,signed
374,Alhassan Fuseini,F,Medical Assistant,Kumbungu District communities,Kumbungu District communities,signed
375,Hawa Issahaku,F,Community Health Officer,Kumbungu District communities,Kumbungu District communities,signed
376,Fati Issahaku,F,Midwife,Kumbungu District communities,Kumbungu District communities,signed
377,Alhassan Tia,F,Disease Control Officer,Kumbungu District communities,Kumbungu District communities,signed
378,Baba Tia,F,Enrolled Nurse,Kumbungu District communities,Kumbungu District communities,signed
379,Salamatu Napari,F,Community Health Officer,Kumbungu District communities,Kumbungu District communities,signed
380,Adiza Wumbei,F,Midwife,Kumbungu District communities,Kumbungu District communities,signed
381,Baba Issahaku,F,Enrolled Nurse,Kumbungu District communities,Kumbungu District communities,signed
382,Adiza Dauda,F,Community Health Officer,Kumbungu District communities,Kumbungu District communities,signed
383,Fati Alhassan,F,Midwife,Kumbungu District communities,Kumbungu District communities,signed
384,Alhassan Alhassan,F,Midwife,Kumbungu District communities,Kumbungu District communities,signed
385,Fuseini Seidu,F,Midwife,Kumbungu District communities,Kumbungu District communities,signed
386,Iddrisu Tia,F,Enrolled Nurse,Kumbungu District communities,Kumbungu District communities,signed
387,Fuseini Mahama,F,Midwife,Kumbungu District communities,Kumbungu District communities,signed
388,Zuweira Mahama,F,Community Health Officer,Kumbungu District communities,Kumbungu District communities,signed
389,Hawa Dauda,F,Community Health Officer,Kumbungu District communities,Kumbungu District communities,signed
390,Iddrisu Issahaku,F,Midwife,Kumbungu District communities,Kumbungu District communities,signed
391,Issah Yakubu,F,Medical Assistant,Kumbungu District communities,Kumbungu District communities,signed
392,Memunatu Alhassan,F,Medical Assistant,Kumbungu District communities,Kumbungu District communities,signed
393,Adiza Yakubu,F,Disease Control Officer,Kumbungu District communities,Kumbungu District communities,signed
394,Abu Abdulai,F,Community Health Officer,Kumbungu District communities,Kumbungu District communities,signed
395,Zuweira Dauda,F,Medical Assistant,Kumbungu District communities,Kumbungu District communities,signed
396,Salamatu Alhassan,F,Community Health Officer,Kumbungu District communities,Kumbungu District communities,signed
397,Zuweira Yakubu,F,Medical Assistant,Kumbungu District communities,Kumbungu District communities,signed
398,Rahinatu Fuseini,F,Enrolled Nurse,Kumbungu District communities,Kumbungu District communities,signed
399,Sulemana Mahama,F,Medical Assistant,Kumbungu District communities,Kumbungu District communities,signed
400,Fati Yakubu,F,Community Health Officer,Kumbungu District communities,Kumbungu District communities,signed
401,Ayishetu Issahaku,F,Medical Assistant,Kumbungu District communities,Kumbungu District communities,signed
402,Baba Iddrisu,F,Disease Control Officer,Kumbungu District communities,Kumbungu District communities,signed
403,Rahinatu Alhassan,F,Midwife,Kumbungu District communities,Kumbungu District communities,signed
404,Memunatu Yakubu,F,Community Health Officer,Kumbungu District communities,Kumbungu District communities,signed
405,Rahinatu Seidu,F,Disease Control Officer,Kumbungu District communities,Kumbungu District communities,signed
406,Fuseini Alhassan,F,Community Health Officer,Kumbungu District communities,Kumbungu District communities,signed
407,Abdul Seidu,F,Enrolled Nurse,Kumbungu District communities,Kumbungu District communities,signed
408,Abdul Alhassan,F,Midwife,Kumbungu District communities,Kumbungu District communities,signed
409,Yakubu Alhassan,F,Enrolled Nurse,Kumbungu District communities,Kumbungu District communities,signed
410,Adiza Yakubu,F,Disease Control Officer,Kumbungu District communities,Kumbungu District communities,signed
411,Ayishetu Iddrisu,F,Midwife,Kumbungu District communities,Kumbungu District communities,signed
412,Iddrisu Mahama,F,Midwife,Kumbungu District communities,Kumbungu District communities,signed
413,Sanatu Napari,F,Disease Control Officer,Kumbungu District communities,Kumbungu District communities,signed
414,Abu Issahaku,F,Disease Control Officer,Kumbungu District communities,Kumbungu District communities,signed
415,Fuseini Fuseini,F,Enrolled Nurse,Kumbungu District communities,Kumbungu District communities,signed
416,Baba Tia,F,Community Health Officer,Kumbungu District communities,Kumbungu District communities,signed
417,Mohammed Seidu,F,Community Health Officer,Kumbungu District communities,Kumbungu District communities,signed
418,Mohammed Iddrisu,F,Enrolled Nurse,Kumbungu District communities,Kumbungu District communities,signed
419,Mohammed Yakubu,F,Enrolled Nurse,Kumbungu District communities,Kumbungu District communities,signed
420,Salamatu Tia,F,Medical Assistant,Kumbungu District communities,Kumbungu District communities,signed
421,Adiza Iddrisu,F,Enrolled Nurse,Kumbungu District communities,Kumbungu District communities,signed
422,Sulemana Yakubu,F,Community Health Officer,Kumbungu District communities,Kumbungu District communities,signed
423,Sulemana Fuseini,F,Midwife,Kumbungu District communities,Kumbungu District communities,signed
424,Sulemana Alhassan,F,Medical Assistant,Kumbungu District communities,Kumbungu District communities,signed
425,Sulemana Issahaku,F,Community Health Officer,Kumbungu District communities,Kumbungu District communities,signed
426,Yakubu Mahama,F,Community Health Officer,Kumbungu District communities,Kumbungu District communities,signed
427,Alhassan Issahaku,F,Disease Control Officer,Kumbungu District communities,Kumbungu District communities,signed
428,Memunatu Yakubu,F,Community Health Officer,Kumbungu District communities,Kumbungu District communities,signed
429,Alhassan Dauda,F,Enrolled Nurse,Kumbungu District communities,Kumbungu District communities,signed
430,Mohammed Seidu,F,Disease Control Officer,Kumbungu District communities,Kumbungu District communities,signed
431,Sanatu Tia,F,Midwife,Kumbungu District communities,Kumbungu District communities,signed
432,Mariam Tia,F,Midwife,Kumbungu District communities,Kumbungu District communities,signed
433,Fati Iddrisu,F,Midwife,Kumbungu District communities,Kumbungu District communities,signed
434,Issah Tia,F,Enrolled Nurse,Kumbungu District communities,Kumbungu District communities,signed
435,Sanatu Seidu,F,Medical Assistant,Kumbungu District communities,Kumbungu District communities,signed
436,Baba Napari,F,Midwife,Kumbungu District communities,Kumbungu District communities,signed
437,Ayishetu Napari,F,Community Health Officer,Kumbungu District communities,Kumbungu District communities,signed
438,Yakubu Abdulai,F,Disease Control Officer,Kumbungu District communities,Kumbungu District communities,signed
439,Fuseini Issahaku,F,Community Health Officer,Kumbungu District communities,Kumbungu District communities,signed
440,Abu Dauda,F,Medical Assistant,Kumbungu District communities,Kumbungu District communities,signed
441,Fuseini Yakubu,F,Midwife,Kumbungu District communities,Kumbungu District communities,signed
442,Hawa Mahama,F,Medical Assistant,Kumbungu District communities,Kumbungu District communities,signed
443,Abu Wumbei,F,Medical Assistant,Kumbungu District communities,Kumbungu District communities,signed
444,Iddrisu Alhassan,F,Community Health Officer,Kumbungu District communities,Kumbungu District communities,signed
445,Memunatu Iddrisu,F,Disease Control Officer,Kumbungu District communities,Kumbungu District communities,signed
446,Abdul Alhassan,F,Medical Assistant,Kumbungu District communities,Kumbungu District communities,signed
447,Adiza Alhassan,F,Midwife,Kumbungu District communities,Kumbungu District communities,signed
448,Zuweira Fuseini,F,Disease Control Officer,Kumbungu District communities,Kumbungu District communities,signed
449,Mohammed Mahama,F,Midwife,Kumbungu District communities,Kumbungu District communities,signed
450,Yakubu Abdulai,F,Midwife,Kumbungu District communities,Kumbungu District communities,signed
451,Baba Wumbei,F,Medical Assistant,Kumbungu District communities,Kumbungu District communities,signed
452,Adiza Napari,F,Community Health Officer,Kumbungu District communities,Kumbungu District communities,signed
453,Hawa Mahama,F,Disease Control Officer,Kumbungu District communities,Kumbungu District communities,signed
454,Fati Fuseini,F,Disease Control Officer,Kumbungu District communities,Kumbungu District communities,signed
455,Memunatu Iddrisu,F,Enrolled Nurse,Kumbungu District communities,Kumbungu District communities,signed
456,Rahinatu Alhassan,F,Disease Control Officer,Kumbungu District communities,Kumbungu District communities,signed
457,Abdul Issahaku,F,Disease Control Officer,Kumbungu District communities,Kumbungu District communities,signed
458,Sanatu Iddrisu,F,Community Health Officer,Kumbungu District communities,Kumbungu District communities,signed
459,Sanatu Abdulai,F,Disease Control Officer,Kumbungu District communities,Kumbungu District communities,signed
460,Hawa Dauda,F,Community Health Officer,Kumbungu District communities,Kumbungu District communities,signed
461,Issah Wumbei,F,Midwife,Kumbungu District communities,Kumbungu District communities,signed
462,Memunatu Dauda,F,Midwife,Kumbungu District communities,Kumbungu District communities,signed
463,Sanatu Yakubu,F,Medical Assistant,Kumbungu District communities,Kumbungu District communities,signed
464,Abdul Iddrisu,F,Community Health Officer,Kumbungu District communities,Kumbungu District communities,signed
465,Mohammed Napari,F,Disease Control Officer,Kumbungu District communities,Kumbungu District communities,signed
466,Mariam Mahama,F,Enrolled Nurse,Kumbungu District communities,Kumbungu District communities,signed
467,Memunatu Mahama,F,Enrolled Nurse,Kumbungu District communities,Kumbungu District communities,signed
468,Hawa Wumbei,F,Enrolled Nurse,Kumbungu District communities,Kumbungu District communities,signed
469,Zuweira Alhassan,F,Medical Assistant,Kumbungu District communities,Kumbungu District communities,signed
470,Issah Wumbei,F,Enrolled Nurse,Kumbungu District communities,Kumbungu District communities,signed
471,Baba Dauda,F,Community Health Officer,Kumbungu District communities,Kumbungu District communities,signed
472,Abdul Napari,F,Midwife,Kumbungu District communities,Kumbungu District communities,signed
473,Zuweira Issahaku,F,Medical Assistant,Kumbungu District communities,Kumbungu District communities,signed
474,Iddrisu Wumbei,F,Enrolled Nurse,Kumbungu District communities,Kumbungu District communities,signed
475,Memunatu Napari,F,Medical Assistant,Kumbungu District communities,Kumbungu District communities,signed
476,Rahinatu Issahaku,F,Enrolled Nurse,Kumbungu District communities,Kumbungu District communities,signed
477,Yakubu Napari,F,Community Health Officer,Kumbungu District communities,Kumbungu District communities,signed
478,Fati Alhassan,F,Community Health Officer,Kumbungu District communities,Kumbungu District communities,signed
479,Mohammed Alhassan,F,Disease Control Officer,Kumbungu District communities,Kumbungu District communities,signed
480,Adiza Dauda,F,Enrolled Nurse,Kumbungu District communities,Kumbungu District communities,signed
481,Abu Mahama,F,Enrolled Nurse,Kumbungu District communities,Kumbungu District communities,signed
482,Iddrisu Dauda,F,Midwife,Kumbungu District communities,Kumbungu District communities,signed
483,Sulemana Dauda,F,Midwife,Kumbungu District communities,Kumbungu District communities,signed
484,Sulemana Seidu,F,Midwife,Kumbungu District communities,Kumbungu District communities,signed
485,Zuweira Napari,F,Community Health Officer,Kumbungu District communities,Kumbungu District communities,signed
486,Alhassan Yakubu,F,Community Health Officer,Kumbungu District communities,Kumbungu District communities,signed
487,Abu Iddrisu,F,Midwife,Kumbungu District communities,Kumbungu District communities,signed
488,Iddrisu Seidu,F,Enrolled Nurse,Kumbungu District communities,Kumbungu District communities,signed
489,Baba Mahama,F,Disease Control Officer,Kumbungu District communities,Kumbungu District communities,signed
490,Baba Yakubu,F,Community Health Officer,Kumbungu District communities,Kumbungu District communities,signed
491,Rahinatu Alhassan,F,Midwife,Kumbungu District communities,Kumbungu District communities,signed
492,Iddrisu Napari,F,Community Health Officer,Kumbungu District communities,Kumbungu District communities,signed
493,Adiza Fuseini,F,Enrolled Nurse,Kumbungu District communities,Kumbungu District communities,signed
494,Fati Tia,F,Midwife,Kumbungu District communities,Kumbungu District communities,signed
495,Sanatu Abdulai,F,Disease Control Officer,Kumbungu District communities,Kumbungu District communities,signed
496,Abdul Issahaku,F,Enrolled Nurse,Kumbungu District communities,Kumbungu District communities,signed
497,Iddrisu Tia,F,Medical Assistant,Kumbungu District communities,Kumbungu District communities,signed
498,Hawa Iddrisu,F,Community Health Officer,Kumbungu District communities,Kumbungu District communities,signed
499,Abdul Yakubu,F,Disease Control Officer,Kumbungu District communities,Kumbungu District communities,signed
500,Abu Wumbei,F,Midwife,Kumbungu District communities,Kumbungu District communities,signed
501,Fuseini Dauda,F,Midwife,Kumbungu District communities,Kumbungu District communities,signed
502,Zuweira Dauda,F,Community Health Officer,Kumbungu District communities,Kumbungu District communities,signed
503,Iddrisu Tia,F,Medical Assistant,Kumbungu District communities,Kumbungu District communities,signed
504,Iddrisu Mahama,F,Enrolled Nurse,Kumbungu District communities,Kumbungu District communities,signed
505,Alhassan Seidu,F,Disease Control Officer,Kumbungu District communities,Kumbungu District communities,signed
506,Abdul Alhassan,F,Midwife,Kumbungu District communities,Kumbungu District communities,signed
507,Hawa Issahaku,F,Community Health Officer,Kumbungu District communities,Kumbungu District communities,signed
508,Hawa Abdulai,F,Medical Assistant,Kumbungu District communities,Kumbungu District communities,signed
509,Fati Wumbei,F,Disease Control Officer,Kumbungu District communities,Kumbungu District communities,signed
510,Yakubu Napari,F,Midwife,Kumbungu District communities,Kumbungu District communities,signed
511,Fati Wumbei,F,Midwife,Kumbungu District communities,Kumbungu District communities,signed
512,Rahinatu Napari,F,Disease Control Officer,Kumbungu District communities,Kumbungu District communities,signed
513,Memunatu Alhassan,F,Disease Control Officer,Kumbungu District communities,Kumbungu District communities,signed
514,Iddrisu Abdulai,F,Disease Control Officer,Kumbungu District communities,Kumbungu District communities,signed
515,Fuseini Mahama,F,Enrolled Nurse,Kumbungu District communities,Kumbungu District communities,signed
516,Baba Tia,F,Midwife,Kumbungu District communities,Kumbungu District communities,signed
517,Zuweira Iddrisu,F,Midwife,Kumbungu District communities,Kumbungu District communities,signed
518,Alhassan Mahama,F,Enrolled Nurse,Kumbungu District communities,Kumbungu District communities,signed
519,Abu Yakubu,F,Disease Control Officer,Kumbungu District communities,Kumbungu District communities,signed
520,Rahinatu Wumbei,F,Community Health Officer,Kumbungu District communities,Kumbungu District communities,signed
521,Alhassan Yakubu,F,Disease Control Officer,Kumbungu District communities,Kumbungu District communities,signed
522,Baba Napari,F,Enrolled Nurse,Kumbungu District communities,Kumbungu District communities,signed
523,Baba Fuseini,F,Midwife,Kumbungu District communities,Kumbungu District communities,signed
524,Issah Alhassan,F,Disease Control Officer,Kumbungu District communities,Kumbungu District communities,signed
525,Zuweira Yakubu,F,Enrolled Nurse,Kumbungu District communities,Kumbungu District communities,signed
526,Alhassan Mahama,F,Medical Assistant,Kumbungu District communities,Kumbungu District communities,signed
527,Fuseini Seidu,F,Enrolled Nurse,Kumbungu District communities,Kumbungu District communities,signed
528,Fuseini Seidu,F,Medical Assistant,Kumbungu District communities,Kumbungu District communities,signed
529,Mohammed Yakubu,F,Midwife,Kumbungu District communities,Kumbungu District communities,signed
530,Rahinatu Dauda,F,Disease Control Officer,Kumbungu District communities,Kumbungu District communities,signed
531,Sulemana Mahama,F,Disease Control Officer,Kumbungu District communities,Kumbungu District communities,signed
532,Sulemana Mahama,F,Medical Assistant,Kumbungu District communities,Kumbungu District communities,signed
533,Sanatu Iddrisu,F,Medical Assistant,Kumbungu District communities,Kumbungu District communities,signed
534,Sanatu Wumbei,F,Midwife,Kumbungu District communities,Kumbungu District communities,signed
535,Adiza Napari,F,Midwife,Kumbungu District communities,Kumbungu District communities,signed
536,Fati Yakubu,F,Disease Control Officer,Kumbungu District communities,Kumbungu District communities,signed
537,Sulemana Dauda,F,Enrolled Nurse,Kumbungu District communities,Kumbungu District communities,signed
538,Abu Abdulai,F,Community Health Officer,Kumbungu District communities,Kumbungu District communities,signed
539,Adiza Napari,F,Community Health Officer,Kumbungu District communities,Kumbungu District communities,signed
540,Adiza Tia,F,Midwife,Kumbungu District communities,Kumbungu District communities,signed
541,Fuseini Wumbei,F,Medical Assistant,Kumbungu District communities,Kumbungu District communities,signed
542,Fati Napari,F,Midwife,Kumbungu District communities,Kumbungu District communities,signed
543,Memunatu Issahaku,F,Community Health Officer,Kumbungu District communities,Kumbungu District communities,signed
544,Fati Yakubu,F,Medical Assistant,Kumbungu District communities,Kumbungu District communities,signed
545,Baba Issahaku,F,Medical Assistant,Kumbungu District communities,Kumbungu District communities,signed
546,Abdul Dauda,F,Disease Control Officer,Kumbungu District communities,Kumbungu District communities,signed
547,Mariam Tia,F,Disease Control Officer,Kumbungu District communities,Kumbungu District communities,signed
548,Ayishetu Issahaku,F,Midwife,Kumbungu District communities,Kumbungu District communities,signed
549,Salamatu Alhassan,F,Medical Assistant,Kumbungu District communities,Kumbungu District communities,signed
550,Sanatu Abdulai,F,Disease Control Officer,Kumbungu District communities,Kumbungu District communities,signed
551,Ayishetu Iddrisu,F,Disease Control Officer,Kumbungu District communities,Kumbungu District communities,signed
552,Abdul Tia,F,Midwife,Kumbungu District communities,Kumbungu District communities,signed
553,Alhassan Tia,F,Community Health Officer,Kumbungu District communities,Kumbungu District communities,signed
554,Mohammed Tia,F,Midwife,Kumbungu District communities,Kumbungu District communities,signed
555,Zuweira Fuseini,F,Disease Control Officer,Kumbungu District communities,Kumbungu District communities,signed
556,Fati Yakubu,F,Disease Control Officer,Kumbungu District communities,Kumbungu District communities,signed
557,Zuweira Dauda,F,Medical Assistant,Kumbungu District communities,Kumbungu District communities,signed
558,Adiza Wumbei,F,Midwife,Kumbungu District communities,Kumbungu District communities,signed
559,Hawa Iddrisu,F,Disease Control Officer,Kumbungu District communities,Kumbungu District communities,signed
560,Alhassan Yakubu,F,Midwife,Kumbungu District communities,Kumbungu District communities,signed
561,Issah Abdulai,F,Enrolled Nurse,Kumbungu District communities,Kumbungu District communities,signed
562,Mohammed Iddrisu,F,Disease Control Officer,Kumbungu District communities,Kumbungu District communities,signed
563,Baba Abdulai,F,Enrolled Nurse,Kumbungu District communities,Kumbungu District communities,signed
564,Zuweira Seidu,F,Medical Assistant,Kumbungu District communities,Kumbungu District communities,signed
565,Rahinatu Seidu,F,Enrolled Nurse,Kumbungu District communities,Kumbungu District communities,signed
566,Baba Napari,F,Medical Assistant,Kumbungu District communities,Kumbungu District communities,signed
567,Abdul Tia,F,Disease Control Officer,Kumbungu District communities,Kumbungu District communities,signed
568,Iddrisu Napari,F,Midwife,Kumbungu District communities,Kumbungu District communities,signed
569,Memunatu Iddrisu,F,Medical Assistant,Kumbungu District communities,Kumbungu District communities,signed
570,Yakubu Tia,F,Midwife,Kumbungu District communities,Kumbungu District communities,signed
571,Alhassan Seidu,F,Disease Control Officer,Kumbungu District communities,Kumbungu District communities,signed
572,Adiza Tia,F,Medical Assistant,Kumbungu District communities,Kumbungu District communities,signed
573,Mariam Abdulai,F,Community Health Officer,Kumbungu District communities,Kumbungu District communities,signed
574,Abu Wumbei,F,Midwife,Kumbungu District communities,Kumbungu District communities,signed
575,Fati Iddrisu,F,Community Health Officer,Kumbungu District communities,Kumbungu District communities,signed
576,Memunatu Iddrisu,F,Midwife,Kumbungu District communities,Kumbungu District communities,signed
577,Abu Seidu,F,Midwife,Kumbungu District communities,Kumbungu District communities,signed
578,Yakubu Alhassan,F,Community Health Officer,Kumbungu District communities,Kumbungu District communities,signed
579,Mohammed Tia,F,Medical Assistant,Kumbungu District communities,Kumbungu District communities,signed
580,Abu Seidu,F,Medical Assistant,Kumbungu District communities,Kumbungu District communities,signed
581,Abdul Issahaku,F,Disease Control Officer,Kumbungu District communities,Kumbungu District communities,signed
582,Sulemana Wumbei,F,Medical Assistant,Kumbungu District communities,Kumbungu District communities,signed
583,Salamatu Issahaku,F,Medical Assistant,Kumbungu District communities,Kumbungu District communities,signed
584,Sulemana Yakubu,F,Midwife,Kumbungu District communities,Kumbungu District communities,signed
585,Alhassan Alhassan,F,Midwife,Kumbungu District communities,Kumbungu District communities,signed
586,Fati Fuseini,F,Enrolled Nurse,Kumbungu District communities,Kumbungu District communities,signed
587,Rahinatu Napari,F,Enrolled Nurse,Kumbungu District communities,Kumbungu District communities,signed
588,Mariam Alhassan,F,Medical Assistant,Kumbungu District communities,Kumbungu District communities,signed
589,Ayishetu Fuseini,F,Medical Assistant,Kumbungu District communities,Kumbungu District communities,signed
590,Sanatu Wumbei,F,Community Health Officer,Kumbungu District communities,Kumbungu District communities,signed
591,Hawa Fuseini,F,Enrolled Nurse,Kumbungu District communities,Kumbungu District communities,signed
592,Sulemana Tia,F,Midwife,Kumbungu District communities,Kumbungu District communities,signed
593,Iddrisu Abdulai,F,Midwife,Kumbungu District communities,Kumbungu District communities,signed
594,Sulemana Wumbei,F,Disease Control Officer,Kumbungu District communities,Kumbungu District communities,signed
595,Yakubu Abdulai,F,Enrolled Nurse,Kumbungu District communities,Kumbungu District communities,signed
596,Fuseini Tia,F,Medical Assistant,Kumbungu District communities,Kumbungu District communities,signed
597,Yakubu Abdulai,F,Community Health Officer,Kumbungu District communities,Kumbungu District communities,signed
598,Memunatu Seidu,F,Disease Control Officer,Kumbungu District communities,Kumbungu District communities,signed
599,Abdul Napari,F,Disease Control Officer,Kumbungu District communities,Kumbungu District communities,signed
600,Fati Abdulai,F,Medical Assistant,Kumbungu District communities,Kumbungu District communities,signed
601,Sanatu Napari,F,Medical Assistant,Kumbungu District communities,Kumbungu District communities,signed
602,Mohammed Napari,F,Medical Assistant,Kumbungu District communities,Kumbungu District communities,signed
603,Ayishetu Fuseini,F,Midwife,Kumbungu District communities,Kumbungu District communities,signed
604,Fuseini Mahama,F,Midwife,Kumbungu District communities,Kumbungu District communities,signed
605,Iddrisu Mahama,F,Midwife,Kumbungu District communities,Kumbungu District communities,signed
606,Baba Iddrisu,F,Midwife,Kumbungu District communities,Kumbungu District communities,signed
607,Memunatu Issahaku,F,Community Health Officer,Kumbungu District communities,Kumbungu District communities,signed
608,Zuweira Fuseini,F,Disease Control Officer,Kumbungu District communities,Kumbungu District communities,signed
609,Adiza Mahama,F,Disease Control Officer,Kumbungu District communities,Kumbungu District communities,signed
610,Memunatu Fuseini,F,Midwife,Kumbungu District communities,Kumbungu District communities,signed
611,Fuseini Fuseini,F,Disease Control Officer,Kumbungu District communities,Kumbungu District communities,signed
612,Mohammed Mahama,F,Community Health Officer,Kumbungu District communities,Kumbungu District communities,signed
613,Sanatu Wumbei,F,Enrolled Nurse,Kumbungu District communities,Kumbungu District communities,signed
614,Salamatu Napari,F,Medical Assistant,Kumbungu District communities,Kumbungu District communities,signed
615,Zuweira Abdulai,F,Midwife,Kumbungu District communities,Kumbungu District communities,signed
616,Iddrisu Wumbei,F,Medical Assistant,Kumbungu District communities,Kumbungu District communities,signed
617,Rahinatu Fuseini,F,Disease Control Officer,Kumbungu District communities,Kumbungu District communities,signed
618,Baba Iddrisu,F,Community Health Officer,Kumbungu District communities,Kumbungu District communities,signed
619,Ayishetu Fuseini,F,Disease Control Officer,Kumbungu District communities,Kumbungu District communities,signed
620,Abdul Tia,F,Disease Control Officer,Kumbungu District communities,Kumbungu District communities,signed
621,Ayishetu Seidu,F,Midwife,Kumbungu District communities,Kumbungu District communities,signed
622,Mohammed Seidu,F,Community Health Officer,Kumbungu District communities,Kumbungu District communities,signed
623,Zuweira Mahama,F,Community Health Officer,Kumbungu District communities,Kumbungu District communities,signed
624,Fati Alhassan,F,Midwife,Kumbungu District communities,Kumbungu District communities,signed
625,Memunatu Issahaku,F,Enrolled Nurse,Kumbungu District communities,Kumbungu District communities,signed
626,Sulemana Napari,F,Enrolled Nurse,Kumbungu District communities,Kumbungu District communities,signed
627,Rahinatu Dauda,F,Disease Control Officer,Kumbungu District communities,Kumbungu District communities,signed
628,Sulemana Mahama,F,Community Health Officer,Kumbungu District communities,Kumbungu District communities,signed
629,Hawa Issahaku,F,Disease Control Officer,Kumbungu District communities,Kumbungu District communities,signed
630,Zuweira Napari,F,Disease Control Officer,Kumbungu District communities,Kumbungu District communities,signed
631,Iddrisu Yakubu,F,Enrolled Nurse,Kumbungu District communities,Kumbungu District communities,signed
632,Sanatu Tia,F,Medical Assistant,Kumbungu District communities,Kumbungu District communities,signed
633,Abdul Fuseini,F,Midwife,Kumbungu District communities,Kumbungu District communities,signed
634,Sulemana Wumbei,F,Disease Control Officer,Kumbungu District communities,Kumbungu District communities,signed
635,Hawa Fuseini,F,Community Health Officer,Kumbungu District communities,Kumbungu District communities,signed
636,Issah Fuseini,F,Medical Assistant,Kumbungu District communities,Kumbungu District communities,signed
637,Adiza Fuseini,F,Disease Control Officer,Kumbungu District communities,Kumbungu District communities,signed
638,Fati Napari,F,Medical Assistant,Kumbungu District communities,Kumbungu District communities,signed
639,Ayishetu Yakubu,F,Midwife,Kumbungu District communities,Kumbungu District communities,signed
640,Yakubu Wumbei,F,Community Health Officer,Kumbungu District communities,Kumbungu District communities,signed
641,Salamatu Napari,F,Community Health Officer,Kumbungu District communities,Kumbungu District communities,signed
642,Issah Issahaku,F,Medical Assistant,Kumbungu District communities,Kumbungu District communities,signed
643,Abdul Wumbei,F,Disease Control Officer,Kumbungu District communities,Kumbungu District communities,signed
644,Rahinatu Yakubu,F,Medical Assistant,Kumbungu District communities,Kumbungu District communities,signed
645,Iddrisu Abdulai,F,Midwife,Kumbungu District communities,Kumbungu District communities,signed
646,Abu Fuseini,F,Medical Assistant,Kumbungu District communities,Kumbungu District communities,signed
647,Zuweira Alhassan,F,Medical Assistant,Kumbungu District communities,Kumbungu District communities,signed
648,Sanatu Tia,F,Enrolled Nurse,Kumbungu District communities,Kumbungu District communities,signed
649,Rahinatu Wumbei,F,Disease Control Officer,Kumbungu District communities,Kumbungu District communities,signed
650,Salamatu Fuseini,F,Community Health Officer,Kumbungu District communities,Kumbungu District communities,signed
651,Rahinatu Abdulai,F,Community Health Officer,Kumbungu District communities,Kumbungu District communities,signed
652,Issah Napari,F,Community Health Officer,Kumbungu District communities,Kumbungu District communities,signed
653,Sulemana Issahaku,F,Community Health Officer,Kumbungu District communities,Kumbungu District communities,signed
654,Hawa Napari,F,Medical Assistant,Kumbungu District communities,Kumbungu District communities,signed
655,Ayishetu Wumbei,F,Community Health Officer,Kumbungu District communities,Kumbungu District communities,signed
656,Fati Wumbei,F,Disease Control Officer,Kumbungu District communities,Kumbungu District communities,signed
657,Sanatu Alhassan,F,Medical Assistant,Kumbungu District communities,Kumbungu District communities,signed
658,Zuweira Wumbei,F,Enrolled Nurse,Kumbungu District communities,Kumbungu District communities,signed
659,Mariam Abdulai,F,Disease Control Officer,Kumbungu District communities,Kumbungu District communities,signed
660,Alhassan Wumbei,F,Midwife,Kumbungu District communities,Kumbungu District communities,signed
661,Alhassan Tia,F,Disease Control Officer,Kumbungu District communities,Kumbungu District communities,signed
662,Fuseini Issahaku,F,Midwife,Kumbungu District communities,Kumbungu District communities,signed
663,Iddrisu Iddrisu,F,Disease Control Officer,Kumbungu District communities,Kumbungu District communities,signed
664,Mariam Fuseini,F,Disease Control Officer,Kumbungu District communities,Kumbungu District communities,signed
665,Fuseini Alhassan,F,Medical Assistant,Kumbungu District communities,Kumbungu District communities,signed
666,Mohammed Seidu,F,Medical Assistant,Kumbungu District communities,Kumbungu District communities,signed
667,Mohammed Seidu,F,Disease Control Officer,Kumbungu District communities,Kumbungu District communities,signed
668,Ayishetu Fuseini,F,Disease Control Officer,Kumbungu District communities,Kumbungu District communities,signed
669,Memunatu Napari,F,Medical Assistant,Kumbungu District communities,Kumbungu District communities,signed
670,Mariam Abdulai,F,Disease Control Officer,Kumbungu District communities,Kumbungu District communities,signed
671,Hawa Napari,F,Midwife,Kumbungu District communities,Kumbungu District communities,signed
672,Salamatu Alhassan,F,Midwife,Kumbungu District communities,Kumbungu District communities,signed
673,Salamatu Seidu,F,Disease Control Officer,Kumbungu District communities,Kumbungu District communities,signed
674,Alhassan Issahaku,F,Enrolled Nurse,Kumbungu District communities,Kumbungu District communities,signed
675,Fati Wumbei,F,Disease Control Officer,Kumbungu District communities,Kumbungu District communities,signed
676,Fuseini Iddrisu,F,Disease Control Officer,Kumbungu District communities,Kumbungu District communities,signed
677,Baba Napari,F,Disease Control Officer,Kumbungu District communities,Kumbungu District communities,signed
678,Hawa Mahama,F,Community Health Officer,Kumbungu District communities,Kumbungu District communities,signed
679,Salamatu Alhassan,F,Disease Control Officer,Kumbungu District communities,Kumbungu District communities,signed
680,Fati Alhassan,F,Disease Control Officer,Kumbungu District communities,Kumbungu District communities,signed
681,Salamatu Iddrisu,F,Midwife,Kumbungu District communities,Kumbungu District communities,signed
682,Yakubu Mahama,F,Enrolled Nurse,Kumbungu District communities,Kumbungu District communities,signed
683,Rahinatu Napari,F,Community Health Officer,Kumbungu District communities,Kumbungu District communities,signed
684,Fuseini Napari,F,Enrolled Nurse,Kumbungu District communities,Kumbungu District communities,signed
685,Rahinatu Yakubu,F,Midwife,Kumbungu District communities,Kumbungu District communities,signed
686,Fati Alhassan,F,Medical Assistant,Kumbungu District communities,Kumbungu District communities,signed
687,Abu Abdulai,F,Disease Control Officer,Kumbungu District communities,Kumbungu District communities,signed
688,Fuseini Alhassan,F,Enrolled Nurse,Kumbungu District communities,Kumbungu District communities,signed
689,Adiza Abdulai,F,Medical Assistant,Kumbungu District communities,Kumbungu District communities,signed
690,Yakubu Mahama,F,Midwife,Kumbungu District communities,Kumbungu District communities,signed
691,Alhassan Alhassan,F,Midwife,Kumbungu District communities,Kumbungu District communities,signed
692,Salamatu Tia,F,Medical Assistant,Kumbungu District communities,Kumbungu District communities,signed
693,Yakubu Issahaku,F,Midwife,Kumbungu District communities,Kumbungu District communities,signed
694,Sanatu Napari,F,Medical Assistant,Kumbungu District communities,Kumbungu District communities,signed
695,Fuseini Issahaku,F,Medical Assistant,Kumbungu District communities,Kumbungu District communities,signed
696,Sanatu Seidu,F,Community Health Officer,Kumbungu District communities,Kumbungu District communities,signed
697,Adiza Alhassan,F,Disease Control Officer,Kumbungu District communities,Kumbungu District communities,signed
698,Rahinatu Seidu,F,Midwife,Kumbungu District communities,Kumbungu District communities,signed
699,Yakubu Napari,F,Medical Assistant,Kumbungu District communities,Kumbungu District communities,signed
700,Sanatu Issahaku,F,Medical Assistant,Kumbungu District communities,Kumbungu District communities,signed
701,Zuweira Alhassan,F,Medical Assistant,Kumbungu District communities,Kumbungu District communities,signed
702,Mariam Iddrisu,F,Disease Control Officer,Kumbungu District communities,Kumbungu District communities,signed
703,Mohammed Alhassan,F,Enrolled Nurse,Kumbungu District communities,Kumbungu District communities,signed
704,Baba Wumbei,F,Community Health Officer,Kumbungu District communities,Kumbungu District communities,signed
705,Rahinatu Fuseini,F,Enrolled Nurse,Kumbungu District communities,Kumbungu District communities,signed
706,Rahinatu Wumbei,F,Medical Assistant,Kumbungu District communities,Kumbungu District communities,signed
707,Issah Tia,F,Medical Assistant,Kumbungu District communities,Kumbungu District communities,signed
708,Hawa Issahaku,F,Medical Assistant,Kumbungu District communities,Kumbungu District communities,signed
709,Abdul Tia,F,Midwife,Kumbungu District communities,Kumbungu District communities,signed
710,Alhassan Tia,F,Medical Assistant,Kumbungu District communities,Kumbungu District communities,signed
711,Baba Napari,F,Community Health Officer,Kumbungu District communities,Kumbungu District communities,signed
712,Yakubu Dauda,F,Medical Assistant,Kumbungu District communities,Kumbungu District communities,signed
713,Issah Wumbei,F,Medical Assistant,Kumbungu District communities,Kumbungu District communities,signed
714,Salamatu Wumbei,F,Midwife,Kumbungu District communities,Kumbungu District communities,signed
715,Alhassan Napari,F,Medical Assistant,Kumbungu District communities,Kumbungu District communities,signed
716,Abdul Wumbei,F,Medical Assistant,Kumbungu District communities,Kumbungu District communities,signed
717,Adiza Dauda,F,Enrolled Nurse,Kumbungu District communities,Kumbungu District communities,signed
718,Abu Abdulai,F,Enrolled Nurse,Kumbungu District communities,Kumbungu District communities,signed
719,Hawa Seidu,F,Midwife,Kumbungu District communities,Kumbungu District communities,signed
720,Hawa Seidu,F,Enrolled Nurse,Kumbungu District communities,Kumbungu District communities,signed
721,Abdul Fuseini,F,Disease Control Officer,Kumbungu District communities,Kumbungu District communities,signed
722,Iddrisu Issahaku,F,Enrolled Nurse,Kumbungu District communities,Kumbungu District communities,signed
723,Fuseini Wumbei,F,Midwife,Kumbungu District communities,Kumbungu District communities,signed
724,Rahinatu Mahama,F,Community Health Officer,Kumbungu District communities,Kumbungu District communities,signed
725,Fuseini Iddrisu,F,Community Health Officer,Kumbungu District communities,Kumbungu District communities,signed
726,Ayishetu Wumbei,F,Enrolled Nurse,Kumbungu District communities,Kumbungu District communities,signed
727,Sanatu Alhassan,F,Disease Control Officer,Kumbungu District communities,Kumbungu District communities,signed
728,Sulemana Seidu,F,Enrolled Nurse,Kumbungu District communities,Kumbungu District communities,signed
729,Abu Issahaku,F,Medical Assistant,Kumbungu District communities,Kumbungu District communities,signed
730,Mariam Yakubu,F,Community Health Officer,Kumbungu District communities,Kumbungu District communities,signed
731,Sanatu Dauda,F,Disease Control Officer,Kumbungu District communities,Kumbungu District communities,signed
732,Zuweira Iddrisu,F,Midwife,Kumbungu District communities,Kumbungu District communities,signed
733,Sanatu Tia,F,Community Health Officer,Kumbungu District communities,Kumbungu District communities,signed
734,Issah Tia,F,Community Health Officer,Kumbungu District communities,Kumbungu District communities,signed
735,Sulemana Iddrisu,F,Medical Assistant,Kumbungu District communities,Kumbungu District communities,signed
736,Memunatu Wumbei,F,Enrolled Nurse,Kumbungu District communities,Kumbungu District communities,signed
737,Salamatu Napari,F,Enrolled Nurse,Kumbungu District communities,Kumbungu District communities,signed
738,Ayishetu Napari,F,Community Health Officer,Kumbungu District communities,Kumbungu District communities,signed
739,Abu Dauda,F,Enrolled Nurse,Kumbungu District communities,Kumbungu District communities,signed
740,Memunatu Alhassan,F,Enrolled Nurse,Kumbungu District communities,Kumbungu District communities,signed
741,Baba Tia,F,Medical Assistant,Kumbungu District communities,Kumbungu District communities,signed
742,Sanatu Iddrisu,F,Enrolled Nurse,Kumbungu District communities,Kumbungu District communities,signed
743,Rahinatu Tia,F,Disease Control Officer,Kumbungu District communities,Kumbungu District communities,signed
744,Salamatu Issahaku,F,Midwife,Kumbungu District communities,Kumbungu District communities,signed
745,Alhassan Fuseini,F,Medical Assistant,Kumbungu District communities,Kumbungu District communities,signed
746,Zuweira Wumbei,F,Community Health Officer,Kumbungu District communities,Kumbungu District communities,signed
747,Abdul Seidu,F,Midwife,Kumbungu District communities,Kumbungu District communities,signed
748,Abdul Yakubu,F,Enrolled Nurse,Kumbungu District communities,Kumbungu District communities,signed
749,Sanatu Issahaku,F,Disease Control Officer,Kumbungu District communities,Kumbungu District communities,signed
750,Hawa Mahama,F,Medical Assistant,Kumbungu District communities,Kumbungu District communities,signed
751,Baba Issahaku,F,Community Health Officer,Kumbungu District communities,Kumbungu District communities,signed
752,Ayishetu Alhassan,F,Medical Assistant,Kumbungu District communities,Kumbungu District communities,signed
753,Iddrisu Abdulai,F,Disease Control Officer,Kumbungu District communities,Kumbungu District communities,signed
754,Iddrisu Tia,F,Midwife,Kumbungu District communities,Kumbungu District communities,signed
755,Zuweira Napari,F,Enrolled Nurse,Kumbungu District communities,Kumbungu District communities,signed
756,Alhassan Dauda,F,Medical Assistant,Kumbungu District communities,Kumbungu District communities,signed
757,Fati Seidu,F,Midwife,Kumbungu District communities,Kumbungu District communities,signed
758,Mariam Dauda,F,Community Health Officer,Kumbungu District communities,Kumbungu District communities,signed
759,Memunatu Yakubu,F,Community Health Officer,Kumbungu District communities,Kumbungu District communities,signed
760,Mohammed Issahaku,F,Community Health Officer,Kumbungu District communities,Kumbungu District communities,signed
761,Baba Napari,F,Enrolled Nurse,Kumbungu District communities,Kumbungu District communities,signed
762,Memunatu Tia,F,Disease Control Officer,Kumbungu District communities,Kumbungu District communities,signed
763,Mariam Seidu,F,Enrolled Nurse,Kumbungu District communities,Kumbungu District communities,signed
764,Hawa Alhassan,F,Medical Assistant,Kumbungu District communities,Kumbungu District communities,signed
765,Mohammed Mahama,F,Midwife,Kumbungu District communities,Kumbungu District communities,signed
766,Alhassan Wumbei,F,Community Health Officer,Kumbungu District communities,Kumbungu District communities,signed
767,Mohammed Wumbei,F,Enrolled Nurse,Kumbungu District communities,Kumbungu District communities,signed
768,Baba Iddrisu,F,Community Health Officer,Kumbungu District communities,Kumbungu District communities,signed
769,Hawa Napari,F,Disease Control Officer,Kumbungu District communities,Kumbungu District communities,signed
770,Baba Yakubu,F,Community Health Officer,Kumbungu District communities,Kumbungu District communities,signed
771,Abdul Yakubu,F,Enrolled Nurse,Kumbungu District communities,Kumbungu District communities,signed
772,Baba Alhassan,F,Enrolled Nurse,Kumbungu District communities,Kumbungu District communities,signed
773,Alhassan Yakubu,F,Midwife,Kumbungu District communities,Kumbungu District communities,signed
774,Salamatu Dauda,F,Community Health Officer,Kumbungu District communities,Kumbungu District communities,signed
775,Abu Issahaku,F,Enrolled Nurse,Kumbungu District communities,Kumbungu District communities,signed
776,Yakubu Yakubu,F,Disease Control Officer,Kumbungu District communities,Kumbungu District communities,signed
777,Sanatu Napari,F,Community Health Officer,Kumbungu District communities,Kumbungu District communities,signed
778,Salamatu Seidu,F,Disease Control Officer,Kumbungu District communities,Kumbungu District communities,signed
779,Abdul Seidu,F,Medical Assistant,Kumbungu District communities,Kumbungu District communities,signed
780,Baba Iddrisu,F,Enrolled Nurse,Kumbungu District communities,Kumbungu District communities,signed
781,Issah Yakubu,F,Disease Control Officer,Kumbungu District communities,Kumbungu District communities,signed
782,Rahinatu Yakubu,F,Disease Control Officer,Kumbungu District communities,Kumbungu District communities,signed
783,Zuweira Tia,F,Community Health Officer,Kumbungu District communities,Kumbungu District communities,signed
784,Ayishetu Issahaku,F,Enrolled Nurse,Kumbungu District communities,Kumbungu District communities,signed
785,Sanatu Dauda,F,Midwife,Kumbungu District communities,Kumbungu District communities,signed
786,Rahinatu Iddrisu,F,Disease Control Officer,Kumbungu District communities,Kumbungu District communities,signed
787,Baba Fuseini,F,Medical Assistant,Kumbungu District communities,Kumbungu District communities,signed
788,Mariam Dauda,F,Medical Assistant,Kumbungu District communities,Kumbungu District communities,signed
789,Rahinatu Yakubu,F,Medical Assistant,Kumbungu District communities,Kumbungu District communities,signed
790,Ayishetu Napari,F,Medical Assistant,Kumbungu District communities,Kumbungu District communities,signed
791,Abdul Issahaku,F,Medical Assistant,Kumbungu District communities,Kumbungu District communities,signed
792,Rahinatu Fuseini,F,Midwife,Kumbungu District communities,Kumbungu District communities,signed
793,Abdul Alhassan,F,Enrolled Nurse,Kumbungu District communities,Kumbungu District communities,signed
794,Fati Seidu,F,Disease Control Officer,Kumbungu District communities,Kumbungu District communities,signed
795,Rahinatu Abdulai,F,Medical Assistant,Kumbungu District communities,Kumbungu District communities,signed
796,Memunatu Wumbei,F,Disease Control Officer,Kumbungu District communities,Kumbungu District communities,signed
797,Sanatu Wumbei,F,Midwife,Kumbungu District communities,Kumbungu District communities,signed
798,Hawa Tia,F,Community Health Officer,Kumbungu District communities,Kumbungu District communities,signed
799,Abdul Iddrisu,F,Enrolled Nurse,Kumbungu District communities,Kumbungu District communities,signed
800,Iddrisu Abdulai,F,Medical Assistant,Kumbungu District communities,Kumbungu District communities,signed
801,Alhassan Wumbei,F,Enrolled Nurse,Kumbungu District communities,Kumbungu District communities,signed
802,Hawa Abdulai,F,Medical Assistant,Kumbungu District communities,Kumbungu District communities,signed
803,Mohammed Alhassan,F,Enrolled Nurse,Kumbungu District communities,Kumbungu District communities,signed
804,Fati Napari,F,Medical Assistant,Kumbungu District communities,Kumbungu District communities,signed
805,Sanatu Mahama,F,Community Health Officer,Kumbungu District communities,Kumbungu District communities,signed
806,Abdul Mahama,F,Enrolled Nurse,Kumbungu District communities,Kumbungu District communities,signed
807,Sanatu Tia,F,Community Health Officer,Kumbungu District communities,Kumbungu District communities,signed
808,Baba Fuseini,F,Enrolled Nurse,Kumbungu District communities,Kumbungu District communities,signed
809,Salamatu Alhassan,F,Disease Control Officer,Kumbungu District communities,Kumbungu District communities,signed
810,Mariam Seidu,F,Medical Assistant,Kumbungu District communities,Kumbungu District communities,signed
811,Issah Tia,F,Midwife,Kumbungu District communities,Kumbungu District communities,signed
812,Adiza Napari,F,Midwife,Kumbungu District communities,Kumbungu District communities,signed
813,Issah Dauda,F,Medical Assistant,Kumbungu District communities,Kumbungu District communities,signed
814,Ayishetu Alhassan,F,Medical Assistant,Kumbungu District communities,Kumbungu District communities,signed
815,Mariam Abdulai,F,Midwife,Kumbungu District communities,Kumbungu District communities,signed
816,Hawa Seidu,F,Midwife,Kumbungu District communities,Kumbungu District communities,signed
817,Sulemana Seidu,F,Community Health Officer,Kumbungu District communities,Kumbungu District communities,signed
818,Rahinatu Napari,F,Midwife,Kumbungu District communities,Kumbungu District communities,signed
819,Yakubu Abdulai,F,Midwife,Kumbungu District communities,Kumbungu District communities,signed
820,Salamatu Mahama,F,Midwife,Kumbungu District communities,Kumbungu District communities,signed
821,Fuseini Seidu,F,Disease Control Officer,Kumbungu District communities,Kumbungu District communities,signed
822,Abdul Abdulai,F,Midwife,Kumbungu District communities,Kumbungu District communities,signed
823,Adiza Yakubu,F,Medical Assistant,Kumbungu District communities,Kumbungu District communities,signed
824,Sulemana Dauda,F,Enrolled Nurse,Kumbungu District communities,Kumbungu District communities,signed
825,Sulemana Alhassan,F,Midwife,Kumbungu District communities,Kumbungu District communities,signed
826,Alhassan Iddrisu,F,Community Health Officer,Kumbungu District communities,Kumbungu District communities,signed
827,Alhassan Mahama,F,Enrolled Nurse,Kumbungu District communities,Kumbungu District communities,signed
828,Adiza Seidu,F,Enrolled Nurse,Kumbungu District communities,Kumbungu District communities,signed
829,Rahinatu Napari,F,Disease Control Officer,Kumbungu District communities,Kumbungu District communities,signed
830,Sanatu Dauda,F,Midwife,Kumbungu District communities,Kumbungu District communities,signed
831,Sulemana Abdulai,F,Enrolled Nurse,Kumbungu District communities,Kumbungu District communities,signed
832,Zuweira Issahaku,F,Midwife,Kumbungu District communities,Kumbungu District communities,signed
833,Baba Tia,F,Community Health Officer,Kumbungu District communities,Kumbungu District communities,signed
834,Iddrisu Abdulai,F,Midwife,Kumbungu District communities,Kumbungu District communities,signed
835,Adiza Wumbei,F,Community Health Officer,Kumbungu District communities,Kumbungu District communities,signed
836,Memunatu Mahama,F,Enrolled Nurse,Kumbungu District communities,Kumbungu District communities,signed
837,Issah Iddrisu,F,Medical Assistant,Kumbungu District communities,Kumbungu District communities,signed
838,Ayishetu Fuseini,F,Enrolled Nurse,Kumbungu District communities,Kumbungu District communities,signed
839,Hawa Fuseini,F,Enrolled Nurse,Kumbungu District communities,Kumbungu District communities,signed
840,Memunatu Fuseini,F,Midwife,Kumbungu District communities,Kumbungu District communities,signed
841,Abu Seidu,F,Disease Control Officer,Kumbungu District communities,Kumbungu District communities,signed
842,Ayishetu Alhassan,F,Medical Assistant,Kumbungu District communities,Kumbungu District communities,signed
843,Ayishetu Wumbei,F,Enrolled Nurse,Kumbungu District communities,Kumbungu District communities,signed
844,Baba Yakubu,F,Midwife,Kumbungu District communities,Kumbungu District communities,signed
845,Memunatu Tia,F,Community Health Officer,Kumbungu District communities,Kumbungu District communities,signed
846,Rahinatu Wumbei,F,Disease Control Officer,Kumbungu District communities,Kumbungu District communities,signed
847,Abdul Alhassan,F,Midwife,Kumbungu District communities,Kumbungu District communities,signed
848,Salamatu Seidu,F,Disease Control Officer,Kumbungu District communities,Kumbungu District communities,signed
849,Baba Tia,F,Medical Assistant,Kumbungu District communities,Kumbungu District communities,signed
850,Issah Issahaku,F,Enrolled Nurse,Kumbungu District communities,Kumbungu District communities,signed
851,Issah Wumbei,F,Disease Control Officer,Kumbungu District communities,Kumbungu District communities,signed
852,Rahinatu Iddrisu,F,Disease Control Officer,Kumbungu District communities,Kumbungu District communities,signed
853,Mariam Dauda,F,Disease Control Officer,Kumbungu District communities,Kumbungu District communities,signed
854,Mariam Yakubu,F,Enrolled Nurse,Kumbungu District communities,Kumbungu District communities,signed
855,Ayishetu Yakubu,F,Enrolled Nurse,Kumbungu District communities,Kumbungu District communities,signed
856,Issah Issahaku,F,Enrolled Nurse,Kumbungu District communities,Kumbungu District communities,signed
857,Adiza Wumbei,F,Midwife,Kumbungu District communities,Kumbungu District communities,signed
858,Yakubu Mahama,F,Community Health Officer,Kumbungu District communities,Kumbungu District communities,signed
859,Ayishetu Iddrisu,F,Community Health Officer,Kumbungu District communities,Kumbungu District communities,signed
860,Alhassan Dauda,F,Enrolled Nurse,Kumbungu District communities,Kumbungu District communities,signed
861,Ayishetu Dauda,F,Medical Assistant,Kumbungu District communities,Kumbungu District communities,signed
862,Rahinatu Abdulai,F,Community Health Officer,Kumbungu District communities,Kumbungu District communities,signed
863,Hawa Dauda,F,Midwife,Kumbungu District communities,Kumbungu District communities,signed
864,Issah Issahaku,F,Community Health Officer,Kumbungu District communities,Kumbungu District communities,signed
865,Alhassan Wumbei,F,Enrolled Nurse,Kumbungu District communities,Kumbungu District communities,signed
866,Adiza Fuseini,F,Community Health Officer,Kumbungu District communities,Kumbungu District communities,signed
867,Mohammed Alhassan,F,Community Health Officer,Kumbungu District communities,Kumbungu District communities,signed
868,Mariam Iddrisu,F,Enrolled Nurse,Kumbungu District communities,Kumbungu District communities,signed
869,Abdul Napari,F,Disease Control Officer,Kumbungu District communities,Kumbungu District communities,signed
870,Sulemana Issahaku,F,Midwife,Kumbungu District communities,Kumbungu District communities,signed
871,Memunatu Wumbei,F,Community Health Officer,Kumbungu District communities,Kumbungu District communities,signed
872,Sulemana Mahama,F,Disease Control Officer,Kumbungu District communities,Kumbungu District communities,signed
873,Rahinatu Fuseini,F,Disease Control Officer,Kumbungu District communities,Kumbungu District communities,signed
874,Mohammed Tia,F,Disease Control Officer,Kumbungu District communities,Kumbungu District communities,signed
875,Fuseini Issahaku,F,Disease Control Officer,Kumbungu District communities,Kumbungu District communities,signed
876,Yakubu Abdulai,F,Disease Control Officer,Kumbungu District communities,Kumbungu District communities,signed
877,Rahinatu Iddrisu,F,Medical Assistant,Kumbungu District communities,Kumbungu District communities,signed
878,Yakubu Napari,F,Medical Assistant,Kumbungu District communities,Kumbungu District communities,signed
879,Alhassan Wumbei,F,Medical Assistant,Kumbungu District communities,Kumbungu District communities,signed
880,Rahinatu Iddrisu,F,Community Health Officer,Kumbungu District communities,Kumbungu District communities,signed
881,Memunatu Issahaku,F,Disease Control Officer,Kumbungu District communities,Kumbungu District communities,signed
882,Memunatu Abdulai,F,Enrolled Nurse,Kumbungu District communities,Kumbungu District communities,signed
883,Zuweira Fuseini,F,Medical Assistant,Kumbungu District communities,Kumbungu District communities,signed
884,Hawa Mahama,F,Enrolled Nurse,Kumbungu District communities,Kumbungu District communities,signed
885,Rahinatu Yakubu,F,Midwife,Kumbungu District communities,Kumbungu District communities,signed
886,Memunatu Yakubu,F,Medical Assistant,Kumbungu District communities,Kumbungu District communities,signed
887,Baba Yakubu,F,Midwife,Kumbungu District communities,Kumbungu District communities,signed
888,Rahinatu Abdulai,F,Medical Assistant,Kumbungu District communities,Kumbungu District communities,signed
889,Memunatu Fuseini,F,Disease Control Officer,Kumbungu District communities,Kumbungu District communities,signed
890,Memunatu Fuseini,F,Midwife,Kumbungu District communities,Kumbungu District communities,signed
891,Ayishetu Dauda,F,Community Health Officer,Kumbungu District communities,Kumbungu District communities,signed
892,Memunatu Seidu,F,Disease Control Officer,Kumbungu District communities,Kumbungu District communities,signed
893,Baba Mahama,F,Community Health Officer,Kumbungu District communities,Kumbungu District communities,signed
894,Yakubu Tia,F,Disease Control Officer,Kumbungu District communities,Kumbungu District communities,signed
895,Fati Issahaku,F,Disease Control Officer,Kumbungu District communities,Kumbungu District communities,signed
896,Yakubu Tia,F,Midwife,Kumbungu District communities,Kumbungu District communities,signed
897,Sulemana Tia,F,Midwife,Kumbungu District communities,Kumbungu District communities,signed
898,Mariam Iddrisu,F,Midwife,Kumbungu District communities,Kumbungu District communities,signed
899,Adiza Abdulai,F,Enrolled Nurse,Kumbungu District communities,Kumbungu District communities,signed
900,Fati Wumbei,F,Community Health Officer,Kumbungu District communities,Kumbungu District communities,signed
901,Sulemana Mahama,F,Community Health Officer,Kumbungu District communities,Kumbungu District communities,signed
902,Mariam Wumbei,F,Community Health Officer,Kumbungu District communities,Kumbungu District communities,signed
903,Adiza Abdulai,F,Medical Assistant,Kumbungu District communities,Kumbungu District communities,signed
904,Mariam Issahaku,F,Enrolled Nurse,Kumbungu District communities,Kumbungu District communities,signed
905,Fati Wumbei,F,Medical Assistant,Kumbungu District communities,Kumbungu District communities,signed
906,Abu Iddrisu,F,Medical Assistant,Kumbungu District communities,Kumbungu District communities,signed
907,Salamatu Wumbei,F,Enrolled Nurse,Kumbungu District communities,Kumbungu District communities,signed
908,Adiza Seidu,F,Enrolled Nurse,Kumbungu District communities,Kumbungu District communities,signed
909,Memunatu Iddrisu,F,Medical Assistant,Kumbungu District communities,Kumbungu District communities,signed
910,Mohammed Seidu,F,Community Health Officer,Kumbungu District communities,Kumbungu District communities,signed
911,Iddrisu Tia,F,Medical Assistant,Kumbungu District communities,Kumbungu District communities,signed
912,Yakubu Napari,F,Community Health Officer,Kumbungu District communities,Kumbungu District communities,signed
913,Fati Dauda,F,Midwife,Kumbungu District communities,Kumbungu District communities,signed
914,Memunatu Tia,F,Community Health Officer,Kumbungu District communities,Kumbungu District communities,signed
915,Adiza Abdulai,F,Midwife,Kumbungu District communities,Kumbungu District communities,signed
916,Abdul Wumbei,F,Disease Control Officer,Kumbungu District communities,Kumbungu District communities,signed
917,Issah Issahaku,F,Medical Assistant,Kumbungu District communities,Kumbungu District communities,signed
918,Iddrisu Tia,F,Medical Assistant,Kumbungu District communities,Kumbungu District communities,signed
919,Ayishetu Dauda,F,Medical Assistant,Kumbungu District communities,Kumbungu District communities,signed
920,Yakubu Abdulai,F,Midwife,Kumbungu District communities,Kumbungu District communities,signed
921,Rahinatu Napari,F,Enrolled Nurse,Kumbungu District communities,Kumbungu District communities,signed
922,Baba Fuseini,F,Community Health Officer,Kumbungu District communities,Kumbungu District communities,signed
923,Fati Seidu,F,Community Health Officer,Kumbungu District communities,Kumbungu District communities,signed
924,Memunatu Issahaku,F,Medical Assistant,Kumbungu District communities,Kumbungu District communities,signed
925,Baba Issahaku,F,Enrolled Nurse,Kumbungu District communities,Kumbungu District communities,signed
926,Mohammed Issahaku,F,Community Health Officer,Kumbungu District communities,Kumbungu District communities,signed
927,Salamatu Iddrisu,F,Midwife,Kumbungu District communities,Kumbungu District communities,signed
928,Abu Abdulai,F,Midwife,Kumbungu District communities,Kumbungu District communities,signed
929,Salamatu Tia,F,Disease Control Officer,Kumbungu District communities,Kumbungu District communities,signed
930,Fati Alhassan,F,Enrolled Nurse,Kumbungu District communities,Kumbungu District communities,signed
931,Rahinatu Iddrisu,F,Disease Control Officer,Kumbungu District communities,Kumbungu District communities,signed
932,Fati Alhassan,F,Community Health Officer,Kumbungu District communities,Kumbungu District communities,signed
933,Salamatu Issahaku,F,Medical Assistant,Kumbungu District communities,Kumbungu District communities,signed
934,Memunatu Wumbei,F,Community Health Officer,Kumbungu District communities,Kumbungu District communities,signed
935,Rahinatu Tia,F,Midwife,Kumbungu District communities,Kumbungu District communities,signed
936,Abu Fuseini,F,Enrolled Nurse,Kumbungu District communities,Kumbungu District communities,signed
937,Issah Issahaku,F,Medical Assistant,Kumbungu District communities,Kumbungu District communities,signed
938,Yakubu Fuseini,F,Disease Control Officer,Kumbungu District communities,Kumbungu District communities,signed
939,Salamatu Abdulai,F,Midwife,Kumbungu District communities,Kumbungu District communities,signed
940,Fuseini Alhassan,F,Disease Control Officer,Kumbungu District communities,Kumbungu District communities,signed
941,Yakubu Dauda,F,Disease Control Officer,Kumbungu District communities,Kumbungu District communities,signed
942,Baba Tia,F,Medical Assistant,Kumbungu District communities,Kumbungu District communities,signed
943,Mariam Abdulai,F,Disease Control Officer,Kumbungu District communities,Kumbungu District communities,signed
944,Sulemana Dauda,F,Enrolled Nurse,Kumbungu District communities,Kumbungu District communities,signed
945,Baba Alhassan,F,Community Health Officer,Kumbungu District communities,Kumbungu District communities,signed
946,Sanatu Abdulai,F,Medical Assistant,Kumbungu District communities,Kumbungu District communities,signed
947,Hawa Wumbei,F,Enrolled Nurse,Kumbungu District communities,Kumbungu District communities,signed
948,Iddrisu Alhassan,F,Community Health Officer,Kumbungu District communities,Kumbungu District communities,signed
949,Abu Wumbei,F,Disease Control Officer,Kumbungu District communities,Kumbungu District communities,signed
950,Yakubu Napari,F,Enrolled Nurse,Kumbungu District communities,Kumbungu District communities,signed
951,Baba Fuseini,F,Midwife,Kumbungu District communities,Kumbungu District communities,signed
952,Baba Abdulai,F,Midwife,Kumbungu District communities,Kumbungu District communities,signed
953,Mariam Napari,F,Midwife,Kumbungu District communities,Kumbungu District communities,signed
954,Mohammed Seidu,F,Midwife,Kumbungu District communities,Kumbungu District communities,signed
955,Mariam Iddrisu,F,Medical Assistant,Kumbungu District communities,Kumbungu District communities,signed
956,Yakubu Mahama,F,Disease Control Officer,Kumbungu District communities,Kumbungu District communities,signed
957,Baba Iddrisu,F,Medical Assistant,Kumbungu District communities,Kumbungu District communities,signed
958,Baba Iddrisu,F,Medical Assistant,Kumbungu District communities,Kumbungu District communities,signed
959,Sanatu Alhassan,F,Community Health Officer,Kumbungu District communities,Kumbungu District communities,signed
960,Sanatu Mahama,F,Medical Assistant,Kumbungu District communities,Kumbungu District communities,signed
961,Fati Napari,F,Enrolled Nurse,Kumbungu District communities,Kumbungu District communities,signed
962,Fuseini Tia,F,Community Health Officer,Kumbungu District communities,Kumbungu District communities,signed
963,Mohammed Issahaku,F,Enrolled Nurse,Kumbungu District communities,Kumbungu District communities,signed
964,Zuweira Tia,F,Enrolled Nurse,Kumbungu District communities,Kumbungu District communities,signed
965,Ayishetu Issahaku,F,Medical Assistant,Kumbungu District communities,Kumbungu District communities,signed
966,Fati Alhassan,F,Medical Assistant,Kumbungu District communities,Kumbungu District communities,signed
967,Sanatu Mahama,F,Medical Assistant,Kumbungu District communities,Kumbungu District communities,signed
968,Sanatu Napari,F,Enrolled Nurse,Kumbungu District communities,Kumbungu District communities,signed
969,Rahinatu Fuseini,F,Enrolled Nurse,Kumbungu District communities,Kumbungu District communities,signed
970,Rahinatu Alhassan,F,Disease Control Officer,Kumbungu District communities,Kumbungu District communities,signed
971,Fati Mahama,F,Midwife,Kumbungu District communities,Kumbungu District communities,signed
972,Zuweira Issahaku,F,Disease Control Officer,Kumbungu District communities,Kumbungu District communities,signed
973,Abdul Mahama,F,Enrolled Nurse,Kumbungu District communities,Kumbungu District communities,signed
974,Adiza Alhassan,F,Enrolled Nurse,Kumbungu District communities,Kumbungu District communities,signed
975,Alhassan Dauda,F,Enrolled Nurse,Kumbungu District communities,Kumbungu District communities,signed
976,Fuseini Iddrisu,F,Disease Control Officer,Kumbungu District communities,Kumbungu District communities,signed
977,Salamatu Seidu,F,Enrolled Nurse,Kumbungu District communities,Kumbungu District communities,signed
978,Iddrisu Seidu,F,Enrolled Nurse,Kumbungu District communities,Kumbungu District communities,signed
979,Fuseini Issahaku,F,Community Health Officer,Kumbungu District communities,Kumbungu District communities,signed
980,Sanatu Napari,F,Enrolled Nurse,Kumbungu District communities,Kumbungu District communities,signed
981,Sanatu Alhassan,F,Enrolled Nurse,Kumbungu District communities,Kumbungu District communities,signed
982,Fati Abdulai,F,Medical Assistant,Kumbungu District communities,Kumbungu District communities,signed
983,Iddrisu Wumbei,F,Disease Control Officer,Kumbungu District communities,Kumbungu District communities,signed
984,Rahinatu Iddrisu,F,Enrolled Nurse,Kumbungu District communities,Kumbungu District communities,signed
985,Fuseini Iddrisu,F,Enrolled Nurse,Kumbungu District communities,Kumbungu District communities,signed
986,Iddrisu Iddrisu,F,Enrolled Nurse,Kumbungu District communities,Kumbungu District communities,signed
987,Rahinatu Alhassan,F,Medical Assistant,Kumbungu District communities,Kumbungu District communities,signed
988,Yakubu Seidu,F,Community Health Officer,Kumbungu District communities,Kumbungu District communities,signed
989,Zuweira Iddrisu,F,Community Health Officer,Kumbungu District communities,Kumbungu District communities,signed
990,Yakubu Iddrisu,F,Midwife,Kumbungu District communities,Kumbungu District communities,signed
991,Mariam Seidu,F,Enrolled Nurse,Kumbungu District communities,Kumbungu District communities,signed
992,Sanatu Mahama,F,Enrolled Nurse,Kumbungu District communities,Kumbungu District communities,signed
993,Zuweira Mahama,F,Enrolled Nurse,Kumbungu District communities,Kumbungu District communities,signed
994,Issah Issahaku,F,Medical Assistant,Kumbungu District communities,Kumbungu District communities,signed
995,Memunatu Fuseini,F,Enrolled Nurse,Kumbungu District communities,Kumbungu District communities,signed
996,Baba Alhassan,F,Enrolled Nurse,Kumbungu District communities,Kumbungu District communities,signed
997,Sulemana Seidu,F,Midwife,Kumbungu District communities,Kumbungu District communities,signed
998,Mohammed Wumbei,F,Disease Control Officer,Kumbungu District communities,Kumbungu District communities,signed
999,Sulemana Seidu,F,Enrolled Nurse,Kumbungu District communities,Kumbungu District communities,signed
1000,Mariam Alhassan,F,Midwife,Kumbungu District communities,Kumbungu District communities,signed
1001,Sulemana Dauda,F,Community Health Officer,Kumbungu District communities,Kumbungu District communities,signed
1002,Yakubu Iddrisu,F,Community Health Officer,Kumbungu District communities,Kumbungu District communities,signed
1003,Sulemana Yakubu,F,Community Health Officer,Kumbungu District communities,Kumbungu District communities,signed
1004,Issah Tia,F,Community Health Officer,Kumbungu District communities,Kumbungu District communities,signed
1005,Fati Tia,F,Community Health Officer,Kumbungu District communities,Kumbungu District communities,signed
1006,Abdul Fuseini,F,Midwife,Kumbungu District communities,Kumbungu District communities,signed
1007,Fuseini Dauda,F,Enrolled Nurse,Kumbungu District communities,Kumbungu District communities,signed
1008,Yakubu Abdulai,F,Midwife,Kumbungu District communities,Kumbungu District communities,signed
1009,Zuweira Wumbei,F,Midwife,Kumbungu District communities,Kumbungu District communities,signed
1010,Abdul Issahaku,F,Enrolled Nurse,Kumbungu District communities,Kumbungu District communities,signed
1011,Sulemana Dauda,F,Midwife,Kumbungu District communities,Kumbungu District communities,signed
1012,Alhassan Dauda,F,Enrolled Nurse,Kumbungu District communities,Kumbungu District communities,signed
1013,Yakubu Alhassan,F,Enrolled Nurse,Kumbungu District communities,Kumbungu District communities,signed
1014,Baba Mahama,F,Midwife,Kumbungu District communities,Kumbungu District communities,signed
1015,Mariam Abdulai,F,Enrolled Nurse,Kumbungu District communities,Kumbungu District communities,signed
1016,Yakubu Fuseini,F,Enrolled Nurse,Kumbungu District communities,Kumbungu District communities,signed
1017,Sanatu Iddrisu,F,Enrolled Nurse,Kumbungu District communities,Kumbungu District communities,signed
1018,Baba Iddrisu,F,Medical Assistant,Kumbungu District communities,Kumbungu District communities,signed
1019,Mohammed Yakubu,F,Disease Control Officer,Kumbungu District communities,Kumbungu District communities,signed
1020,Yakubu Mahama,F,Medical Assistant,Kumbungu District communities,Kumbungu District communities,signed
1021,Fuseini Mahama,F,Midwife,Kumbungu District communities,Kumbungu District communities,signed
1022,Sanatu Iddrisu,F,Disease Control Officer,Kumbungu District communities,Kumbungu District communities,signed
1023,Baba Fuseini,F,Midwife,Kumbungu District communities,Kumbungu District communities,signed
1024,Hawa Mahama,F,Community Health Officer,Kumbungu District communities,Kumbungu District communities,signed
1025,Fati Wumbei,F,Midwife,Kumbungu District communities,Kumbungu District communities,signed
1026,Fuseini Iddrisu,F,Disease Control Officer,Kumbungu District communities,Kumbungu District communities,signed
1027,Sanatu Alhassan,F,Enrolled Nurse,Kumbungu District communities,Kumbungu District communities,signed
1028,Adiza Iddrisu,F,Enrolled Nurse,Kumbungu District communities,Kumbungu District communities,signed
1029,Adiza Iddrisu,F,Medical Assistant,Kumbungu District communities,Kumbungu District communities,signed
1030,Mohammed Dauda,F,Midwife,Kumbungu District communities,Kumbungu District communities,signed
1031,Fati Abdulai,F,Medical Assistant,Kumbungu District communities,Kumbungu District communities,signed
1032,Abdul Alhassan,F,Community Health Officer,Kumbungu District communities,Kumbungu District communities,signed
1033,Ayishetu Wumbei,F,Enrolled Nurse,Kumbungu District communities,Kumbungu District communities,signed
1034,Abdul Iddrisu,F,Disease Control Officer,Kumbungu District communities,Kumbungu District communities,signed
1035,Rahinatu Fuseini,F,Midwife,Kumbungu District communities,Kumbungu District communities,signed
1036,Hawa Alhassan,F,Midwife,Kumbungu District communities,Kumbungu District communities,signed
1037,Rahinatu Iddrisu,F,Enrolled Nurse,Kumbungu District communities,Kumbungu District communities,signed
1038,Mohammed Napari,F,Medical Assistant,Kumbungu District communities,Kumbungu District communities,signed
1039,Sanatu Tia,F,Disease Control Officer,Kumbungu District communities,Kumbungu District communities,signed
1040,Baba Seidu,F,Community Health Officer,Kumbungu District communities,Kumbungu District communities,signed
1041,Mohammed Tia,F,Enrolled Nurse,Kumbungu District communities,Kumbungu District communities,signed
1042,Mariam Alhassan,F,Community Health Officer,Kumbungu District communities,Kumbungu District communities,signed
1043,Ayishetu Dauda,F,Medical Assistant,Kumbungu District communities,Kumbungu District communities,signed
1044,Hawa Seidu,F,Medical Assistant,Kumbungu District communities,Kumbungu District communities,signed
1045,Ayishetu Mahama,F,Community Health Officer,Kumbungu District communities,Kumbungu District communities,signed
1046,Hawa Issahaku,F,Disease Control Officer,Kumbungu District communities,Kumbungu District communities,signed
1047,Yakubu Mahama,F,Community Health Officer,Kumbungu District communities,Kumbungu District communities,signed
1048,Hawa Iddrisu,F,Midwife,Kumbungu District communities,Kumbungu District communities,signed
1049,Issah Fuseini,F,Medical Assistant,Kumbungu District communities,Kumbungu District communities,signed
1050,Baba Iddrisu,F,Medical Assistant,Kumbungu District communities,Kumbungu District communities,signed
1051,Ayishetu Mahama,F,Midwife,Kumbungu District communities,Kumbungu District communities,signed
1052,Yakubu Napari,F,Disease Control Officer,Kumbungu District communities,Kumbungu District communities,signed
1053,Salamatu Wumbei,F,Disease Control Officer,Kumbungu District communities,Kumbungu District communities,signed
1054,Rahinatu Yakubu,F,Disease Control Officer,Kumbungu District communities,Kumbungu District communities,signed
1055,Fati Issahaku,F,Disease Control Officer,Kumbungu District communities,Kumbungu District communities,signed
1056,Mohammed Dauda,F,Disease Control Officer,Kumbungu District communities,Kumbungu District communities,signed
1057,Sulemana Seidu,F,Medical Assistant,Kumbungu District communities,Kumbungu District communities,signed
1058,Fuseini Alhassan,F,Enrolled Nurse,Kumbungu District communities,Kumbungu District communities,signed
1059,Hawa Tia,F,Disease Control Officer,Kumbungu District communities,Kumbungu District communities,signed
1060,Fati Abdulai,F,Medical Assistant,Kumbungu District communities,Kumbungu District communities,signed
1061,Ayishetu Dauda,F,Community Health Officer,Kumbungu District communities,Kumbungu District communities,signed
1062,Rahinatu Issahaku,F,Disease Control Officer,Kumbungu District communities,Kumbungu District communities,signed
1063,Mariam Issahaku,F,Medical Assistant,Kumbungu District communities,Kumbungu District communities,signed
1064,Salamatu Iddrisu,F,Community Health Officer,Kumbungu District communities,Kumbungu District communities,signed
1065,Sulemana Fuseini,F,Medical Assistant,Kumbungu District communities,Kumbungu District communities,signed
1066,Salamatu Mahama,F,Midwife,Kumbungu District communities,Kumbungu District communities,signed
1067,Mohammed Abdulai,F,Midwife,Kumbungu District communities,Kumbungu District communities,signed
1068,Mohammed Mahama,F,Disease Control Officer,Kumbungu District communities,Kumbungu District communities,signed
1069,Hawa Alhassan,F,Community Health Officer,Kumbungu District communities,Kumbungu District communities,signed
1070,Yakubu Iddrisu,F,Community Health Officer,Kumbungu District communities,Kumbungu District communities,signed
1071,Rahinatu Dauda,F,Midwife,Kumbungu District communities,Kumbungu District communities,signed
1072,Yakubu Alhassan,F,Medical Assistant,Kumbungu District communities,Kumbungu District communities,signed
1073,Memunatu Seidu,F,Disease Control Officer,Kumbungu District communities,Kumbungu District communities,signed
1074,Hawa Dauda,F,Midwife,Kumbungu District communities,Kumbungu District communities,signed
1075,Alhassan Mahama,F,Community Health Officer,Kumbungu District communities,Kumbungu District communities,signed
1076,Iddrisu Issahaku,F,Enrolled Nurse,Kumbungu District communities,Kumbungu District communities,signed
1077,Adiza Yakubu,F,Community Health Officer,Kumbungu District communities,Kumbungu District communities,signed
1078,Yakubu Iddrisu,F,Community Health Officer,Kumbungu District communities,Kumbungu District communities,signed
1079,Fuseini Fuseini,F,Community Health Officer,Kumbungu District communities,Kumbungu District communities,signed
1080,Rahinatu Tia,F,Midwife,Kumbungu District communities,Kumbungu District communities,signed
1081,Sanatu Tia,F,Disease Control Officer,Kumbungu District communities,Kumbungu District communities,signed
1082,Adiza Napari,F,Midwife,Kumbungu District communities,Kumbungu District communities,signed
1083,Sulemana Wumbei,F,Community Health Officer,Kumbungu District communities,Kumbungu District communities,signed
1084,Mohammed Seidu,F,Community Health Officer,Kumbungu District communities,Kumbungu District communities,signed
1085,Ayishetu Yakubu,F,Medical Assistant,Kumbungu District communities,Kumbungu District communities,signed
1086,Fuseini Seidu,F,Community Health Officer,Kumbungu District communities,Kumbungu District communities,signed
1087,Alhassan Tia,F,Disease Control Officer,Kumbungu District communities,Kumbungu District communities,signed
1088,Mariam Dauda,F,Enrolled Nurse,Kumbungu District communities,Kumbungu District communities,signed
1089,Baba Tia,F,Disease Control Officer,Kumbungu District communities,Kumbungu District communities,signed
1090,Adiza Dauda,F,Enrolled Nurse,Kumbungu District communities,Kumbungu District communities,signed
1091,Adiza Abdulai,F,Enrolled Nurse,Kumbungu District communities,Kumbungu District communities,signed
1092,Zuweira Alhassan,F,Enrolled Nurse,Kumbungu District communities,Kumbungu District communities,signed
1093,Issah Yakubu,F,Community Health Officer,Kumbungu District communities,Kumbungu District communities,signed
1094,Zuweira Abdulai,F,Medical Assistant,Kumbungu District communities,Kumbungu District communities,signed
1095,Memunatu Yakubu,F,Enrolled Nurse,Kumbungu District communities,Kumbungu District communities,signed
1096,Abu Tia,F,Midwife,Kumbungu District communities,Kumbungu District communities,signed
1097,Sanatu Mahama,F,Disease Control Officer,Kumbungu District communities,Kumbungu District communities,signed
1098,Issah Iddrisu,F,Midwife,Kumbungu District communities,Kumbungu District communities,signed
1099,Baba Seidu,F,Community Health Officer,Kumbungu District communities,Kumbungu District communities,signed
1100,Issah Alhassan,F,Enrolled Nurse,Kumbungu District communities,Kumbungu District communities,signed
1101,Issah Seidu,F,Disease Control Officer,Kumbungu District communities,Kumbungu District communities,signed
1102,Fati Yakubu,F,Enrolled Nurse,Kumbungu District communities,Kumbungu District communities,signed
1103,Mohammed Mahama,F,Midwife,Kumbungu District communities,Kumbungu District communities,signed
1104,Adiza Dauda,F,Community Health Officer,Kumbungu District communities,Kumbungu District communities,signed
1105,Abdul Wumbei,F,Medical Assistant,Kumbungu District communities,Kumbungu District communities,signed
1106,Rahinatu Issahaku,F,Midwife,Kumbungu District communities,Kumbungu District communities,signed
1107,Yakubu Wumbei,F,Disease Control Officer,Kumbungu District communities,Kumbungu District communities,signed
1108,Salamatu Alhassan,F,Midwife,Kumbungu District communities,Kumbungu District communities,signed
1109,Iddrisu Seidu,F,Community Health Officer,Kumbungu District communities,Kumbungu District communities,signed
1110,Zuweira Tia,F,Midwife,Kumbungu District communities,Kumbungu District communities,signed
1111,Rahinatu Alhassan,F,Midwife,Kumbungu District communities,Kumbungu District communities,signed
1112,Baba Iddrisu,F,Midwife,Kumbungu District communities,Kumbungu District communities,signed
1113,Abdul Fuseini,F,Medical Assistant,Kumbungu District communities,Kumbungu District communities,signed
1114,Zuweira Dauda,F,Disease Control Officer,Kumbungu District communities,Kumbungu District communities,signed
1115,Iddrisu Mahama,F,Community Health Officer,Kumbungu District communities,Kumbungu District communities,signed
1116,Alhassan Wumbei,F,Disease Control Officer,Kumbungu District communities,Kumbungu District communities,signed
1117,Memunatu Yakubu,F,Community Health Officer,Kumbungu District communities,Kumbungu District communities,signed
1118,Adiza Yakubu,F,Community Health Officer,Kumbungu District communities,Kumbungu District communities,signed
1119,Abdul Dauda,F,Medical Assistant,Kumbungu District communities,Kumbungu District communities,signed
1120,Issah Seidu,F,Disease Control Officer,Kumbungu District communities,Kumbungu District communities,signed
1121,Yakubu Seidu,F,Disease Control Officer,Kumbungu District communities,Kumbungu District communities,signed
1122,Fati Mahama,F,Enrolled Nurse,Kumbungu District communities,Kumbungu District communities,signed
1123,Sanatu Yakubu,F,Disease Control Officer,Kumbungu District communities,Kumbungu District communities,signed
1124,Abdul Issahaku,F,Disease Control Officer,Kumbungu District communities,Kumbungu District communities,signed
1125,Abdul Dauda,F,Midwife,Kumbungu District communities,Kumbungu District communities,signed
1126,Abdul Issahaku,F,Enrolled Nurse,Kumbungu District communities,Kumbungu District communities,signed
1127,Salamatu Yakubu,F,Disease Control Officer,Kumbungu District communities,Kumbungu District communities,signed
1128,Fuseini Seidu,F,Medical Assistant,Kumbungu District communities,Kumbungu District communities,signed
1129,Sanatu Mahama,F,Enrolled Nurse,Kumbungu District communities,Kumbungu District communities,signed
1130,Rahinatu Yakubu,F,Midwife,Kumbungu District communities,Kumbungu District communities,signed
1131,Yakubu Tia,F,Medical Assistant,Kumbungu District communities,Kumbungu District communities,signed
1132,Abu Yakubu,F,Midwife,Kumbungu District communities,Kumbungu District communities,signed
1133,Yakubu Issahaku,F,Medical Assistant,Kumbungu District communities,Kumbungu District communities,signed
1134,Fuseini Abdulai,F,Medical Assistant,Kumbungu District communities,Kumbungu District communities,signed
1135,Mariam Fuseini,F,Enrolled Nurse,Kumbungu District communities,Kumbungu District communities,signed
1136,Salamatu Issahaku,F,Community Health Officer,Kumbungu District communities,Kumbungu District communities,signed
1137,Fuseini Fuseini,F,Disease Control Officer,Kumbungu District communities,Kumbungu District communities,signed
1138,Alhassan Dauda,F,Community Health Officer,Kumbungu District communities,Kumbungu District communities,signed
1139,Mohammed Wumbei,F,Medical Assistant,Kumbungu District communities,Kumbungu District communities,signed
1140,Sanatu Yakubu,F,Medical Assistant,Kumbungu District communities,Kumbungu District communities,signed
1141,Salamatu Mahama,F,Midwife,Kumbungu District communities,Kumbungu District communities,signed
1142,Issah Tia,F,Medical Assistant,Kumbungu District communities,Kumbungu District communities,signed
1143,Salamatu Dauda,F,Medical Assistant,Kumbungu District communities,Kumbungu District communities,signed
1144,Abdul Napari,F,Enrolled Nurse,Kumbungu District communities,Kumbungu District communities,signed
1145,Yakubu Abdulai,F,Enrolled Nurse,Kumbungu District communities,Kumbungu District communities,signed
1146,Mohammed Fuseini,F,Medical Assistant,Kumbungu District communities,Kumbungu District communities,signed
1147,Rahinatu Fuseini,F,Community Health Officer,Kumbungu District communities,Kumbungu District communities,signed
1148,Abdul Mahama,F,Disease Control Officer,Kumbungu District communities,Kumbungu District communities,signed
1149,Baba Alhassan,F,Midwife,Kumbungu District communities,Kumbungu District communities,signed
1150,Iddrisu Fuseini,F,Disease Control Officer,Kumbungu District communities,Kumbungu District communities,signed
1151,Iddrisu Napari,F,Medical Assistant,Kumbungu District communities,Kumbungu District communities,signed
1152,Mohammed Abdulai,F,Disease Control Officer,Kumbungu District communities,Kumbungu District communities,signed
1153,Hawa Issahaku,F,Community Health Officer,Kumbungu District communities,Kumbungu District communities,signed
1154,Abu Tia,F,Community Health Officer,Kumbungu District communities,Kumbungu District communities,signed
1155,Memunatu Seidu,F,Midwife,Kumbungu District communities,Kumbungu District communities,signed
1156,Sanatu Issahaku,F,Midwife,Kumbungu District communities,Kumbungu District communities,signed
1157,Iddrisu Mahama,F,Enrolled Nurse,Kumbungu District communities,Kumbungu District communities,signed
1158,Baba Tia,F,Disease Control Officer,Kumbungu District communities,Kumbungu District communities,signed
1159,Hawa Tia,F,Enrolled Nurse,Kumbungu District communities,Kumbungu District communities,signed
1160,Memunatu Seidu,F,Disease Control Officer,Kumbungu District communities,Kumbungu District communities,signed
1161,Memunatu Seidu,F,Community Health Officer,Kumbungu District communities,Kumbungu District communities,signed
1162,Fuseini Abdulai,F,Midwife,Kumbungu District communities,Kumbungu District communities,signed
1163,Fuseini Wumbei,F,Medical Assistant,Kumbungu District communities,Kumbungu District communities,signed
1164,Alhassan Yakubu,F,Medical Assistant,Kumbungu District communities,Kumbungu District communities,signed
1165,Abdul Issahaku,F,Community Health Officer,Kumbungu District communities,Kumbungu District communities,signed
1166,Hawa Yakubu,F,Disease Control Officer,Kumbungu District communities,Kumbungu District communities,signed
1167,Hawa Dauda,F,Disease Control Officer,Kumbungu District communities,Kumbungu District communities,signed
1168,Abu Dauda,F,Medical Assistant,Kumbungu District communities,Kumbungu District communities,signed
1169,Rahinatu Issahaku,F,Medical Assistant,Kumbungu District communities,Kumbungu District communities,signed
1170,Abu Wumbei,F,Community Health Officer,Kumbungu District communities,Kumbungu District communities,signed
1171,Memunatu Issahaku,F,Disease Control Officer,Kumbungu District communities,Kumbungu District communities,signed
1172,Alhassan Fuseini,F,Midwife,Kumbungu District communities,Kumbungu District communities,signed
1173,Abdul Dauda,F,Medical Assistant,Kumbungu District communities,Kumbungu District communities,signed
1174,Baba Alhassan,F,Disease Control Officer,Kumbungu District communities,Kumbungu District communities,signed
1175,Memunatu Mahama,F,Midwife,Kumbungu District communities,Kumbungu District communities,signed
1176,Adiza Fuseini,F,Medical Assistant,Kumbungu District communities,Kumbungu District communities,signed
1177,Abdul Napari,F,Community Health Officer,Kumbungu District communities,Kumbungu District communities,signed
1178,Fuseini Alhassan,F,Midwife,Kumbungu District communities,Kumbungu District communities,signed
1179,Ayishetu Issahaku,F,Midwife,Kumbungu District communities,Kumbungu District communities,signed
1180,Ayishetu Napari,F,Enrolled Nurse,Kumbungu District communities,Kumbungu District communities,signed
1181,Mohammed Napari,F,Disease Control Officer,Kumbungu District communities,Kumbungu District communities,signed
1182,Mohammed Fuseini,F,Enrolled Nurse,Kumbungu District communities,Kumbungu District communities,signed
1183,Sanatu Wumbei,F,Disease Control Officer,Kumbungu District communities,Kumbungu District communities,signed
1184,Memunatu Dauda,F,Disease Control Officer,Kumbungu District communities,Kumbungu District communities,signed
1185,Memunatu Issahaku,F,Enrolled Nurse,Kumbungu District communities,Kumbungu District communities,signed
1186,Sulemana Mahama,F,Medical Assistant,Kumbungu District communities,Kumbungu District communities,signed
1187,Hawa Fuseini,F,Midwife,Kumbungu District communities,Kumbungu District communities,signed
1188,Issah Napari,F,Midwife,Kumbungu District communities,Kumbungu District communities,signed
1189,Hawa Iddrisu,F,Midwife,Kumbungu District communities,Kumbungu District communities,signed
1190,Iddrisu Issahaku,F,Disease Control Officer,Kumbungu District communities,Kumbungu District communities,signed
1191,Salamatu Napari,F,Community Health Officer,Kumbungu District communities,Kumbungu District communities,signed
1192,Rahinatu Issahaku,F,Medical Assistant,Kumbungu District communities,Kumbungu District communities,signed
1193,Adiza Napari,F,Midwife,Kumbungu District communities,Kumbungu District communities,signed
1194,Rahinatu Wumbei,F,Enrolled Nurse,Kumbungu District communities,Kumbungu District communities,signed
1195,Mohammed Mahama,F,Disease Control Officer,Kumbungu District communities,Kumbungu District communities,signed
1196,Ayishetu Alhassan,F,Community Health Officer,Kumbungu District communities,Kumbungu District communities,signed
1197,Mariam Alhassan,F,Disease Control Officer,Kumbungu District communities,Kumbungu District communities,signed
1198,Zuweira Yakubu,F,Medical Assistant,Kumbungu District communities,Kumbungu District communities,signed
1199,Issah Seidu,F,Midwife,Kumbungu District communities,Kumbungu District communities,signed
1200,Memunatu Seidu,F,Enrolled Nurse,Kumbungu District communities,Kumbungu District communities,signed
1201,Ayishetu Dauda,F,Midwife,Kumbungu District communities,Kumbungu District communities,signed
1202,Issah Yakubu,F,Disease Control Officer,Kumbungu District communities,Kumbungu District communities,signed
1203,Fuseini Napari,F,Community Health Officer,Kumbungu District communities,Kumbungu District communities,signed
1204,Adiza Mahama,F,Medical Assistant,Kumbungu District communities,Kumbungu District communities,signed
1205,Zuweira Tia,F,Medical Assistant,Kumbungu District communities,Kumbungu District communities,signed
1206,Abdul Dauda,F,Medical Assistant,Kumbungu District communities,Kumbungu District communities,signed
1207,Sulemana Fuseini,F,Enrolled Nurse,Kumbungu District communities,Kumbungu District communities,signed
1208,Fuseini Mahama,F,Medical Assistant,Kumbungu District communities,Kumbungu District communities,signed
1209,Iddrisu Fuseini,F,Medical Assistant,Kumbungu District communities,Kumbungu District communities,signed
1210,Rahinatu Abdulai,F,Midwife,Kumbungu District communities,Kumbungu District communities,signed
1211,Rahinatu Napari,F,Disease Control Officer,Kumbungu District communities,Kumbungu District communities,signed
1212,Adiza Dauda,F,Midwife,Kumbungu District communities,Kumbungu District communities,signed
1213,Baba Yakubu,F,Disease Control Officer,Kumbungu District communities,Kumbungu District communities,signed
1214,Sanatu Mahama,F,Disease Control Officer,Kumbungu District communities,Kumbungu District communities,signed
1215,Salamatu Issahaku,F,Medical Assistant,Kumbungu District communities,Kumbungu District communities,signed
1216,Rahinatu Abdulai,F,Disease Control Officer,Kumbungu District communities,Kumbungu District communities,signed
1217,Issah Alhassan,F,Medical Assistant,Kumbungu District communities,Kumbungu District communities,signed
1218,Adiza Dauda,F,Disease Control Officer,Kumbungu District communities,Kumbungu District communities,signed
1219,Sanatu Fuseini,F,Midwife,Kumbungu District communities,Kumbungu District communities,signed
1220,Abdul Seidu,F,Midwife,Kumbungu District communities,Kumbungu District communities,signed
1221,Ayishetu Dauda,F,Enrolled Nurse,Kumbungu District communities,Kumbungu District communities,signed
1222,Yakubu Abdulai,F,Enrolled Nurse,Kumbungu District communities,Kumbungu District communities,signed
1223,Baba Wumbei,F,Midwife,Kumbungu District communities,Kumbungu District communities,signed
1224,Memunatu Alhassan,F,Disease Control Officer,Kumbungu District communities,Kumbungu District communities,signed
1225,Iddrisu Iddrisu,F,Enrolled Nurse,Kumbungu District communities,Kumbungu District communities,signed
1226,Abu Tia,F,Disease Control Officer,Kumbungu District communities,Kumbungu District communities,signed
1227,Adiza Alhassan,F,Midwife,Kumbungu District communities,Kumbungu District communities,signed
1228,Rahinatu Wumbei,F,Enrolled Nurse,Kumbungu District communities,Kumbungu District communities,signed
1229,Iddrisu Napari,F,Community Health Officer,Kumbungu District communities,Kumbungu District communities,signed
1230,Abdul Yakubu,F,Enrolled Nurse,Kumbungu District communities,Kumbungu District communities,signed
1231,Sulemana Mahama,F,Disease Control Officer,Kumbungu District communities,Kumbungu District communities,signed
1232,Fuseini Tia,F,Medical Assistant,Kumbungu District communities,Kumbungu District communities,signed
1233,Sanatu Tia,F,Disease Control Officer,Kumbungu District communities,Kumbungu District communities,signed
1234,Salamatu Dauda,F,Midwife,Kumbungu District communities,Kumbungu District communities,signed
1235,Mariam Napari,F,Community Health Officer,Kumbungu District communities,Kumbungu District communities,signed
1236,Mohammed Seidu,F,Medical Assistant,Kumbungu District communities,Kumbungu District communities,signed
1237,Ayishetu Fuseini,F,Community Health Officer,Kumbungu District communities,Kumbungu District communities,signed
1238,Adiza Issahaku,F,Community Health Officer,Kumbungu District communities,Kumbungu District communities,signed
1239,Sanatu Alhassan,F,Midwife,Kumbungu District communities,Kumbungu District communities,signed
1240,Alhassan Napari,F,Community Health Officer,Kumbungu District communities,Kumbungu District communities,signed
1241,Fuseini Dauda,F,Community Health Officer,Kumbungu District communities,Kumbungu District communities,signed
1242,Mohammed Iddrisu,F,Enrolled Nurse,Kumbungu District communities,Kumbungu District communities,signed
1243,Alhassan Abdulai,F,Enrolled Nurse,Kumbungu District communities,Kumbungu District communities,signed
1244,Abu Alhassan,F,Community Health Officer,Kumbungu District communities,Kumbungu District communities,signed
1245,Baba Abdulai,F,Disease Control Officer,Kumbungu District communities,Kumbungu District communities,signed
1246,Rahinatu Tia,F,Midwife,Kumbungu District communities,Kumbungu District communities,signed
1247,Baba Fuseini,F,Enrolled Nurse,Kumbungu District communities,Kumbungu District communities,signed
1248,Fati Iddrisu,F,Enrolled Nurse,Kumbungu District communities,Kumbungu District communities,signed
1249,Mariam Abdulai,F,Midwife,Kumbungu District communities,Kumbungu District communities,signed
1250,Sanatu Seidu,F,Community Health Officer,Kumbungu District communities,Kumbungu District communities,signed
1251,Iddrisu Mahama,F,Enrolled Nurse,Kumbungu District communities,Kumbungu District communities,signed
1252,Mohammed Alhassan,F,Community Health Officer,Kumbungu District communities,Kumbungu District communities,signed
1253,Sulemana Dauda,F,Disease Control Officer,Kumbungu District communities,Kumbungu District communities,signed
1254,Salamatu Seidu,F,Community Health Officer,Kumbungu District communities,Kumbungu District communities,signed
1255,Fuseini Napari,F,Midwife,Kumbungu District communities,Kumbungu District communities,signed
1256,Salamatu Alhassan,F,Community Health Officer,Kumbungu District communities,Kumbungu District communities,signed
1257,Fuseini Tia,F,Enrolled Nurse,Kumbungu District communities,Kumbungu District communities,signed
1258,Issah Alhassan,F,Enrolled Nurse,Kumbungu District communities,Kumbungu District communities,signed
1259,Ayishetu Seidu,F,Enrolled Nurse,Kumbungu District communities,Kumbungu District communities,signed
1260,Iddrisu Seidu,F,Enrolled Nurse,Kumbungu District communities,Kumbungu District communities,signed
1261,Zuweira Napari,F,Enrolled Nurse,Kumbungu District communities,Kumbungu District communities,signed
1262,Hawa Seidu,F,Disease Control Officer,Kumbungu District communities,Kumbungu District communities,signed
1263,Salamatu Iddrisu,F,Medical Assistant,Kumbungu District communities,Kumbungu District communities,signed
1264,Abdul Dauda,F,Midwife,Kumbungu District communities,Kumbungu District communities,signed
1265,Hawa Tia,F,Medical Assistant,Kumbungu District communities,Kumbungu District communities,signed
1266,Hawa Mahama,F,Midwife,Kumbungu District communities,Kumbungu District communities,signed
1267,Abu Seidu,F,Disease Control Officer,Kumbungu District communities,Kumbungu District communities,signed
1268,Mariam Issahaku,F,Disease Control Officer,Kumbungu District communities,Kumbungu District communities,signed
1269,Memunatu Fuseini,F,Enrolled Nurse,Kumbungu District communities,Kumbungu District communities,signed
1270,Abu Issahaku,F,Midwife,Kumbungu District communities,Kumbungu District communities,signed
1271,Sanatu Fuseini,F,Medical Assistant,Kumbungu District communities,Kumbungu District communities,signed
1272,Abu Wumbei,F,Midwife,Kumbungu District communities,Kumbungu District communities,signed
1273,Iddrisu Fuseini,F,Enrolled Nurse,Kumbungu District communities,Kumbungu District communities,signed
1274,Baba Iddrisu,F,Midwife,Kumbungu District communities,Kumbungu District communities,signed
1275,Issah Fuseini,F,Enrolled Nurse,Kumbungu District communities,Kumbungu District communities,signed
1276,Fuseini Wumbei,F,Disease Control Officer,Kumbungu District communities,Kumbungu District communities,signed
1277,Abu Dauda,F,Midwife,Kumbungu District communities,Kumbungu District communities,signed
1278,Memunatu Abdulai,F,Community Health Officer,Kumbungu District communities,Kumbungu District communities,signed
1279,Hawa Abdulai,F,Midwife,Kumbungu District communities,Kumbungu District communities,signed
1280,Hawa Seidu,F,Midwife,Kumbungu District communities,Kumbungu District communities,signed
1281,Adiza Tia,F,Disease Control Officer,Kumbungu District communities,Kumbungu District communities,signed
1282,Mohammed Abdulai,F,Midwife,Kumbungu District communities,Kumbungu District communities,signed
1283,Memunatu Fuseini,F,Disease Control Officer,Kumbungu District communities,Kumbungu District communities,signed
1284,Baba Napari,F,Medical Assistant,Kumbungu District communities,Kumbungu District communities,signed
1285,Hawa Fuseini,F,Midwife,Kumbungu District communities,Kumbungu District communities,signed
1286,Memunatu Abdulai,F,Midwife,Kumbungu District communities,Kumbungu District communities,signed
1287,Yakubu Fuseini,F,Medical Assistant,Kumbungu District communities,Kumbungu District communities,signed
1288,Zuweira Issahaku,F,Community Health Officer,Kumbungu District communities,Kumbungu District communities,signed
1289,Adiza Issahaku,F,Enrolled Nurse,Kumbungu District communities,Kumbungu District communities,signed
1290,Salamatu Yakubu,F,Community Health Officer,Kumbungu District communities,Kumbungu District communities,signed
1291,Fati Mahama,F,Enrolled Nurse,Kumbungu District communities,Kumbungu District communities,signed
1292,Iddrisu Alhassan,F,Disease Control Officer,Kumbungu District communities,Kumbungu District communities,signed
1293,Ayishetu Mahama,F,Disease Control Officer,Kumbungu District communities,Kumbungu District communities,signed
1294,Adiza Yakubu,F,Midwife,Kumbungu District communities,Kumbungu District communities,signed
1295,Hawa Mahama,F,Medical Assistant,Kumbungu District communities,Kumbungu District communities,signed
1296,Alhassan Yakubu,F,Enrolled Nurse,Kumbungu District communities,Kumbungu District communities,signed
1297,Abu Issahaku,F,Midwife,Kumbungu District communities,Kumbungu District communities,signed
1298,Fuseini Tia,F,Community Health Officer,Kumbungu District communities,Kumbungu District communities,signed
1299,Memunatu Alhassan,F,Enrolled Nurse,Kumbungu District communities,Kumbungu District communities,signed
1300,Mohammed Seidu,F,Enrolled Nurse,Kumbungu District communities,Kumbungu District communities,signed
1301,Salamatu Dauda,F,Midwife,Kumbungu District communities,Kumbungu District communities,signed
1302,Yakubu Fuseini,F,Medical Assistant,Kumbungu District communities,Kumbungu District communities,signed
1303,Salamatu Dauda,F,Community Health Officer,Kumbungu District communities,Kumbungu District communities,signed
1304,Abu Yakubu,F,Enrolled Nurse,Kumbungu District communities,Kumbungu District communities,signed
1305,Rahinatu Napari,F,Midwife,Kumbungu District communities,Kumbungu District communities,signed
1306,Salamatu Iddrisu,F,Enrolled Nurse,Kumbungu District communities,Kumbungu District communities,signed
1307,Mohammed Alhassan,F,Midwife,Kumbungu District communities,Kumbungu District communities,signed
1308,Sanatu Fuseini,F,Community Health Officer,Kumbungu District communities,Kumbungu District communities,signed
1309,Ayishetu Fuseini,F,Disease Control Officer,Kumbungu District communities,Kumbungu District communities,signed
1310,Mariam Dauda,F,Midwife,Kumbungu District communities,Kumbungu District communities,signed
1311,Hawa Abdulai,F,Midwife,Kumbungu District communities,Kumbungu District communities,signed
1312,Abu Seidu,F,Medical Assistant,Kumbungu District communities,Kumbungu District communities,signed
1313,Sulemana Napari,F,Midwife,Kumbungu District communities,Kumbungu District communities,signed
1314,Abdul Mahama,F,Medical Assistant,Kumbungu District communities,Kumbungu District communities,signed
1315,Sanatu Alhassan,F,Medical Assistant,Kumbungu District communities,Kumbungu District communities,signed
1316,Alhassan Mahama,F,Enrolled Nurse,Kumbungu District communities,Kumbungu District communities,signed
1317,Mariam Issahaku,F,Medical Assistant,Kumbungu District communities,Kumbungu District communities,signed
1318,Abdul Yakubu,F,Community Health Officer,Kumbungu District communities,Kumbungu District communities,signed
1319,Adiza Dauda,F,Disease Control Officer,Kumbungu District communities,Kumbungu District communities,signed
1320,Fati Tia,F,Community Health Officer,Kumbungu District communities,Kumbungu District communities,signed
1321,Hawa Dauda,F,Disease Control Officer,Kumbungu District communities,Kumbungu District communities,signed
1322,Baba Mahama,F,Medical Assistant,Kumbungu District communities,Kumbungu District communities,signed
1323,Zuweira Napari,F,Medical Assistant,Kumbungu District communities,Kumbungu District communities,signed
1324,Abu Mahama,F,Medical Assistant,Kumbungu District communities,Kumbungu District communities,signed
1325,Rahinatu Alhassan,F,Community Health Officer,Kumbungu District communities,Kumbungu District communities,signed
1326,Yakubu Wumbei,F,Disease Control Officer,Kumbungu District communities,Kumbungu District communities,signed
1327,Hawa Mahama,F,Community Health Officer,Kumbungu District communities,Kumbungu District communities,signed
1328,Sulemana Wumbei,F,Community Health Officer,Kumbungu District communities,Kumbungu District communities,signed
1329,Ayishetu Napari,F,Disease Control Officer,Kumbungu District communities,Kumbungu District communities,signed
1330,Zuweira Seidu,F,Community Health Officer,Kumbungu District communities,Kumbungu District communities,signed
1331,Abu Yakubu,F,Community Health Officer,Kumbungu District communities,Kumbungu District communities,signed
1332,Yakubu Tia,F,Midwife,Kumbungu District communities,Kumbungu District communities,signed
1333,Mohammed Alhassan,F,Medical Assistant,Kumbungu District communities,Kumbungu District communities,signed
1334,Sanatu Wumbei,F,Disease Control Officer,Kumbungu District communities,Kumbungu District communities,signed
1335,Ayishetu Dauda,F,Medical Assistant,Kumbungu District communities,Kumbungu District communities,signed
1336,Abdul Alhassan,F,Community Health Officer,Kumbungu District communities,Kumbungu District communities,signed
1337,Fati Napari,F,Midwife,Kumbungu District communities,Kumbungu District communities,signed
1338,Sulemana Iddrisu,F,Disease Control Officer,Kumbungu District communities,Kumbungu District communities,signed
1339,Rahinatu Yakubu,F,Medical Assistant,Kumbungu District communities,Kumbungu District communities,signed
1340,Fuseini Napari,F,Medical Assistant,Kumbungu District communities,Kumbungu District communities,signed
1341,Mariam Alhassan,F,Disease Control Officer,Kumbungu District communities,Kumbungu District communities,signed
1342,Sanatu Issahaku,F,Community Health Officer,Kumbungu District communities,Kumbungu District communities,signed
1343,Adiza Dauda,F,Disease Control Officer,Kumbungu District communities,Kumbungu District communities,signed
1344,Adiza Issahaku,F,Community Health Officer,Kumbungu District communities,Kumbungu District communities,signed
1345,Yakubu Iddrisu,F,Midwife,Kumbungu District communities,Kumbungu District communities,signed
1346,Baba Tia,F,Community Health Officer,Kumbungu District communities,Kumbungu District communities,signed
1347,Abu Iddrisu,F,Midwife,Kumbungu District communities,Kumbungu District communities,signed
1348,Hawa Seidu,F,Community Health Officer,Kumbungu District communities,Kumbungu District communities,signed
1349,Hawa Seidu,F,Medical Assistant,Kumbungu District communities,Kumbungu District communities,signed
1350,Salamatu Iddrisu,F,Midwife,Kumbungu District communities,Kumbungu District communities,signed
1351,Issah Wumbei,F,Disease Control Officer,Kumbungu District communities,Kumbungu District communities,signed
1352,Fuseini Iddrisu,F,Medical Assistant,Kumbungu District communities,Kumbungu District communities,signed
1353,Alhassan Tia,F,Community Health Officer,Kumbungu District communities,Kumbungu District communities,signed
1354,Sanatu Yakubu,F,Enrolled Nurse,Kumbungu District communities,Kumbungu District communities,signed
1355,Adiza Wumbei,F,Enrolled Nurse,Kumbungu District communities,Kumbungu District communities,signed
1356,Fuseini Yakubu,F,Community Health Officer,Kumbungu District communities,Kumbungu District communities,signed
1357,Mariam Wumbei,F,Community Health Officer,Kumbungu District communities,Kumbungu District communities,signed
1358,Fati Seidu,F,Enrolled Nurse,Kumbungu District communities,Kumbungu District communities,signed
1359,Ayishetu Napari,F,Medical Assistant,Kumbungu District communities,Kumbungu District communities,signed
1360,Adiza Tia,F,Disease Control Officer,Kumbungu District communities,Kumbungu District communities,signed
1361,Abdul Seidu,F,Disease Control Officer,Kumbungu District communities,Kumbungu District communities,signed
1362,Adiza Abdulai,F,Medical Assistant,Kumbungu District communities,Kumbungu District communities,signed
1363,Issah Abdulai,F,Community Health Officer,Kumbungu District communities,Kumbungu District communities,signed
1364,Zuweira Fuseini,F,Midwife,Kumbungu District communities,Kumbungu District communities,signed
1365,Issah Dauda,F,Disease Control Officer,Kumbungu District communities,Kumbungu District communities,signed
1366,Issah Yakubu,F,Medical Assistant,Kumbungu District communities,Kumbungu District communities,signed
1367,Abu Iddrisu,F,Medical Assistant,Kumbungu District communities,Kumbungu District communities,signed
1368,Sulemana Yakubu,F,Midwife,Kumbungu District communities,Kumbungu District communities,signed
1369,Yakubu Issahaku,F,Community Health Officer,Kumbungu District communities,Kumbungu District communities,signed
1370,Issah Mahama,F,Medical Assistant,Kumbungu District communities,Kumbungu District communities,signed
1371,Hawa Dauda,F,Disease Control Officer,Kumbungu District communities,Kumbungu District communities,signed
1372,Memunatu Fuseini,F,Community Health Officer,Kumbungu District communities,Kumbungu District communities,signed
1373,Sulemana Issahaku,F,Medical Assistant,Kumbungu District communities,Kumbungu District communities,signed
1374,Alhassan Alhassan,F,Medical Assistant,Kumbungu District communities,Kumbungu District communities,signed
1375,Sulemana Yakubu,F,Enrolled Nurse,Kumbungu District communities,Kumbungu District communities,signed
1376,Zuweira Mahama,F,Disease Control Officer,Kumbungu District communities,Kumbungu District communities,signed
1377,Baba Wumbei,F,Medical Assistant,Kumbungu District communities,Kumbungu District communities,signed
1378,Baba Iddrisu,F,Disease Control Officer,Kumbungu District communities,Kumbungu District communities,signed
1379,Issah Tia,F,Medical Assistant,Kumbungu District communities,Kumbungu District communities,signed
1380,Hawa Napari,F,Midwife,Kumbungu District communities,Kumbungu District communities,signed
1381,Mariam Seidu,F,Enrolled Nurse,Kumbungu District communities,Kumbungu District communities,signed
1382,Zuweira Yakubu,F,Community Health Officer,Kumbungu District communities,Kumbungu District communities,signed
1383,Rahinatu Seidu,F,Enrolled Nurse,Kumbungu District communities,Kumbungu District communities,signed
1384,Abdul Alhassan,F,Disease Control Officer,Kumbungu District communities,Kumbungu District communities,signed
1385,Fuseini Mahama,F,Medical Assistant,Kumbungu District communities,Kumbungu District communities,signed
1386,Abdul Issahaku,F,Community Health Officer,Kumbungu District communities,Kumbungu District communities,signed
1387,Iddrisu Wumbei,F,Medical Assistant,Kumbungu District communities,Kumbungu District communities,signed
1388,Yakubu Yakubu,F,Medical Assistant,Kumbungu District communities,Kumbungu District communities,signed
1389,Hawa Dauda,F,Midwife,Kumbungu District communities,Kumbungu District communities,signed
1390,Iddrisu Napari,F,Enrolled Nurse,Kumbungu District communities,Kumbungu District communities,signed
1391,Alhassan Napari,F,Medical Assistant,Kumbungu District communities,Kumbungu District communities,signed
1392,Mohammed Wumbei,F,Disease Control Officer,Kumbungu District communities,Kumbungu District communities,signed
1393,Fati Tia,F,Medical Assistant,Kumbungu District communities,Kumbungu District communities,signed
1394,Salamatu Alhassan,F,Enrolled Nurse,Kumbungu District communities,Kumbungu District communities,signed
1395,Mariam Seidu,F,Midwife,Kumbungu District communities,Kumbungu District communities,signed
1396,Fati Wumbei,F,Disease Control Officer,Kumbungu District communities,Kumbungu District communities,signed
1397,Mariam Tia,F,Community Health Officer,Kumbungu District communities,Kumbungu District communities,signed
1398,Rahinatu Alhassan,F,Enrolled Nurse,Kumbungu District communities,Kumbungu District communities,signed
1399,Fati Seidu,F,Midwife,Kumbungu District communities,Kumbungu District communities,signed
1400,Zuweira Wumbei,F,Midwife,Kumbungu District communities,Kumbungu District communities,signed
