No,Name,Sex,Cadre/Role,Facility/Community,District,Signature
1,Abu Yakubu,F,Midwife,Karaga District communities,Karaga District communities,signed
2,Adiza Wumbei,F,Enrolled Nurse,Karaga District communities,Karaga District communities,signed
3,Memunatu Napari,F,Community Health Officer,Karaga District communities,Karaga District communities,signed
4,Fati Napari,F,Disease Control Officer,Karaga District communities,Karaga District communities,signed
5,Fuseini Yakubu,F,Midwife,Karaga District communities,Karaga District communities,signed
6,Memunatu Dauda,F,Medical Assistant,Karaga District communities,Karaga District communities,signed
7,Abu Dauda,F,Enrolled Nurse,Karaga District communities,Karaga District communities,signed
8,Mariam Abdulai,F,Medical Assistant,Karaga District communities,Karaga District communities,signed
9,Rahinatu Mahama,F,Community Health Officer,Karaga District communities,Karaga District communities,signed
10,Abu Fuseini,F,Enrolled Nurse,Karaga District communities,Karaga District communities,signed
11,Hawa Alhassan,F,Enrolled Nurse,Karaga District communities,Karaga District communities,signed
12,Ayishetu Alhassan,F,Community Health Officer,Karaga District communities,Karaga District communities,signed
13,Sanatu Yakubu,F,Disease Control Officer,Karaga District communities,Karaga District communities,signed
14,Iddrisu Wumbei,F,Midwife,Karaga District communities,Karaga District communities,signed
15,Issah Wumbei,F,Midwife,Karaga District communities,Karaga District communities,signed
16,Abu Yakubu,F,Midwife,Karaga District communities,Karaga District communities,signed
17,Mohammed Mahama,F,Midwife,Karaga District communities,Karaga District communities,signed
18,Abdul Alhassan,F,Midwife,Karaga District communities,Karaga District communities,signed
19,Sanatu Issahaku,F,Disease Control Officer,Karaga District communities,Karaga District communities,signed
20,Yakubu Issahaku,F,Disease Control Officer,Karaga District communities,Karaga District communities,signed
21,Zuweira Fuseini,F,Disease Control Officer,Karaga District communities,Karaga District communities,signed
22,Mohammed Fuseini,F,Community Health Officer,Karaga District communities,Karaga District communities,signed
23,Fati Abdulai,F,Disease Control Officer,Karaga District communities,Karaga District communities,signed
24,Abdul Abdulai,F,Medical Assistant,Karaga District communities,Karaga District communities,signed
25,Ayishetu Issahaku,F,Midwife,Karaga District communities,Karaga District communities,signed
26,Rahinatu Mahama,F,Community Health Officer,Karaga District communities,Karaga District communities,signed
27,Baba Fuseini,F,Disease Control Officer,Karaga District communities,Karaga District communities,signed
28,Salamatu Napari,F,Midwife,Karaga District communities,Karaga District communities,signed
29,Baba Fuseini,F,Midwife,Karaga District communities,Karaga District communities,signed
30,Ayishetu Fuseini,F,Community Health Officer,Karaga District communities,Karaga District communities,signed
31,Ayishetu Iddrisu,F,Midwife,Karaga District communities,Karaga District communities,signed
32,Ayishetu Iddrisu,F,Disease Control Officer,Karaga District communities,Karaga District communities,signed
33,Yakubu Yakubu,F,Disease Control Officer,Karaga District communities,Karaga District communities,signed
34,Mohammed Alhassan,F,Community Health Officer,Karaga District communities,Karaga District communities,signed
35,Issah Abdulai,F,Community Health Officer,Karaga District communities,Karaga District communities,signed
36,Hawa Mahama,F,Medical Assistant,Karaga District communities,Karaga District communities,signed
37,Hawa Mahama,F,Midwife,Karaga District communities,Karaga District communities,signed
38,Adiza Napari,F,Community Health Officer,Karaga District communities,Karaga District communities,signed
39,Issah Yakubu,F,Midwife,Karaga District communities,Karaga District communities,signed
40,Issah Tia,F,Community Health Officer,Karaga District communities,Karaga District communities,signed
41,Adiza Mahama,F,Medical Assistant,Karaga District communities,Karaga District communities,signed
42,Baba Seidu,F,Disease Control Officer,Karaga District communities,Karaga District communities,signed
43,Rahinatu Napari,F,Disease Control Officer,Karaga District communities,Karaga District communities,signed
44,Sulemana Alhassan,F,Enrolled Nurse,Karaga District communities,Karaga District communities,signed
45,Baba Yakubu,F,Medical Assistant,Karaga District communities,Karaga District communities,signed
46,Alhassan Tia,F,Enrolled Nurse,Karaga District communities,Karaga District communities,signed
47,Mohammed Issahaku,F,Enrolled Nurse,Karaga District communities,Karaga District communities,signed
48,Memunatu Mahama,F,Enrolled Nurse,Karaga District communities,Karaga District communities,signed
49,Memunatu Iddrisu,F,Disease Control Officer,Karaga District communities,Karaga District communities,signed
50,Abdul Dauda,F,Medical Assistant,Karaga District communities,Karaga District communities,signed
51,Baba Fuseini,F,Community Health Officer,Karaga District communities,Karaga District communities,signed
52,Fuseini Abdulai,F,Enrolled Nurse,Karaga District communities,Karaga District communities,signed
53,Fuseini Yakubu,F,Community Health Officer,Karaga District communities,Karaga District communities,signed
54,Ayishetu Napari,F,Community Health Officer,Karaga District communities,Karaga District communities,signed
55,Rahinatu Tia,F,Community Health Officer,Karaga District communities,Karaga District communities,signed
56,Fati Alhassan,F,Disease Control Officer,Karaga District communities,Karaga District communities,signed
57,Sanatu Abdulai,F,Medical Assistant,Karaga District communities,Karaga District communities,signed
58,Adiza Seidu,F,Disease Control Officer,Karaga District communities,Karaga District communities,signed
59,Memunatu Mahama,F,Medical Assistant,Karaga District communities,Karaga District communities,signed
60,Sanatu Iddrisu,F,Medical Assistant,Karaga District communities,Karaga District communities,signed
61,Alhassan Wumbei,F,Disease Control Officer,Karaga District communities,Karaga District communities,signed
62,Salamatu Wumbei,F,Midwife,Karaga District communities,Karaga District communities,signed
63,Baba Mahama,F,Medical Assistant,Karaga District communities,Karaga District communities,signed
64,Baba Dauda,F,Disease Control Officer,Karaga District communities,Karaga District communities,signed
65,Yakubu Wumbei,F,Enrolled Nurse,Karaga District communities,Karaga District communities,signed
66,Mohammed Tia,F,Disease Control Officer,Karaga District communities,Karaga District communities,signed
67,Alhassan Mahama,F,Community Health Officer,Karaga District communities,Karaga District communities,signed
68,Hawa Yakubu,F,Disease Control Officer,Karaga District communities,Karaga District communities,signed
69,Rahinatu Seidu,F,Enrolled Nurse,Karaga District communities,Karaga District communities,signed
70,Iddrisu Iddrisu,F,Midwife,Karaga District communities,Karaga District communities,signed
71,Alhassan Seidu,F,Enrolled Nurse,Karaga District communities,Karaga District communities,signed
72,Sulemana Seidu,F,Enrolled Nurse,Karaga District communities,Karaga District communities,signed
73,Fuseini Tia,F,Community Health Officer,Karaga District communities,Karaga District communities,signed
74,Issah Tia,F,Community Health Officer,Karaga District communities,Karaga District communities,signed
75,Issah Wumbei,F,Midwife,Karaga District communities,Karaga District communities,signed
76,Rahinatu Seidu,F,Community Health Officer,Karaga District communities,Karaga District communities,signed
77,Sulemana Yakubu,F,Medical Assistant,Karaga District communities,Karaga District communities,signed
78,Mohammed Napari,F,Midwife,Karaga District communities,Karaga District communities,signed
79,Issah Napari,F,Community Health Officer,Karaga District communities,Karaga District communities,signed
80,Adiza Abdulai,F,Midwife,Karaga District communities,Karaga District communities,signed
81,Zuweira Fuseini,F,Disease Control Officer,Karaga District communities,Karaga District communities,signed
82,Rahinatu Wumbei,F,Community Health Officer,Karaga District communities,Karaga District communities,signed
83,Sulemana Alhassan,F,Enrolled Nurse,Karaga District communities,Karaga District communities,signed
84,Iddrisu Wumbei,F,Midwife,Karaga District communities,Karaga District communities,signed
85,Abu Iddrisu,F,Community Health Officer,Karaga District communities,Karaga District communities,signed
86,Mariam Tia,F,Enrolled Nurse,Karaga District communities,Karaga District communities,signed
87,Iddrisu Issahaku,F,Community Health Officer,Karaga District communities,Karaga District communities,signed
88,Zuweira Tia,F,Midwife,Karaga District communities,Karaga District communities,signed
89,Mariam Abdulai,F,Midwife,Karaga District communities,Karaga District communities,signed
90,Mariam Mahama,F,Medical Assistant,Karaga District communities,Karaga District communities,signed
91,Alhassan Issahaku,F,Medical Assistant,Karaga District communities,Karaga District communities,signed
92,Yakubu Wumbei,F,Midwife,Karaga District communities,Karaga District communities,signed
93,Abdul Alhassan,F,Medical Assistant,Karaga District communities,Karaga District communities,signed
94,Memunatu Fuseini,F,Enrolled Nurse,Karaga District communities,Karaga District communities,signed
95,Issah Seidu,F,Enrolled Nurse,Karaga District communities,Karaga District communities,signed
96,Fati Yakubu,F,Community Health Officer,Karaga District communities,Karaga District communities,signed
97,Ayishetu Fuseini,F,Disease Control Officer,Karaga District communities,Karaga District communities,signed
98,Hawa Yakubu,F,Enrolled Nurse,Karaga District communities,Karaga District communities,signed
99,Baba Napari,F,Medical Assistant,Karaga District communities,Karaga District communities,signed
100,Mariam Seidu,F,Medical Assistant,Karaga District communities,Karaga District communities,signed
101,Sulemana Mahama,F,Medical Assistant,Karaga District communities,Karaga District communities,signed
102,Mariam Dauda,F,Midwife,Karaga District communities,Karaga District communities,signed
103,Salamatu Yakubu,F,Community Health Officer,Karaga District communities,Karaga District communities,signed
104,Mariam Dauda,F,Midwife,Karaga District communities,Karaga District communities,signed
105,Fuseini Wumbei,F,Midwife,Karaga District communities,Karaga District communities,signed
106,Sanatu Issahaku,F,Enrolled Nurse,Karaga District communities,Karaga District communities,signed
107,Fuseini Seidu,F,Disease Control Officer,Karaga District communities,Karaga District communities,signed
108,Fuseini Mahama,F,Enrolled Nurse,Karaga District communities,Karaga District communities,signed
109,Yakubu Alhassan,F,Midwife,Karaga District communities,Karaga District communities,signed
110,Abdul Yakubu,F,Disease Control Officer,Karaga District communities,Karaga District communities,signed
111,Fati Napari,F,Disease Control Officer,Karaga District communities,Karaga District communities,signed
112,Alhassan Mahama,F,Community Health Officer,Karaga District communities,Karaga District communities,signed
113,Baba Wumbei,F,Enrolled Nurse,Karaga District communities,Karaga District communities,signed
114,Alhassan Yakubu,F,Community Health Officer,Karaga District communities,Karaga District communities,signed
115,Sanatu Fuseini,F,Community Health Officer,Karaga District communities,Karaga District communities,signed
116,Yakubu Tia,F,Community Health Officer,Karaga District communities,Karaga District communities,signed
117,Adiza Iddrisu,F,Midwife,Karaga District communities,Karaga District communities,signed
118,Issah Abdulai,F,Midwife,Karaga District communities,Karaga District communities,signed
119,Mohammed Tia,F,Medical Assistant,Karaga District communities,Karaga District communities,signed
120,Mohammed Tia,F,Medical Assistant,Karaga District communities,Karaga District communities,signed
121,Zuweira Tia,F,Disease Control Officer,Karaga District communities,Karaga District communities,signed
122,Abu Abdulai,F,Community Health Officer,Karaga District communities,Karaga District communities,signed
123,Rahinatu Yakubu,F,Community Health Officer,Karaga District communities,Karaga District communities,signed
124,Hawa Iddrisu,F,Disease Control Officer,Karaga District communities,Karaga District communities,signed
125,Mariam Alhassan,F,Disease Control Officer,Karaga District communities,Karaga District communities,signed
126,Yakubu Wumbei,F,Disease Control Officer,Karaga District communities,Karaga District communities,signed
127,Iddrisu Tia,F,Midwife,Karaga District communities,Karaga District communities,signed
128,Fuseini Mahama,F,Enrolled Nurse,Karaga District communities,Karaga District communities,signed
129,Fuseini Wumbei,F,Midwife,Karaga District communities,Karaga District communities,signed
130,Rahinatu Abdulai,F,Disease Control Officer,Karaga District communities,Karaga District communities,signed
131,Yakubu Dauda,F,Medical Assistant,Karaga District communities,Karaga District communities,signed
132,Fuseini Napari,F,Community Health Officer,Karaga District communities,Karaga District communities,signed
133,Adiza Iddrisu,F,Medical Assistant,Karaga District communities,Karaga District communities,signed
134,Baba Napari,F,Enrolled Nurse,Karaga District communities,Karaga District communities,signed
135,Iddrisu Iddrisu,F,Medical Assistant,Karaga District communities,Karaga District communities,signed
136,Issah Alhassan,F,Medical Assistant,Karaga District communities,Karaga District communities,signed
137,Adiza Abdulai,F,Community Health Officer,Karaga District communities,Karaga District communities,signed
138,Alhassan Napari,F,Medical Assistant,Karaga District communities,Karaga District communities,signed
139,Sanatu Fuseini,F,Disease Control Officer,Karaga District communities,Karaga District communities,signed
140,Fati Yakubu,F,Enrolled Nurse,Karaga District communities,Karaga District communities,signed
141,Sanatu Seidu,F,Community Health Officer,Karaga District communities,Karaga District communities,signed
142,Sulemana Tia,F,Enrolled Nurse,Karaga District communities,Karaga District communities,signed
143,Fuseini Issahaku,F,Disease Control Officer,Karaga District communities,Karaga District communities,signed
144,Abu Napari,F,Disease Control Officer,Karaga District communities,Karaga District communities,signed
145,Ayishetu Alhassan,F,Midwife,Karaga District communities,Karaga District communities,signed
146,Ayishetu Mahama,F,Midwife,Karaga District communities,Karaga District communities,signed
147,Abdul Iddrisu,F,Community Health Officer,Karaga District communities,Karaga District communities,signed
148,Issah Napari,F,Medical Assistant,Karaga District communities,Karaga District communities,signed
149,Zuweira Fuseini,F,Community Health Officer,Karaga District communities,Karaga District communities,signed
150,Sanatu Alhassan,F,Enrolled Nurse,Karaga District communities,Karaga District communities,signed
151,Fuseini Yakubu,F,Medical Assistant,Karaga District communities,Karaga District communities,signed
152,Mohammed Alhassan,F,Community Health Officer,Karaga District communities,Karaga District communities,signed
153,Abdul Tia,F,Disease Control Officer,Karaga District communities,Karaga District communities,signed
154,Sulemana Dauda,F,Community Health Officer,Karaga District communities,Karaga District communities,signed
155,Hawa Mahama,F,Medical Assistant,Karaga District communities,Karaga District communities,signed
156,Zuweira Yakubu,F,Medical Assistant,Karaga District communities,Karaga District communities,signed
157,Zuweira Wumbei,F,Disease Control Officer,Karaga District communities,Karaga District communities,signed
158,Zuweira Dauda,F,Community Health Officer,Karaga District communities,Karaga District communities,signed
159,Zuweira Issahaku,F,Community Health Officer,Karaga District communities,Karaga District communities,signed
160,Abdul Seidu,F,Midwife,Karaga District communities,Karaga District communities,signed
161,Iddrisu Wumbei,F,Midwife,Karaga District communities,Karaga District communities,signed
162,Fuseini Wumbei,F,Disease Control Officer,Karaga District communities,Karaga District communities,signed
163,Sulemana Seidu,F,Community Health Officer,Karaga District communities,Karaga District communities,signed
164,Hawa Yakubu,F,Medical Assistant,Karaga District communities,Karaga District communities,signed
165,Hawa Dauda,F,Midwife,Karaga District communities,Karaga District communities,signed
166,Memunatu Napari,F,Community Health Officer,Karaga District communities,Karaga District communities,signed
167,Iddrisu Issahaku,F,Community Health Officer,Karaga District communities,Karaga District communities,signed
168,Rahinatu Tia,F,Disease Control Officer,Karaga District communities,Karaga District communities,signed
169,Salamatu Wumbei,F,Disease Control Officer,Karaga District communities,Karaga District communities,signed
170,Mariam Alhassan,F,Community Health Officer,Karaga District communities,Karaga District communities,signed
171,Hawa Yakubu,F,Medical Assistant,Karaga District communities,Karaga District communities,signed
172,Fuseini Yakubu,F,Medical Assistant,Karaga District communities,Karaga District communities,signed
173,Ayishetu Alhassan,F,Community Health Officer,Karaga District communities,Karaga District communities,signed
174,Fuseini Tia,F,Enrolled Nurse,Karaga District communities,Karaga District communities,signed
175,Fuseini Mahama,F,Medical Assistant,Karaga District communities,Karaga District communities,signed
176,Mariam Yakubu,F,Midwife,Karaga District communities,Karaga District communities,signed
177,Abu Fuseini,F,Midwife,Karaga District communities,Karaga District communities,signed
178,Baba Fuseini,F,Community Health Officer,Karaga District communities,Karaga District communities,signed
179,Memunatu Wumbei,F,Enrolled Nurse,Karaga District communities,Karaga District communities,signed
180,Baba Tia,F,Midwife,Karaga District communities,Karaga District communities,signed
181,Sanatu Seidu,F,Medical Assistant,Karaga District communities,Karaga District communities,signed
182,Iddrisu Seidu,F,Midwife,Karaga District communities,Karaga District communities,signed
183,Fati Fuseini,F,Midwife,Karaga District communities,Karaga District communities,signed
184,Sulemana Seidu,F,Medical Assistant,Karaga District communities,Karaga District communities,signed
185,Fuseini Wumbei,F,Disease Control Officer,Karaga District communities,Karaga District communities,signed
186,Yakubu Mahama,F,Enrolled Nurse,Karaga District communities,Karaga District communities,signed
187,Yakubu Issahaku,F,Disease Control Officer,Karaga District communities,Karaga District communities,signed
188,Baba Abdulai,F,Medical Assistant,Karaga District communities,Karaga District communities,signed
189,Abdul Fuseini,F,Midwife,Karaga District communities,Karaga District communities,signed
190,Memunatu Alhassan,F,Disease Control Officer,Karaga District communities,Karaga District communities,signed
191,Fuseini Seidu,F,Enrolled Nurse,Karaga District communities,Karaga District communities,signed
192,Ayishetu Yakubu,F,Medical Assistant,Karaga District communities,Karaga District communities,signed
193,Fuseini Alhassan,F,Midwife,Karaga District communities,Karaga District communities,signed
194,Rahinatu Yakubu,F,Enrolled Nurse,Karaga District communities,Karaga District communities,signed
195,Mariam Wumbei,F,Midwife,Karaga District communities,Karaga District communities,signed
196,Sulemana Napari,F,Midwife,Karaga District communities,Karaga District communities,signed
197,Fuseini Issahaku,F,Midwife,Karaga District communities,Karaga District communities,signed
198,Fati Iddrisu,F,Enrolled Nurse,Karaga District communities,Karaga District communities,signed
199,Iddrisu Yakubu,F,Midwife,Karaga District communities,Karaga District communities,signed
200,Yakubu Abdulai,F,Midwife,Karaga District communities,Karaga District communities,signed
201,Iddrisu Tia,F,Midwife,Karaga District communities,Karaga District communities,signed
202,Rahinatu Abdulai,F,Medical Assistant,Karaga District communities,Karaga District communities,signed
203,Memunatu Alhassan,F,Community Health Officer,Karaga District communities,Karaga District communities,signed
204,Salamatu Iddrisu,F,Midwife,Karaga District communities,Karaga District communities,signed
205,Salamatu Napari,F,Community Health Officer,Karaga District communities,Karaga District communities,signed
206,Mohammed Abdulai,F,Enrolled Nurse,Karaga District communities,Karaga District communities,signed
207,Ayishetu Dauda,F,Community Health Officer,Karaga District communities,Karaga District communities,signed
208,Sulemana Tia,F,Community Health Officer,Karaga District communities,Karaga District communities,signed
209,Mariam Mahama,F,Midwife,Karaga District communities,Karaga District communities,signed
210,Memunatu Abdulai,F,Medical Assistant,Karaga District communities,Karaga District communities,signed
211,Sanatu Seidu,F,Disease Control Officer,Karaga District communities,Karaga District communities,signed
212,Mohammed Alhassan,F,Enrolled Nurse,Karaga District communities,Karaga District communities,signed
213,Alhassan Seidu,F,Disease Control Officer,Karaga District communities,Karaga District communities,signed
214,Adiza Yakubu,F,Disease Control Officer,Karaga District communities,Karaga District communities,signed
215,Baba Dauda,F,Enrolled Nurse,Karaga District communities,Karaga District communities,signed
216,Memunatu Seidu,F,Community Health Officer,Karaga District communities,Karaga District communities,signed
217,Ayishetu Seidu,F,Medical Assistant,Karaga District communities,Karaga District communities,signed
218,Mohammed Issahaku,F,Community Health Officer,Karaga District communities,Karaga District communities,signed
219,Sulemana Tia,F,Disease Control Officer,Karaga District communities,Karaga District communities,signed
220,Mariam Fuseini,F,Enrolled Nurse,Karaga District communities,Karaga District communities,signed
221,Hawa Fuseini,F,Disease Control Officer,Karaga District communities,Karaga District communities,signed
222,Memunatu Tia,F,Community Health Officer,Karaga District communities,Karaga District communities,signed
223,Sanatu Issahaku,F,Midwife,Karaga District communities,Karaga District communities,signed
224,Abdul Alhassan,F,Midwife,Karaga District communities,Karaga District communities,signed
225,Iddrisu Tia,F,Disease Control Officer,Karaga District communities,Karaga District communities,signed
226,Mohammed Dauda,F,Enrolled Nurse,Karaga District communities,Karaga District communities,signed
227,Ayishetu Tia,F,Disease Control Officer,Karaga District communities,Karaga District communities,signed
228,Sulemana Alhassan,F,Medical Assistant,Karaga District communities,Karaga District communities,signed
229,Hawa Yakubu,F,Disease Control Officer,Karaga District communities,Karaga District communities,signed
230,Salamatu Yakubu,F,Community Health Officer,Karaga District communities,Karaga District communities,signed
231,Sanatu Mahama,F,Disease Control Officer,Karaga District communities,Karaga District communities,signed
232,Hawa Issahaku,F,Midwife,Karaga District communities,Karaga District communities,signed
233,Abdul Fuseini,F,Community Health Officer,Karaga District communities,Karaga District communities,signed
234,Issah Yakubu,F,Disease Control Officer,Karaga District communities,Karaga District communities,signed
235,Mariam Wumbei,F,Disease Control Officer,Karaga District communities,Karaga District communities,signed
236,Ayishetu Tia,F,Midwife,Karaga District communities,Karaga District communities,signed
237,Issah Alhassan,F,Medical Assistant,Karaga District communities,Karaga District communities,signed
238,Zuweira Seidu,F,Midwife,Karaga District communities,Karaga District communities,signed
239,Sulemana Yakubu,F,Community Health Officer,Karaga District communities,Karaga District communities,signed
240,Fuseini Tia,F,Disease Control Officer,Karaga District communities,Karaga District communities,signed
241,Ayishetu Napari,F,Disease Control Officer,Karaga District communities,Karaga District communities,signed
242,Alhassan Issahaku,F,Enrolled Nurse,Karaga District communities,Karaga District communities,signed
243,Sanatu Wumbei,F,Disease Control Officer,Karaga District communities,Karaga District communities,signed
244,Ayishetu Abdulai,F,Midwife,Karaga District communities,Karaga District communities,signed
245,Adiza Wumbei,F,Midwife,Karaga District communities,Karaga District communities,signed
246,Iddrisu Fuseini,F,Disease Control Officer,Karaga District communities,Karaga District communities,signed
247,Mohammed Yakubu,F,Medical Assistant,Karaga District communities,Karaga District communities,signed
248,Abdul Iddrisu,F,Community Health Officer,Karaga District communities,Karaga District communities,signed
249,Sulemana Tia,F,Midwife,Karaga District communities,Karaga District communities,signed
250,Yakubu Seidu,F,Medical Assistant,Karaga District communities,Karaga District communities,signed
251,Ayishetu Fuseini,F,Midwife,Karaga District communities,Karaga District communities,signed
252,Rahinatu Fuseini,F,Midwife,Karaga District communities,Karaga District communities,signed
253,Abdul Napari,F,Medical Assistant,Karaga District communities,Karaga District communities,signed
254,Abdul Alhassan,F,Disease Control Officer,Karaga District communities,Karaga District communities,signed
255,Baba Alhassan,F,Midwife,Karaga District communities,Karaga District communities,signed
256,Sanatu Fuseini,F,Community Health Officer,Karaga District communities,Karaga District communities,signed
257,Sanatu Issahaku,F,Enrolled Nurse,Karaga District communities,Karaga District communities,signed
258,Fuseini Napari,F,Medical Assistant,Karaga District communities,Karaga District communities,signed
259,Baba Napari,F,Disease Control Officer,Karaga District communities,Karaga District communities,signed
260,Iddrisu Fuseini,F,Disease Control Officer,Karaga District communities,Karaga District communities,signed
261,Sanatu Yakubu,F,Medical Assistant,Karaga District communities,Karaga District communities,signed
262,Iddrisu Alhassan,F,Community Health Officer,Karaga District communities,Karaga District communities,signed
263,Issah Tia,F,Midwife,Karaga District communities,Karaga District communities,signed
264,Adiza Issahaku,F,Enrolled Nurse,Karaga District communities,Karaga District communities,signed
265,Issah Fuseini,F,Midwife,Karaga District communities,Karaga District communities,signed
266,Hawa Wumbei,F,Medical Assistant,Karaga District communities,Karaga District communities,signed
267,Yakubu Dauda,F,Medical Assistant,Karaga District communities,Karaga District communities,signed
268,Adiza Dauda,F,Midwife,Karaga District communities,Karaga District communities,signed
269,Fati Seidu,F,Enrolled Nurse,Karaga District communities,Karaga District communities,signed
270,Zuweira Dauda,F,Enrolled Nurse,Karaga District communities,Karaga District communities,signed
271,Yakubu Tia,F,Midwife,Karaga District communities,Karaga District communities,signed
272,Sanatu Iddrisu,F,Enrolled Nurse,Karaga District communities,Karaga District communities,signed
273,Salamatu Wumbei,F,Medical Assistant,Karaga District communities,Karaga District communities,signed
274,Fati Wumbei,F,Medical Assistant,Karaga District communities,Karaga District communities,signed
275,Salamatu Seidu,F,Medical Assistant,Karaga District communities,Karaga District communities,signed
276,Fuseini Seidu,F,Midwife,Karaga District communities,Karaga District communities,signed
277,Zuweira Wumbei,F,Community Health Officer,Karaga District communities,Karaga District communities,signed
278,Hawa Fuseini,F,Midwife,Karaga District communities,Karaga District communities,signed
279,Zuweira Napari,F,Community Health Officer,Karaga District communities,Karaga District communities,signed
280,Memunatu Dauda,F,Community Health Officer,Karaga District communities,Karaga District communities,signed
281,Adiza Mahama,F,Enrolled Nurse,Karaga District communities,Karaga District communities,signed
282,Mohammed Alhassan,F,Enrolled Nurse,Karaga District communities,Karaga District communities,signed
283,Mariam Dauda,F,Medical Assistant,Karaga District communities,Karaga District communities,signed
284,Fuseini Iddrisu,F,Midwife,Karaga District communities,Karaga District communities,signed
285,Mohammed Alhassan,F,Disease Control Officer,Karaga District communities,Karaga District communities,signed
286,Sulemana Mahama,F,Medical Assistant,Karaga District communities,Karaga District communities,signed
287,Mariam Wumbei,F,Medical Assistant,Karaga District communities,Karaga District communities,signed
288,Rahinatu Seidu,F,Community Health Officer,Karaga District communities,Karaga District communities,signed
289,Sulemana Wumbei,F,Medical Assistant,Karaga District communities,Karaga District communities,signed
290,Mohammed Wumbei,F,Midwife,Karaga District communities,Karaga District communities,signed
291,Zuweira Abdulai,F,Midwife,Karaga District communities,Karaga District communities,signed
292,Hawa Abdulai,F,Enrolled Nurse,Karaga District communities,Karaga District communities,signed
293,Sulemana Wumbei,F,Disease Control Officer,Karaga District communities,Karaga District communities,signed
294,Issah Dauda,F,Enrolled Nurse,Karaga District communities,Karaga District communities,signed
295,Fuseini Issahaku,F,Midwife,Karaga District communities,Karaga District communities,signed
296,Abdul Alhassan,F,Enrolled Nurse,Karaga District communities,Karaga District communities,signed
297,Hawa Dauda,F,Disease Control Officer,Karaga District communities,Karaga District communities,signed
298,Hawa Mahama,F,Medical Assistant,Karaga District communities,Karaga District communities,signed
299,Hawa Mahama,F,Disease Control Officer,Karaga District communities,Karaga District communities,signed
300,Mohammed Mahama,F,Enrolled Nurse,Karaga District communities,Karaga District communities,signed
301,Memunatu Iddrisu,F,Medical Assistant,Karaga District communities,Karaga District communities,signed
302,Zuweira Mahama,F,Community Health Officer,Karaga District communities,Karaga District communities,signed
303,Alhassan Dauda,F,Disease Control Officer,Karaga District communities,Karaga District communities,signed
304,Abdul Iddrisu,F,Midwife,Karaga District communities,Karaga District communities,signed
305,Abdul Wumbei,F,Enrolled Nurse,Karaga District communities,Karaga District communities,signed
306,Sanatu Napari,F,Enrolled Nurse,Karaga District communities,Karaga District communities,signed
307,Yakubu Napari,F,Medical Assistant,Karaga District communities,Karaga District communities,signed
308,Rahinatu Abdulai,F,Midwife,Karaga District communities,Karaga District communities,signed
309,Iddrisu Issahaku,F,Community Health Officer,Karaga District communities,Karaga District communities,signed
310,Fuseini Alhassan,F,Community Health Officer,Karaga District communities,Karaga District communities,signed
311,Adiza Fuseini,F,Medical Assistant,Karaga District communities,Karaga District communities,signed
312,Iddrisu Dauda,F,Disease Control Officer,Karaga District communities,Karaga District communities,signed
313,Rahinatu Napari,F,Medical Assistant,Karaga District communities,Karaga District communities,signed
314,Sulemana Mahama,F,Medical Assistant,Karaga District communities,Karaga District communities,signed
315,Baba Alhassan,F,Disease Control Officer,Karaga District communities,Karaga District communities,signed
316,Mohammed Issahaku,F,Disease Control Officer,Karaga District communities,Karaga District communities,signed
317,Baba Alhassan,F,Medical Assistant,Karaga District communities,Karaga District communities,signed
318,Issah Wumbei,F,Midwife,Karaga District communities,Karaga District communities,signed
319,Zuweira Alhassan,F,Medical Assistant,Karaga District communities,Karaga District communities,signed
320,Zuweira Tia,F,Community Health Officer,Karaga District communities,Karaga District communities,signed
321,Baba Issahaku,F,Medical Assistant,Karaga District communities,Karaga District communities,signed
322,Rahinatu Iddrisu,F,Midwife,Karaga District communities,Karaga District communities,signed
323,Iddrisu Alhassan,F,Enrolled Nurse,Karaga District communities,Karaga District communities,signed
324,Hawa Wumbei,F,Midwife,Karaga District communities,Karaga District communities,signed
325,Salamatu Seidu,F,Disease Control Officer,Karaga District communities,Karaga District communities,signed
326,Fati Abdulai,F,Medical Assistant,Karaga District communities,Karaga District communities,signed
327,Sanatu Abdulai,F,Disease Control Officer,Karaga District communities,Karaga District communities,signed
328,Mariam Abdulai,F,Medical Assistant,Karaga District communities,Karaga District communities,signed
329,Yakubu Seidu,F,Enrolled Nurse,Karaga District communities,Karaga District communities,signed
330,Hawa Abdulai,F,Enrolled Nurse,Karaga District communities,Karaga District communities,signed
331,Sanatu Tia,F,Community Health Officer,Karaga District communities,Karaga District communities,signed
332,Fuseini Tia,F,Enrolled Nurse,Karaga District communities,Karaga District communities,signed
333,Memunatu Wumbei,F,Medical Assistant,Karaga District communities,Karaga District communities,signed
334,Yakubu Dauda,F,Medical Assistant,Karaga District communities,Karaga District communities,signed
335,Hawa Seidu,F,Disease Control Officer,Karaga District communities,Karaga District communities,signed
336,Memunatu Issahaku,F,Community Health Officer,Karaga District communities,Karaga District communities,signed
337,Rahinatu Abdulai,F,Medical Assistant,Karaga District communities,Karaga District communities,signed
338,Iddrisu Issahaku,F,Medical Assistant,Karaga District communities,Karaga District communities,signed
339,Sanatu Yakubu,F,Disease Control Officer,Karaga District communities,Karaga District communities,signed
340,Issah Alhassan,F,Midwife,Karaga District communities,Karaga District communities,signed
341,Mohammed Abdulai,F,Enrolled Nurse,Karaga District communities,Karaga District communities,signed
342,Abu Alhassan,F,Enrolled Nurse,Karaga District communities,Karaga District communities,signed
343,Abdul Yakubu,F,Enrolled Nurse,Karaga District communities,Karaga District communities,signed
344,Zuweira Napari,F,Enrolled Nurse,Karaga District communities,Karaga District communities,signed
345,Adiza Fuseini,F,Enrolled Nurse,Karaga District communities,Karaga District communities,signed
346,Iddrisu Yakubu,F,Community Health Officer,Karaga District communities,Karaga District communities,signed
347,Adiza Mahama,F,Enrolled Nurse,Karaga District communities,Karaga District communities,signed
348,Mariam Alhassan,F,Disease Control Officer,Karaga District communities,Karaga District communities,signed
349,Memunatu Alhassan,F,Community Health Officer,Karaga District communities,Karaga District communities,signed
350,Hawa Iddrisu,F,Community Health Officer,Karaga District communities,Karaga District communities,signed
351,Fati Seidu,F,Community Health Officer,Karaga District communities,Karaga District communities,signed
352,Alhassan Mahama,F,Enrolled Nurse,Karaga District communities,Karaga District communities,signed
353,Mariam Iddrisu,F,Midwife,Karaga District communities,Karaga District communities,signed
354,Alhassan Seidu,F,Enrolled Nurse,Karaga District communities,Karaga District communities,signed
355,Alhassan Yakubu,F,Disease Control Officer,Karaga District communities,Karaga District communities,signed
356,Issah Alhassan,F,Community Health Officer,Karaga District communities,Karaga District communities,signed
357,Hawa Napari,F,Community Health Officer,Karaga District communities,Karaga District communities,signed
358,Memunatu Mahama,F,Community Health Officer,Karaga District communities,Karaga District communities,signed
359,Fuseini Mahama,F,Community Health Officer,Karaga District communities,Karaga District communities,signed
360,Salamatu Dauda,F,Enrolled Nurse,Karaga District communities,Karaga District communities,signed
361,Salamatu Yakubu,F,Enrolled Nurse,Karaga District communities,Karaga District communities,signed
362,Iddrisu Abdulai,F,Medical Assistant,Karaga District communities,Karaga District communities,signed
363,Mohammed Issahaku,F,Disease Control Officer,Karaga District communities,Karaga District communities,signed
364,Abu Issahaku,F,Medical Assistant,Karaga District communities,Karaga District communities,signed
365,Abdul Alhassan,F,Community Health Officer,Karaga District communities,Karaga District communities,signed
366,Baba Yakubu,F,Community Health Officer,Karaga District communities,Karaga District communities,signed
367,Zuweira Seidu,F,Disease Control Officer,Karaga District communities,Karaga District communities,signed
368,Mohammed Tia,F,Midwife,Karaga District communities,Karaga District communities,signed
369,Fuseini Fuseini,F,Enrolled Nurse,Karaga District communities,Karaga District communities,signed
370,Memunatu Wumbei,F,Community Health Officer,Karaga District communities,Karaga District communities,signed
371,Ayishetu Iddrisu,F,Disease Control Officer,Karaga District communities,Karaga District communities,signed
372,Hawa Mahama,F,Medical Assistant,Karaga District communities,Karaga District communities,signed
373,Hawa Alhassan,F,Midwife,Karaga District communities,Karaga District communities,signed
374,Fati Wumbei,F,Enrolled Nurse,Karaga District communities,Karaga District communities,signed
375,Issah Mahama,F,Disease Control Officer,Karaga District communities,Karaga District communities,signed
376,Fuseini Alhassan,F,Midwife,Karaga District communities,Karaga District communities,signed
377,Fuseini Seidu,F,Community Health Officer,Karaga District communities,Karaga District communities,signed
378,Fati Iddrisu,F,Community Health Officer,Karaga District communities,Karaga District communities,signed
379,Zuweira Alhassan,F,Medical Assistant,Karaga District communities,Karaga District communities,signed
380,Ayishetu Tia,F,Medical Assistant,Karaga District communities,Karaga District communities,signed
381,Ayishetu Issahaku,F,Medical Assistant,Karaga District communities,Karaga District communities,signed
382,Sanatu Mahama,F,Disease Control Officer,Karaga District communities,Karaga District communities,signed
383,Abdul Seidu,F,Enrolled Nurse,Karaga District communities,Karaga District communities,signed
384,Mariam Mahama,F,Midwife,Karaga District communities,Karaga District communities,signed
385,Salamatu Fuseini,F,Enrolled Nurse,Karaga District communities,Karaga District communities,signed
386,Adiza Dauda,F,Enrolled Nurse,Karaga District communities,Karaga District communities,signed
387,Baba Seidu,F,Community Health Officer,Karaga District communities,Karaga District communities,signed
388,Sanatu Fuseini,F,Community Health Officer,Karaga District communities,Karaga District communities,signed
389,Ayishetu Iddrisu,F,Midwife,Karaga District communities,Karaga District communities,signed
390,Yakubu Tia,F,Community Health Officer,Karaga District communities,Karaga District communities,signed
391,Hawa Wumbei,F,Community Health Officer,Karaga District communities,Karaga District communities,signed
392,Mohammed Issahaku,F,Enrolled Nurse,Karaga District communities,Karaga District communities,signed
393,Abdul Seidu,F,Disease Control Officer,Karaga District communities,Karaga District communities,signed
394,Sulemana Dauda,F,Community Health Officer,Karaga District communities,Karaga District communities,signed
395,Abu Mahama,F,Medical Assistant,Karaga District communities,Karaga District communities,signed
396,Adiza Wumbei,F,Enrolled Nurse,Karaga District communities,Karaga District communities,signed
397,Abu Abdulai,F,Disease Control Officer,Karaga District communities,Karaga District communities,signed
398,Fuseini Napari,F,Enrolled Nurse,Karaga District communities,Karaga District communities,signed
399,Memunatu Issahaku,F,Midwife,Karaga District communities,Karaga District communities,signed
400,Sanatu Mahama,F,Midwife,Karaga District communities,Karaga District communities,signed
401,Yakubu Seidu,F,Disease Control Officer,Karaga District communities,Karaga District communities,signed
402,Abu Tia,F,Medical Assistant,Karaga District communities,Karaga District communities,signed
403,Yakubu Seidu,F,Medical Assistant,Karaga District communities,Karaga District communities,signed
404,Issah Abdulai,F,Disease Control Officer,Karaga District communities,Karaga District communities,signed
405,Sanatu Abdulai,F,Medical Assistant,Karaga District communities,Karaga District communities,signed
406,Adiza Dauda,F,Enrolled Nurse,Karaga District communities,Karaga District communities,signed
407,Alhassan Iddrisu,F,Medical Assistant,Karaga District communities,Karaga District communities,signed
408,Hawa Tia,F,Midwife,Karaga District communities,Karaga District communities,signed
409,Iddrisu Seidu,F,Enrolled Nurse,Karaga District communities,Karaga District communities,signed
410,Iddrisu Wumbei,F,Midwife,Karaga District communities,Karaga District communities,signed
411,Fati Alhassan,F,Enrolled Nurse,Karaga District communities,Karaga District communities,signed
412,Hawa Abdulai,F,Disease Control Officer,Karaga District communities,Karaga District communities,signed
413,Adiza Mahama,F,Disease Control Officer,Karaga District communities,Karaga District communities,signed
414,Zuweira Abdulai,F,Disease Control Officer,Karaga District communities,Karaga District communities,signed
415,Issah Seidu,F,Enrolled Nurse,Karaga District communities,Karaga District communities,signed
416,Mariam Wumbei,F,Midwife,Karaga District communities,Karaga District communities,signed
417,Alhassan Alhassan,F,Midwife,Karaga District communities,Karaga District communities,signed
418,Abdul Abdulai,F,Community Health Officer,Karaga District communities,Karaga District communities,signed
419,Hawa Fuseini,F,Community Health Officer,Karaga District communities,Karaga District communities,signed
420,Yakubu Mahama,F,Midwife,Karaga District communities,Karaga District communities,signed
421,Fuseini Yakubu,F,Midwife,Karaga District communities,Karaga District communities,signed
422,Rahinatu Abdulai,F,Medical Assistant,Karaga District communities,Karaga District communities,signed
423,Adiza Napari,F,Midwife,Karaga District communities,Karaga District communities,signed
424,Salamatu Issahaku,F,Disease Control Officer,Karaga District communities,Karaga District communities,signed
425,Yakubu Iddrisu,F,Medical Assistant,Karaga District communities,Karaga District communities,signed
426,Salamatu Alhassan,F,Medical Assistant,Karaga District communities,Karaga District communities,signed
427,Adiza Mahama,F,Disease Control Officer,Karaga District communities,Karaga District communities,signed
428,Sulemana Mahama,F,Midwife,Karaga District communities,Karaga District communities,signed
429,Fuseini Napari,F,Community Health Officer,Karaga District communities,Karaga District communities,signed
430,Hawa Abdulai,F,Midwife,Karaga District communities,Karaga District communities,signed
431,Fati Iddrisu,F,Midwife,Karaga District communities,Karaga District communities,signed
432,Baba Fuseini,F,Community Health Officer,Karaga District communities,Karaga District communities,signed
433,Adiza Abdulai,F,Enrolled Nurse,Karaga District communities,Karaga District communities,signed
434,Hawa Issahaku,F,Medical Assistant,Karaga District communities,Karaga District communities,signed
435,Zuweira Napari,F,Enrolled Nurse,Karaga District communities,Karaga District communities,signed
436,Iddrisu Wumbei,F,Community Health Officer,Karaga District communities,Karaga District communities,signed
437,Abdul Alhassan,F,Midwife,Karaga District communities,Karaga District communities,signed
438,Ayishetu Alhassan,F,Community Health Officer,Karaga District communities,Karaga District communities,signed
439,Hawa Wumbei,F,Enrolled Nurse,Karaga District communities,Karaga District communities,signed
440,Iddrisu Dauda,F,Medical Assistant,Karaga District communities,Karaga District communities,signed
441,Zuweira Napari,F,Enrolled Nurse,Karaga District communities,Karaga District communities,signed
442,Zuweira Yakubu,F,Community Health Officer,Karaga District communities,Karaga District communities,signed
443,Iddrisu Iddrisu,F,Medical Assistant,Karaga District communities,Karaga District communities,signed
444,Fuseini Abdulai,F,Midwife,Karaga District communities,Karaga District communities,signed
445,Alhassan Mahama,F,Midwife,Karaga District communities,Karaga District communities,signed
446,Sanatu Iddrisu,F,Enrolled Nurse,Karaga District communities,Karaga District communities,signed
447,Rahinatu Tia,F,Disease Control Officer,Karaga District communities,Karaga District communities,signed
448,Adiza Abdulai,F,Midwife,Karaga District communities,Karaga District communities,signed
449,Memunatu Fuseini,F,Midwife,Karaga District communities,Karaga District communities,signed
450,Iddrisu Abdulai,F,Medical Assistant,Karaga District communities,Karaga District communities,signed
451,Mariam Yakubu,F,Midwife,Karaga District communities,Karaga District communities,signed
452,Memunatu Fuseini,F,Midwife,Karaga District communities,Karaga District communities,signed
453,Salamatu Wumbei,F,Enrolled Nurse,Karaga District communities,Karaga District communities,signed
454,Mariam Wumbei,F,Midwife,Karaga District communities,Karaga District communities,signed
455,Adiza Fuseini,F,Midwife,Karaga District communities,Karaga District communities,signed
456,Fati Mahama,F,Midwife,Karaga District communities,Karaga District communities,signed
457,Hawa Mahama,F,Community Health Officer,Karaga District communities,Karaga District communities,signed
458,Sulemana Yakubu,F,Enrolled Nurse,Karaga District communities,Karaga District communities,signed
459,Fati Seidu,F,Disease Control Officer,Karaga District communities,Karaga District communities,signed
460,Zuweira Iddrisu,F,Community Health Officer,Karaga District communities,Karaga District communities,signed
461,Iddrisu Tia,F,Medical Assistant,Karaga District communities,Karaga District communities,signed
462,Memunatu Wumbei,F,Community Health Officer,Karaga District communities,Karaga District communities,signed
463,Adiza Alhassan,F,Enrolled Nurse,Karaga District communities,Karaga District communities,signed
464,Abu Abdulai,F,Community Health Officer,Karaga District communities,Karaga District communities,signed
465,Issah Iddrisu,F,Disease Control Officer,Karaga District communities,Karaga District communities,signed
466,Zuweira Napari,F,Midwife,Karaga District communities,Karaga District communities,signed
467,Rahinatu Wumbei,F,Midwife,Karaga District communities,Karaga District communities,signed
468,Fati Seidu,F,Disease Control Officer,Karaga District communities,Karaga District communities,signed
469,Memunatu Wumbei,F,Disease Control Officer,Karaga District communities,Karaga District communities,signed
470,Ayishetu Tia,F,Community Health Officer,Karaga District communities,Karaga District communities,signed
471,Alhassan Fuseini,F,Disease Control Officer,Karaga District communities,Karaga District communities,signed
472,Ayishetu Seidu,F,Medical Assistant,Karaga District communities,Karaga District communities,signed
473,Yakubu Tia,F,Medical Assistant,Karaga District communities,Karaga District communities,signed
474,Issah Alhassan,F,Disease Control Officer,Karaga District communities,Karaga District communities,signed
475,Mariam Fuseini,F,Disease Control Officer,Karaga District communities,Karaga District communities,signed
476,Sanatu Fuseini,F,Community Health Officer,Karaga District communities,Karaga District communities,signed
477,Zuweira Wumbei,F,Midwife,Karaga District communities,Karaga District communities,signed
478,Issah Dauda,F,Medical Assistant,Karaga District communities,Karaga District communities,signed
479,Salamatu Yakubu,F,Midwife,Karaga District communities,Karaga District communities,signed
480,Fuseini Dauda,F,Community Health Officer,Karaga District communities,Karaga District communities,signed
481,Sulemana Wumbei,F,Community Health Officer,Karaga District communities,Karaga District communities,signed
482,Sulemana Napari,F,Enrolled Nurse,Karaga District communities,Karaga District communities,signed
483,Ayishetu Alhassan,F,Medical Assistant,Karaga District communities,Karaga District communities,signed
484,Mohammed Dauda,F,Midwife,Karaga District communities,Karaga District communities,signed
485,Ayishetu Yakubu,F,Community Health Officer,Karaga District communities,Karaga District communities,signed
486,Alhassan Yakubu,F,Community Health Officer,Karaga District communities,Karaga District communities,signed
487,Ayishetu Napari,F,Community Health Officer,Karaga District communities,Karaga District communities,signed
488,Yakubu Issahaku,F,Medical Assistant,Karaga District communities,Karaga District communities,signed
489,Abu Wumbei,F,Midwife,Karaga District communities,Karaga District communities,signed
490,Mohammed Tia,F,Community Health Officer,Karaga District communities,Karaga District communities,signed
491,Issah Yakubu,F,Enrolled Nurse,Karaga District communities,Karaga District communities,signed
492,Fati Yakubu,F,Midwife,Karaga District communities,Karaga District communities,signed
493,Hawa Fuseini,F,Enrolled Nurse,Karaga District communities,Karaga District communities,signed
494,Issah Wumbei,F,Community Health Officer,Karaga District communities,Karaga District communities,signed
495,Mohammed Issahaku,F,Medical Assistant,Karaga District communities,Karaga District communities,signed
496,Fuseini Mahama,F,Midwife,Karaga District communities,Karaga District communities,signed
497,Memunatu Mahama,F,Community Health Officer,Karaga District communities,Karaga District communities,signed
498,Hawa Wumbei,F,Enrolled Nurse,Karaga District communities,Karaga District communities,signed
499,Fati Yakubu,F,Midwife,Karaga District communities,Karaga District communities,signed
500,Memunatu Napari,F,Midwife,Karaga District communities,Karaga District communities,signed
501,Memunatu Wumbei,F,Midwife,Karaga District communities,Karaga District communities,signed
502,Issah Fuseini,F,Disease Control Officer,Karaga District communities,Karaga District communities,signed
503,Issah Abdulai,F,Medical Assistant,Karaga District communities,Karaga District communities,signed
504,Sanatu Wumbei,F,Disease Control Officer,Karaga District communities,Karaga District communities,signed
505,Memunatu Alhassan,F,Disease Control Officer,Karaga District communities,Karaga District communities,signed
506,Fati Fuseini,F,Enrolled Nurse,Karaga District communities,Karaga District communities,signed
507,Yakubu Abdulai,F,Medical Assistant,Karaga District communities,Karaga District communities,signed
508,Salamatu Iddrisu,F,Midwife,Karaga District communities,Karaga District communities,signed
509,Zuweira Tia,F,Enrolled Nurse,Karaga District communities,Karaga District communities,signed
510,Abdul Mahama,F,Disease Control Officer,Karaga District communities,Karaga District communities,signed
511,Adiza Fuseini,F,Midwife,Karaga District communities,Karaga District communities,signed
512,Adiza Alhassan,F,Community Health Officer,Karaga District communities,Karaga District communities,signed
513,Fati Wumbei,F,Midwife,Karaga District communities,Karaga District communities,signed
514,Fuseini Abdulai,F,Disease Control Officer,Karaga District communities,Karaga District communities,signed
515,Ayishetu Yakubu,F,Enrolled Nurse,Karaga District communities,Karaga District communities,signed
516,Ayishetu Wumbei,F,Medical Assistant,Karaga District communities,Karaga District communities,signed
517,Adiza Napari,F,Community Health Officer,Karaga District communities,Karaga District communities,signed
518,Issah Mahama,F,Disease Control Officer,Karaga District communities,Karaga District communities,signed
519,Salamatu Issahaku,F,Midwife,Karaga District communities,Karaga District communities,signed
520,Hawa Dauda,F,Midwife,Karaga District communities,Karaga District communities,signed
521,Yakubu Iddrisu,F,Medical Assistant,Karaga District communities,Karaga District communities,signed
522,Mariam Fuseini,F,Community Health Officer,Karaga District communities,Karaga District communities,signed
523,Salamatu Abdulai,F,Enrolled Nurse,Karaga District communities,Karaga District communities,signed
524,Adiza Mahama,F,Disease Control Officer,Karaga District communities,Karaga District communities,signed
525,Alhassan Fuseini,F,Medical Assistant,Karaga District communities,Karaga District communities,signed
526,Abdul Issahaku,F,Midwife,Karaga District communities,Karaga District communities,signed
527,Mariam Seidu,F,Community Health Officer,Karaga District communities,Karaga District communities,signed
528,Abu Dauda,F,Midwife,Karaga District communities,Karaga District communities,signed
529,Hawa Napari,F,Enrolled Nurse,Karaga District communities,Karaga District communities,signed
530,Adiza Abdulai,F,Medical Assistant,Karaga District communities,Karaga District communities,signed
531,Memunatu Yakubu,F,Enrolled Nurse,Karaga District communities,Karaga District communities,signed
532,Mariam Tia,F,Medical Assistant,Karaga District communities,Karaga District communities,signed
533,Issah Mahama,F,Medical Assistant,Karaga District communities,Karaga District communities,signed
534,Issah Abdulai,F,Midwife,Karaga District communities,Karaga District communities,signed
535,Fuseini Iddrisu,F,Medical Assistant,Karaga District communities,Karaga District communities,signed
536,Salamatu Napari,F,Enrolled Nurse,Karaga District communities,Karaga District communities,signed
537,Memunatu Mahama,F,Enrolled Nurse,Karaga District communities,Karaga District communities,signed
538,Zuweira Issahaku,F,Community Health Officer,Karaga District communities,Karaga District communities,signed
539,Ayishetu Mahama,F,Community Health Officer,Karaga District communities,Karaga District communities,signed
540,Abdul Yakubu,F,Disease Control Officer,Karaga District communities,Karaga District communities,signed
541,Hawa Fuseini,F,Disease Control Officer,Karaga District communities,Karaga District communities,signed
542,Rahinatu Wumbei,F,Enrolled Nurse,Karaga District communities,Karaga District communities,signed
543,Baba Iddrisu,F,Disease Control Officer,Karaga District communities,Karaga District communities,signed
544,Memunatu Yakubu,F,Community Health Officer,Karaga District communities,Karaga District communities,signed
545,Yakubu Seidu,F,Enrolled Nurse,Karaga District communities,Karaga District communities,signed
546,Abdul Wumbei,F,Enrolled Nurse,Karaga District communities,Karaga District communities,signed
547,Ayishetu Iddrisu,F,Medical Assistant,Karaga District communities,Karaga District communities,signed
548,Zuweira Dauda,F,Midwife,Karaga District communities,Karaga District communities,signed
549,Ayishetu Wumbei,F,Community Health Officer,Karaga District communities,Karaga District communities,signed
550,Mariam Issahaku,F,Enrolled Nurse,Karaga District communities,Karaga District communities,signed
551,Fati Fuseini,F,Disease Control Officer,Karaga District communities,Karaga District communities,signed
552,Rahinatu Abdulai,F,Community Health Officer,Karaga District communities,Karaga District communities,signed
553,Mariam Abdulai,F,Medical Assistant,Karaga District communities,Karaga District communities,signed
554,Abdul Wumbei,F,Enrolled Nurse,Karaga District communities,Karaga District communities,signed
555,Yakubu Issahaku,F,Medical Assistant,Karaga District communities,Karaga District communities,signed
556,Adiza Iddrisu,F,Midwife,Karaga District communities,Karaga District communities,signed
557,Sulemana Wumbei,F,Enrolled Nurse,Karaga District communities,Karaga District communities,signed
558,Iddrisu Yakubu,F,Enrolled Nurse,Karaga District communities,Karaga District communities,signed
559,Issah Alhassan,F,Enrolled Nurse,Karaga District communities,Karaga District communities,signed
560,Abdul Tia,F,Medical Assistant,Karaga District communities,Karaga District communities,signed
561,Alhassan Fuseini,F,Midwife,Karaga District communities,Karaga District communities,signed
562,Sulemana Issahaku,F,Midwife,Karaga District communities,Karaga District communities,signed
563,Fati Fuseini,F,Midwife,Karaga District communities,Karaga District communities,signed
564,Abu Tia,F,Community Health Officer,Karaga District communities,Karaga District communities,signed
565,Adiza Iddrisu,F,Medical Assistant,Karaga District communities,Karaga District communities,signed
566,Fati Napari,F,Disease Control Officer,Karaga District communities,Karaga District communities,signed
567,Abdul Issahaku,F,Enrolled Nurse,Karaga District communities,Karaga District communities,signed
568,Mohammed Dauda,F,Enrolled Nurse,Karaga District communities,Karaga District communities,signed
569,Sanatu Dauda,F,Community Health Officer,Karaga District communities,Karaga District communities,signed
570,Adiza Fuseini,F,Medical Assistant,Karaga District communities,Karaga District communities,signed
571,Abdul Yakubu,F,Disease Control Officer,Karaga District communities,Karaga District communities,signed
572,Issah Abdulai,F,Enrolled Nurse,Karaga District communities,Karaga District communities,signed
573,Mariam Issahaku,F,Medical Assistant,Karaga District communities,Karaga District communities,signed
574,Memunatu Tia,F,Enrolled Nurse,Karaga District communities,Karaga District communities,signed
575,Sanatu Tia,F,Midwife,Karaga District communities,Karaga District communities,signed
576,Alhassan Iddrisu,F,Disease Control Officer,Karaga District communities,Karaga District communities,signed
577,Sulemana Dauda,F,Midwife,Karaga District communities,Karaga District communities,signed
578,Fati Fuseini,F,Community Health Officer,Karaga District communities,Karaga District communities,signed
579,Abdul Mahama,F,Midwife,Karaga District communities,Karaga District communities,signed
580,Mohammed Wumbei,F,Medical Assistant,Karaga District communities,Karaga District communities,signed
581,Rahinatu Iddrisu,F,Medical Assistant,Karaga District communities,Karaga District communities,signed
582,Rahinatu Issahaku,F,Midwife,Karaga District communities,Karaga District communities,signed
583,Sulemana Tia,F,Enrolled Nurse,Karaga District communities,Karaga District communities,signed
584,Memunatu Dauda,F,Community Health Officer,Karaga District communities,Karaga District communities,signed
585,Hawa Iddrisu,F,Medical Assistant,Karaga District communities,Karaga District communities,signed
586,Issah Iddrisu,F,Medical Assistant,Karaga District communities,Karaga District communities,signed
587,Mohammed Tia,F,Community Health Officer,Karaga District communities,Karaga District communities,signed
588,Memunatu Yakubu,F,Disease Control Officer,Karaga District communities,Karaga District communities,signed
589,Fati Napari,F,Medical Assistant,Karaga District communities,Karaga District communities,signed
590,Yakubu Iddrisu,F,Disease Control Officer,Karaga District communities,Karaga District communities,signed
591,Salamatu Mahama,F,Community Health Officer,Karaga District communities,Karaga District communities,signed
592,Salamatu Yakubu,F,Community Health Officer,Karaga District communities,Karaga District communities,signed
593,Abdul Alhassan,F,Enrolled Nurse,Karaga District communities,Karaga District communities,signed
594,Baba Iddrisu,F,Medical Assistant,Karaga District communities,Karaga District communities,signed
595,Hawa Alhassan,F,Enrolled Nurse,Karaga District communities,Karaga District communities,signed
596,Fuseini Dauda,F,Disease Control Officer,Karaga District communities,Karaga District communities,signed
597,Memunatu Fuseini,F,Community Health Officer,Karaga District communities,Karaga District communities,signed
598,Sanatu Alhassan,F,Disease Control Officer,Karaga District communities,Karaga District communities,signed
599,Fati Tia,F,Enrolled Nurse,Karaga District communities,Karaga District communities,signed
600,Fati Seidu,F,Midwife,Karaga District communities,Karaga District communities,signed
601,Adiza Iddrisu,F,Medical Assistant,Karaga District communities,Karaga District communities,signed
602,Memunatu Alhassan,F,Midwife,Karaga District communities,Karaga District communities,signed
603,Abu Napari,F,Medical Assistant,Karaga District communities,Karaga District communities,signed
604,Mohammed Seidu,F,Medical Assistant,Karaga District communities,Karaga District communities,signed
605,Abdul Dauda,F,Midwife,Karaga District communities,Karaga District communities,signed
606,Mariam Mahama,F,Disease Control Officer,Karaga District communities,Karaga District communities,signed
607,Sanatu Seidu,F,Midwife,Karaga District communities,Karaga District communities,signed
608,Mohammed Tia,F,Disease Control Officer,Karaga District communities,Karaga District communities,signed
609,Iddrisu Issahaku,F,Medical Assistant,Karaga District communities,Karaga District communities,signed
610,Alhassan Wumbei,F,Community Health Officer,Karaga District communities,Karaga District communities,signed
611,Memunatu Issahaku,F,Medical Assistant,Karaga District communities,Karaga District communities,signed
612,Rahinatu Dauda,F,Midwife,Karaga District communities,Karaga District communities,signed
613,Fuseini Issahaku,F,Enrolled Nurse,Karaga District communities,Karaga District communities,signed
614,Baba Alhassan,F,Medical Assistant,Karaga District communities,Karaga District communities,signed
615,Fati Seidu,F,Midwife,Karaga District communities,Karaga District communities,signed
616,Iddrisu Alhassan,F,Enrolled Nurse,Karaga District communities,Karaga District communities,signed
617,Rahinatu Alhassan,F,Community Health Officer,Karaga District communities,Karaga District communities,signed
618,Rahinatu Iddrisu,F,Enrolled Nurse,Karaga District communities,Karaga District communities,signed
619,Abu Yakubu,F,Community Health Officer,Karaga District communities,Karaga District communities,signed
620,Abu Issahaku,F,Medical Assistant,Karaga District communities,Karaga District communities,signed
621,Abdul Abdulai,F,Disease Control Officer,Karaga District communities,Karaga District communities,signed
622,Memunatu Abdulai,F,Community Health Officer,Karaga District communities,Karaga District communities,signed
623,Issah Yakubu,F,Disease Control Officer,Karaga District communities,Karaga District communities,signed
624,Adiza Alhassan,F,Community Health Officer,Karaga District communities,Karaga District communities,signed
625,Mohammed Dauda,F,Enrolled Nurse,Karaga District communities,Karaga District communities,signed
626,Abu Issahaku,F,Disease Control Officer,Karaga District communities,Karaga District communities,signed
627,Ayishetu Fuseini,F,Disease Control Officer,Karaga District communities,Karaga District communities,signed
628,Mohammed Tia,F,Disease Control Officer,Karaga District communities,Karaga District communities,signed
629,Zuweira Wumbei,F,Medical Assistant,Karaga District communities,Karaga District communities,signed
630,Yakubu Mahama,F,Community Health Officer,Karaga District communities,Karaga District communities,signed
631,Abu Mahama,F,Disease Control Officer,Karaga District communities,Karaga District communities,signed
632,Iddrisu Fuseini,F,Disease Control Officer,Karaga District communities,Karaga District communities,signed
633,Fuseini Napari,F,Community Health Officer,Karaga District communities,Karaga District communities,signed
634,Memunatu Iddrisu,F,Medical Assistant,Karaga District communities,Karaga District communities,signed
635,Mariam Issahaku,F,Medical Assistant,Karaga District communities,Karaga District communities,signed
636,Fati Alhassan,F,Medical Assistant,Karaga District communities,Karaga District communities,signed
637,Abdul Mahama,F,Enrolled Nurse,Karaga District communities,Karaga District communities,signed
638,Sanatu Wumbei,F,Midwife,Karaga District communities,Karaga District communities,signed
639,Adiza Issahaku,F,Enrolled Nurse,Karaga District communities,Karaga District communities,signed
640,Mohammed Napari,F,Enrolled Nurse,Karaga District communities,Karaga District communities,signed
641,Zuweira Iddrisu,F,Midwife,Karaga District communities,Karaga District communities,signed
642,Yakubu Alhassan,F,Enrolled Nurse,Karaga District communities,Karaga District communities,signed
643,Ayishetu Seidu,F,Community Health Officer,Karaga District communities,Karaga District communities,signed
644,Ayishetu Tia,F,Enrolled Nurse,Karaga District communities,Karaga District communities,signed
645,Abdul Wumbei,F,Midwife,Karaga District communities,Karaga District communities,signed
646,Iddrisu Issahaku,F,Midwife,Karaga District communities,Karaga District communities,signed
647,Adiza Issahaku,F,Midwife,Karaga District communities,Karaga District communities,signed
648,Baba Abdulai,F,Medical Assistant,Karaga District communities,Karaga District communities,signed
649,Fuseini Issahaku,F,Midwife,Karaga District communities,Karaga District communities,signed
650,Baba Napari,F,Community Health Officer,Karaga District communities,Karaga District communities,signed
651,Rahinatu Alhassan,F,Midwife,Karaga District communities,Karaga District communities,signed
652,Abdul Seidu,F,Disease Control Officer,Karaga District communities,Karaga District communities,signed
653,Abdul Napari,F,Midwife,Karaga District communities,Karaga District communities,signed
654,Sanatu Fuseini,F,Midwife,Karaga District communities,Karaga District communities,signed
655,Issah Fuseini,F,Medical Assistant,Karaga District communities,Karaga District communities,signed
656,Alhassan Alhassan,F,Medical Assistant,Karaga District communities,Karaga District communities,signed
657,Issah Alhassan,F,Medical Assistant,Karaga District communities,Karaga District communities,signed
658,Adiza Tia,F,Community Health Officer,Karaga District communities,Karaga District communities,signed
659,Abdul Yakubu,F,Disease Control Officer,Karaga District communities,Karaga District communities,signed
660,Abdul Napari,F,Disease Control Officer,Karaga District communities,Karaga District communities,signed
661,Iddrisu Alhassan,F,Medical Assistant,Karaga District communities,Karaga District communities,signed
662,Baba Fuseini,F,Medical Assistant,Karaga District communities,Karaga District communities,signed
663,Baba Dauda,F,Enrolled Nurse,Karaga District communities,Karaga District communities,signed
664,Ayishetu Tia,F,Midwife,Karaga District communities,Karaga District communities,signed
665,Salamatu Mahama,F,Midwife,Karaga District communities,Karaga District communities,signed
666,Adiza Iddrisu,F,Midwife,Karaga District communities,Karaga District communities,signed
667,Mariam Abdulai,F,Midwife,Karaga District communities,Karaga District communities,signed
668,Salamatu Wumbei,F,Community Health Officer,Karaga District communities,Karaga District communities,signed
669,Zuweira Napari,F,Community Health Officer,Karaga District communities,Karaga District communities,signed
670,Mohammed Abdulai,F,Medical Assistant,Karaga District communities,Karaga District communities,signed
671,Hawa Issahaku,F,Disease Control Officer,Karaga District communities,Karaga District communities,signed
672,Memunatu Iddrisu,F,Community Health Officer,Karaga District communities,Karaga District communities,signed
673,Issah Tia,F,Enrolled Nurse,Karaga District communities,Karaga District communities,signed
674,Ayishetu Abdulai,F,Medical Assistant,Karaga District communities,Karaga District communities,signed
675,Memunatu Fuseini,F,Disease Control Officer,Karaga District communities,Karaga District communities,signed
676,Sanatu Alhassan,F,Medical Assistant,Karaga District communities,Karaga District communities,signed
677,Salamatu Abdulai,F,Midwife,Karaga District communities,Karaga District communities,signed
678,Yakubu Abdulai,F,Disease Control Officer,Karaga District communities,Karaga District communities,signed
679,Salamatu Issahaku,F,Disease Control Officer,Karaga District communities,Karaga District communities,signed
680,Ayishetu Tia,F,Disease Control Officer,Karaga District communities,Karaga District communities,signed
681,Memunatu Iddrisu,F,Disease Control Officer,Karaga District communities,Karaga District communities,signed
682,Issah Alhassan,F,Enrolled Nurse,Karaga District communities,Karaga District communities,signed
683,Mariam Dauda,F,Community Health Officer,Karaga District communities,Karaga District communities,signed
684,Fuseini Issahaku,F,Community Health Officer,Karaga District communities,Karaga District communities,signed
685,Rahinatu Abdulai,F,Community Health Officer,Karaga District communities,Karaga District communities,signed
686,Issah Fuseini,F,Midwife,Karaga District communities,Karaga District communities,signed
687,Rahinatu Issahaku,F,Disease Control Officer,Karaga District communities,Karaga District communities,signed
688,Abu Wumbei,F,Medical Assistant,Karaga District communities,Karaga District communities,signed
689,Ayishetu Dauda,F,Medical Assistant,Karaga District communities,Karaga District communities,signed
690,Alhassan Abdulai,F,Enrolled Nurse,Karaga District communities,Karaga District communities,signed
691,Hawa Issahaku,F,Enrolled Nurse,Karaga District communities,Karaga District communities,signed
692,Alhassan Abdulai,F,Medical Assistant,Karaga District communities,Karaga District communities,signed
693,Fati Yakubu,F,Midwife,Karaga District communities,Karaga District communities,signed
694,Fati Yakubu,F,Disease Control Officer,Karaga District communities,Karaga District communities,signed
695,Mariam Mahama,F,Community Health Officer,Karaga District communities,Karaga District communities,signed
696,Yakubu Yakubu,F,Enrolled Nurse,Karaga District communities,Karaga District communities,signed
697,Fati Seidu,F,Midwife,Karaga District communities,Karaga District communities,signed
698,Fati Napari,F,Community Health Officer,Karaga District communities,Karaga District communities,signed
699,Hawa Alhassan,F,Community Health Officer,Karaga District communities,Karaga District communities,signed
700,Iddrisu Napari,F,Disease Control Officer,Karaga District communities,Karaga District communities,signed
701,Adiza Tia,F,Community Health Officer,Karaga District communities,Karaga District communities,signed
702,Sanatu Fuseini,F,Medical Assistant,Karaga District communities,Karaga District communities,signed
703,Hawa Seidu,F,Midwife,Karaga District communities,Karaga District communities,signed
704,Zuweira Abdulai,F,Enrolled Nurse,Karaga District communities,Karaga District communities,signed
705,Zuweira Abdulai,F,Midwife,Karaga District communities,Karaga District communities,signed
706,Zuweira Yakubu,F,Enrolled Nurse,Karaga District communities,Karaga District communities,signed
707,Salamatu Abdulai,F,Community Health Officer,Karaga District communities,Karaga District communities,signed
708,Yakubu Seidu,F,Disease Control Officer,Karaga District communities,Karaga District communities,signed
709,Sanatu Abdulai,F,Disease Control Officer,Karaga District communities,Karaga District communities,signed
710,Adiza Seidu,F,Midwife,Karaga District communities,Karaga District communities,signed
711,Issah Iddrisu,F,Enrolled Nurse,Karaga District communities,Karaga District communities,signed
712,Sulemana Napari,F,Disease Control Officer,Karaga District communities,Karaga District communities,signed
713,Fuseini Napari,F,Medical Assistant,Karaga District communities,Karaga District communities,signed
714,Yakubu Abdulai,F,Midwife,Karaga District communities,Karaga District communities,signed
715,Abdul Mahama,F,Midwife,Karaga District communities,Karaga District communities,signed
716,Mohammed Alhassan,F,Disease Control Officer,Karaga District communities,Karaga District communities,signed
717,Rahinatu Abdulai,F,Community Health Officer,Karaga District communities,Karaga District communities,signed
718,Adiza Wumbei,F,Midwife,Karaga District communities,Karaga District communities,signed
719,Mariam Tia,F,Enrolled Nurse,Karaga District communities,Karaga District communities,signed
720,Baba Wumbei,F,Community Health Officer,Karaga District communities,Karaga District communities,signed
721,Rahinatu Seidu,F,Disease Control Officer,Karaga District communities,Karaga District communities,signed
722,Iddrisu Iddrisu,F,Community Health Officer,Karaga District communities,Karaga District communities,signed
723,Abu Wumbei,F,Enrolled Nurse,Karaga District communities,Karaga District communities,signed
724,Ayishetu Iddrisu,F,Midwife,Karaga District communities,Karaga District communities,signed
725,Sanatu Fuseini,F,Disease Control Officer,Karaga District communities,Karaga District communities,signed
726,Hawa Fuseini,F,Enrolled Nurse,Karaga District communities,Karaga District communities,signed
727,Hawa Issahaku,F,Community Health Officer,Karaga District communities,Karaga District communities,signed
728,Zuweira Tia,F,Midwife,Karaga District communities,Karaga District communities,signed
729,Fuseini Seidu,F,Midwife,Karaga District communities,Karaga District communities,signed
730,Fati Mahama,F,Community Health Officer,Karaga District communities,Karaga District communities,signed
731,Sanatu Iddrisu,F,Enrolled Nurse,Karaga District communities,Karaga District communities,signed
732,Adiza Tia,F,Midwife,Karaga District communities,Karaga District communities,signed
733,Issah Abdulai,F,Community Health Officer,Karaga District communities,Karaga District communities,signed
734,Mariam Iddrisu,F,Community Health Officer,Karaga District communities,Karaga District communities,signed
735,Mohammed Alhassan,F,Medical Assistant,Karaga District communities,Karaga District communities,signed
736,Sulemana Dauda,F,Community Health Officer,Karaga District communities,Karaga District communities,signed
737,Adiza Issahaku,F,Community Health Officer,Karaga District communities,Karaga District communities,signed
738,Issah Dauda,F,Medical Assistant,Karaga District communities,Karaga District communities,signed
739,Fuseini Napari,F,Midwife,Karaga District communities,Karaga District communities,signed
740,Fuseini Seidu,F,Community Health Officer,Karaga District communities,Karaga District communities,signed
741,Fati Mahama,F,Community Health Officer,Karaga District communities,Karaga District communities,signed
742,Abdul Fuseini,F,Disease Control Officer,Karaga District communities,Karaga District communities,signed
743,Ayishetu Abdulai,F,Disease Control Officer,Karaga District communities,Karaga District communities,signed
744,Baba Dauda,F,Enrolled Nurse,Karaga District communities,Karaga District communities,signed
745,Mohammed Seidu,F,Enrolled Nurse,Karaga District communities,Karaga District communities,signed
746,Alhassan Wumbei,F,Enrolled Nurse,Karaga District communities,Karaga District communities,signed
747,Adiza Mahama,F,Disease Control Officer,Karaga District communities,Karaga District communities,signed
748,Fati Yakubu,F,Enrolled Nurse,Karaga District communities,Karaga District communities,signed
749,Issah Abdulai,F,Midwife,Karaga District communities,Karaga District communities,signed
750,Hawa Fuseini,F,Disease Control Officer,Karaga District communities,Karaga District communities,signed
751,Abu Napari,F,Disease Control Officer,Karaga District communities,Karaga District communities,signed
752,Mohammed Dauda,F,Community Health Officer,Karaga District communities,Karaga District communities,signed
753,Baba Tia,F,Community Health Officer,Karaga District communities,Karaga District communities,signed
754,Baba Tia,F,Community Health Officer,Karaga District communities,Karaga District communities,signed
755,Zuweira Wumbei,F,Disease Control Officer,Karaga District communities,Karaga District communities,signed
756,Baba Yakubu,F,Midwife,Karaga District communities,Karaga District communities,signed
757,Fati Seidu,F,Midwife,Karaga District communities,Karaga District communities,signed
758,Memunatu Napari,F,Disease Control Officer,Karaga District communities,Karaga District communities,signed
759,Issah Iddrisu,F,Enrolled Nurse,Karaga District communities,Karaga District communities,signed
760,Baba Tia,F,Community Health Officer,Karaga District communities,Karaga District communities,signed
761,Mohammed Seidu,F,Midwife,Karaga District communities,Karaga District communities,signed
762,Abu Fuseini,F,Community Health Officer,Karaga District communities,Karaga District communities,signed
763,Adiza Iddrisu,F,Community Health Officer,Karaga District communities,Karaga District communities,signed
764,Sanatu Issahaku,F,Enrolled Nurse,Karaga District communities,Karaga District communities,signed
765,Hawa Alhassan,F,Community Health Officer,Karaga District communities,Karaga District communities,signed
766,Mariam Abdulai,F,Midwife,Karaga District communities,Karaga District communities,signed
767,Ayishetu Dauda,F,Midwife,Karaga District communities,Karaga District communities,signed
768,Yakubu Tia,F,Medical Assistant,Karaga District communities,Karaga District communities,signed
769,Fati Dauda,F,Midwife,Karaga District communities,Karaga District communities,signed
770,Abu Napari,F,Enrolled Nurse,Karaga District communities,Karaga District communities,signed
771,Alhassan Issahaku,F,Disease Control Officer,Karaga District communities,Karaga District communities,signed
772,Rahinatu Alhassan,F,Enrolled Nurse,Karaga District communities,Karaga District communities,signed
773,Mariam Seidu,F,Community Health Officer,Karaga District communities,Karaga District communities,signed
774,Abdul Abdulai,F,Enrolled Nurse,Karaga District communities,Karaga District communities,signed
775,Zuweira Abdulai,F,Community Health Officer,Karaga District communities,Karaga District communities,signed
776,Alhassan Issahaku,F,Enrolled Nurse,Karaga District communities,Karaga District communities,signed
777,Rahinatu Alhassan,F,Medical Assistant,Karaga District communities,Karaga District communities,signed
778,Memunatu Mahama,F,Midwife,Karaga District communities,Karaga District communities,signed
779,Hawa Iddrisu,F,Midwife,Karaga District communities,Karaga District communities,signed
780,Abu Iddrisu,F,Community Health Officer,Karaga District communities,Karaga District communities,signed
781,Mariam Wumbei,F,Medical Assistant,Karaga District communities,Karaga District communities,signed
782,Ayishetu Yakubu,F,Community Health Officer,Karaga District communities,Karaga District communities,signed
783,Issah Issahaku,F,Midwife,Karaga District communities,Karaga District communities,signed
784,Ayishetu Alhassan,F,Community Health Officer,Karaga District communities,Karaga District communities,signed
785,Ayishetu Fuseini,F,Enrolled Nurse,Karaga District communities,Karaga District communities,signed
786,Abdul Mahama,F,Enrolled Nurse,Karaga District communities,Karaga District communities,signed
787,Memunatu Iddrisu,F,Enrolled Nurse,Karaga District communities,Karaga District communities,signed
788,Iddrisu Seidu,F,Midwife,Karaga District communities,Karaga District communities,signed
789,Iddrisu Fuseini,F,Midwife,Karaga District communities,Karaga District communities,signed
790,Abdul Mahama,F,Community Health Officer,Karaga District communities,Karaga District communities,signed
791,Memunatu Dauda,F,Enrolled Nurse,Karaga District communities,Karaga District communities,signed
792,Adiza Yakubu,F,Community Health Officer,Karaga District communities,Karaga District communities,signed
793,Rahinatu Fuseini,F,Midwife,Karaga District communities,Karaga District communities,signed
794,Issah Issahaku,F,Midwife,Karaga District communities,Karaga District communities,signed
795,Issah Issahaku,F,Medical Assistant,Karaga District communities,Karaga District communities,signed
796,Issah Mahama,F,Enrolled Nurse,Karaga District communities,Karaga District communities,signed
797,Alhassan Yakubu,F,Medical Assistant,Karaga District communities,Karaga District communities,signed
798,Baba Dauda,F,Disease Control Officer,Karaga District communities,Karaga District communities,signed
799,Fuseini Dauda,F,Medical Assistant,Karaga District communities,Karaga District communities,signed
800,Yakubu Abdulai,F,Disease Control Officer,Karaga District communities,Karaga District communities,signed
801,Issah Tia,F,Disease Control Officer,Karaga District communities,Karaga District communities,signed
802,Abu Seidu,F,Medical Assistant,Karaga District communities,Karaga District communities,signed
803,Salamatu Yakubu,F,Medical Assistant,Karaga District communities,Karaga District communities,signed
804,Yakubu Issahaku,F,Midwife,Karaga District communities,Karaga District communities,signed
805,Fuseini Yakubu,F,Midwife,Karaga District communities,Karaga District communities,signed
806,Sulemana Seidu,F,Enrolled Nurse,Karaga District communities,Karaga District communities,signed
807,Iddrisu Issahaku,F,Disease Control Officer,Karaga District communities,Karaga District communities,signed
808,Yakubu Wumbei,F,Medical Assistant,Karaga District communities,Karaga District communities,signed
809,Hawa Napari,F,Disease Control Officer,Karaga District communities,Karaga District communities,signed
810,Yakubu Mahama,F,Enrolled Nurse,Karaga District communities,Karaga District communities,signed
811,Mohammed Alhassan,F,Community Health Officer,Karaga District communities,Karaga District communities,signed
812,Iddrisu Mahama,F,Enrolled Nurse,Karaga District communities,Karaga District communities,signed
813,Abu Tia,F,Enrolled Nurse,Karaga District communities,Karaga District communities,signed
814,Rahinatu Dauda,F,Midwife,Karaga District communities,Karaga District communities,signed
815,Mariam Seidu,F,Enrolled Nurse,Karaga District communities,Karaga District communities,signed
816,Abu Tia,F,Midwife,Karaga District communities,Karaga District communities,signed
817,Alhassan Abdulai,F,Disease Control Officer,Karaga District communities,Karaga District communities,signed
818,Baba Abdulai,F,Midwife,Karaga District communities,Karaga District communities,signed
819,Iddrisu Mahama,F,Enrolled Nurse,Karaga District communities,Karaga District communities,signed
820,Issah Iddrisu,F,Community Health Officer,Karaga District communities,Karaga District communities,signed
821,Adiza Alhassan,F,Midwife,Karaga District communities,Karaga District communities,signed
822,Ayishetu Seidu,F,Community Health Officer,Karaga District communities,Karaga District communities,signed
823,Salamatu Issahaku,F,Medical Assistant,Karaga District communities,Karaga District communities,signed
824,Abu Iddrisu,F,Disease Control Officer,Karaga District communities,Karaga District communities,signed
825,Salamatu Tia,F,Disease Control Officer,Karaga District communities,Karaga District communities,signed
826,Abu Napari,F,Enrolled Nurse,Karaga District communities,Karaga District communities,signed
827,Fati Yakubu,F,Community Health Officer,Karaga District communities,Karaga District communities,signed
828,Hawa Iddrisu,F,Disease Control Officer,Karaga District communities,Karaga District communities,signed
829,Iddrisu Wumbei,F,Disease Control Officer,Karaga District communities,Karaga District communities,signed
830,Issah Seidu,F,Midwife,Karaga District communities,Karaga District communities,signed
831,Fati Iddrisu,F,Disease Control Officer,Karaga District communities,Karaga District communities,signed
832,Fati Tia,F,Disease Control Officer,Karaga District communities,Karaga District communities,signed
833,Hawa Abdulai,F,Midwife,Karaga District communities,Karaga District communities,signed
834,Abu Napari,F,Midwife,Karaga District communities,Karaga District communities,signed
835,Rahinatu Wumbei,F,Midwife,Karaga District communities,Karaga District communities,signed
836,Memunatu Dauda,F,Medical Assistant,Karaga District communities,Karaga District communities,signed
837,Rahinatu Alhassan,F,Community Health Officer,Karaga District communities,Karaga District communities,signed
838,Sulemana Yakubu,F,Disease Control Officer,Karaga District communities,Karaga District communities,signed
839,Abdul Napari,F,Disease Control Officer,Karaga District communities,Karaga District communities,signed
840,Ayishetu Napari,F,Disease Control Officer,Karaga District communities,Karaga District communities,signed
841,Hawa Tia,F,Disease Control Officer,Karaga District communities,Karaga District communities,signed
842,Mohammed Napari,F,Midwife,Karaga District communities,Karaga District communities,signed
843,Memunatu Iddrisu,F,Disease Control Officer,Karaga District communities,Karaga District communities,signed
844,Ayishetu Issahaku,F,Disease Control Officer,Karaga District communities,Karaga District communities,signed
845,Fuseini Alhassan,F,Medical Assistant,Karaga District communities,Karaga District communities,signed
846,Rahinatu Abdulai,F,Enrolled Nurse,Karaga District communities,Karaga District communities,signed
847,Adiza Abdulai,F,Midwife,Karaga District communities,Karaga District communities,signed
848,Ayishetu Fuseini,F,Midwife,Karaga District communities,Karaga District communities,signed
849,Alhassan Mahama,F,Community Health Officer,Karaga District communities,Karaga District communities,signed
850,Mohammed Iddrisu,F,Medical Assistant,Karaga District communities,Karaga District communities,signed
851,Fuseini Seidu,F,Disease Control Officer,Karaga District communities,Karaga District communities,signed
852,Zuweira Iddrisu,F,Disease Control Officer,Karaga District communities,Karaga District communities,signed
853,Abdul Tia,F,Midwife,Karaga District communities,Karaga District communities,signed
854,Abu Tia,F,Community Health Officer,Karaga District communities,Karaga District communities,signed
855,Iddrisu Seidu,F,Medical Assistant,Karaga District communities,Karaga District communities,signed
856,Iddrisu Tia,F,Enrolled Nurse,Karaga District communities,Karaga District communities,signed
857,Memunatu Tia,F,Community Health Officer,Karaga District communities,Karaga District communities,signed
858,Yakubu Mahama,F,Disease Control Officer,Karaga District communities,Karaga District communities,signed
859,Fuseini Yakubu,F,Medical Assistant,Karaga District communities,Karaga District communities,signed
860,Mariam Alhassan,F,Community Health Officer,Karaga District communities,Karaga District communities,signed
861,Memunatu Yakubu,F,Enrolled Nurse,Karaga District communities,Karaga District communities,signed
862,Abu Alhassan,F,Community Health Officer,Karaga District communities,Karaga District communities,signed
863,Ayishetu Issahaku,F,Enrolled Nurse,Karaga District communities,Karaga District communities,signed
864,Zuweira Issahaku,F,Midwife,Karaga District communities,Karaga District communities,signed
865,Sanatu Iddrisu,F,Disease Control Officer,Karaga District communities,Karaga District communities,signed
866,Baba Iddrisu,F,Midwife,Karaga District communities,Karaga District communities,signed
867,Fati Mahama,F,Disease Control Officer,Karaga District communities,Karaga District communities,signed
868,Zuweira Seidu,F,Midwife,Karaga District communities,Karaga District communities,signed
869,Zuweira Napari,F,Disease Control Officer,Karaga District communities,Karaga District communities,signed
870,Alhassan Yakubu,F,Community Health Officer,Karaga District communities,Karaga District communities,signed
871,Fuseini Napari,F,Community Health Officer,Karaga District communities,Karaga District communities,signed
872,Memunatu Iddrisu,F,Disease Control Officer,Karaga District communities,Karaga District communities,signed
873,Mohammed Tia,F,Community Health Officer,Karaga District communities,Karaga District communities,signed
874,Ayishetu Iddrisu,F,Medical Assistant,Karaga District communities,Karaga District communities,signed
875,Abu Issahaku,F,Medical Assistant,Karaga District communities,Karaga District communities,signed
876,Fati Seidu,F,Community Health Officer,Karaga District communities,Karaga District communities,signed
877,Adiza Fuseini,F,Enrolled Nurse,Karaga District communities,Karaga District communities,signed
878,Abdul Mahama,F,Enrolled Nurse,Karaga District communities,Karaga District communities,signed
879,Sulemana Dauda,F,Disease Control Officer,Karaga District communities,Karaga District communities,signed
880,Mohammed Abdulai,F,Community Health Officer,Karaga District communities,Karaga District communities,signed
881,Sulemana Yakubu,F,Community Health Officer,Karaga District communities,Karaga District communities,signed
882,Adiza Abdulai,F,Medical Assistant,Karaga District communities,Karaga District communities,signed
883,Zuweira Wumbei,F,Community Health Officer,Karaga District communities,Karaga District communities,signed
884,Alhassan Napari,F,Medical Assistant,Karaga District communities,Karaga District communities,signed
885,Memunatu Fuseini,F,Midwife,Karaga District communities,Karaga District communities,signed
886,Mohammed Tia,F,Community Health Officer,Karaga District communities,Karaga District communities,signed
887,Ayishetu Mahama,F,Midwife,Karaga District communities,Karaga District communities,signed
888,Mohammed Fuseini,F,Community Health Officer,Karaga District communities,Karaga District communities,signed
889,Issah Dauda,F,Midwife,Karaga District communities,Karaga District communities,signed
890,Memunatu Yakubu,F,Disease Control Officer,Karaga District communities,Karaga District communities,signed
891,Alhassan Seidu,F,Enrolled Nurse,Karaga District communities,Karaga District communities,signed
892,Mohammed Dauda,F,Community Health Officer,Karaga District communities,Karaga District communities,signed
893,Hawa Yakubu,F,Disease Control Officer,Karaga District communities,Karaga District communities,signed
894,Mariam Napari,F,Community Health Officer,Karaga District communities,Karaga District communities,signed
895,Iddrisu Mahama,F,Community Health Officer,Karaga District communities,Karaga District communities,signed
896,Ayishetu Tia,F,Community Health Officer,Karaga District communities,Karaga District communities,signed
897,Abdul Seidu,F,Community Health Officer,Karaga District communities,Karaga District communities,signed
898,Salamatu Abdulai,F,Community Health Officer,Karaga District communities,Karaga District communities,signed
899,Zuweira Seidu,F,Midwife,Karaga District communities,Karaga District communities,signed
900,Abdul Alhassan,F,Midwife,Karaga District communities,Karaga District communities,signed
901,Zuweira Napari,F,Community Health Officer,Karaga District communities,Karaga District communities,signed
902,Abu Alhassan,F,Midwife,Karaga District communities,Karaga District communities,signed
903,Zuweira Issahaku,F,Community Health Officer,Karaga District communities,Karaga District communities,signed
904,Rahinatu Mahama,F,Medical Assistant,Karaga District communities,Karaga District communities,signed
905,Alhassan Napari,F,Disease Control Officer,Karaga District communities,Karaga District communities,signed
906,Iddrisu Fuseini,F,Disease Control Officer,Karaga District communities,Karaga District communities,signed
907,Sanatu Iddrisu,F,Community Health Officer,Karaga District communities,Karaga District communities,signed
908,Abdul Tia,F,Enrolled Nurse,Karaga District communities,Karaga District communities,signed
909,Sanatu Iddrisu,F,Disease Control Officer,Karaga District communities,Karaga District communities,signed
910,Ayishetu Fuseini,F,Community Health Officer,Karaga District communities,Karaga District communities,signed
911,Adiza Mahama,F,Community Health Officer,Karaga District communities,Karaga District communities,signed
912,Abu Tia,F,Midwife,Karaga District communities,Karaga District communities,signed
913,Yakubu Mahama,F,Disease Control Officer,Karaga District communities,Karaga District communities,signed
914,Fuseini Dauda,F,Medical Assistant,Karaga District communities,Karaga District communities,signed
915,Hawa Dauda,F,Midwife,Karaga District communities,Karaga District communities,signed
916,Salamatu Abdulai,F,Enrolled Nurse,Karaga District communities,Karaga District communities,signed
917,Mohammed Fuseini,F,Community Health Officer,Karaga District communities,Karaga District communities,signed
918,Salamatu Dauda,F,Medical Assistant,Karaga District communities,Karaga District communities,signed
919,Adiza Dauda,F,Disease Control Officer,Karaga District communities,Karaga District communities,signed
920,Mohammed Issahaku,F,Community Health Officer,Karaga District communities,Karaga District communities,signed
921,Fati Alhassan,F,Enrolled Nurse,Karaga District communities,Karaga District communities,signed
922,Ayishetu Tia,F,Midwife,Karaga District communities,Karaga District communities,signed
923,Mohammed Dauda,F,Disease Control Officer,Karaga District communities,Karaga District communities,signed
924,Abdul Issahaku,F,Disease Control Officer,Karaga District communities,Karaga District communities,signed
925,Iddrisu Issahaku,F,Enrolled Nurse,Karaga District communities,Karaga District communities,signed
926,Mohammed Seidu,F,Enrolled Nurse,Karaga District communities,Karaga District communities,signed
927,Zuweira Seidu,F,Enrolled Nurse,Karaga District communities,Karaga District communities,signed
928,Iddrisu Dauda,F,Enrolled Nurse,Karaga District communities,Karaga District communities,signed
929,Issah Napari,F,Midwife,Karaga District communities,Karaga District communities,signed
930,Zuweira Napari,F,Midwife,Karaga District communities,Karaga District communities,signed
931,Memunatu Mahama,F,Community Health Officer,Karaga District communities,Karaga District communities,signed
932,Zuweira Fuseini,F,Midwife,Karaga District communities,Karaga District communities,signed
933,Sanatu Iddrisu,F,Disease Control Officer,Karaga District communities,Karaga District communities,signed
934,Abdul Iddrisu,F,Midwife,Karaga District communities,Karaga District communities,signed
935,Yakubu Dauda,F,Midwife,Karaga District communities,Karaga District communities,signed
936,Salamatu Alhassan,F,Disease Control Officer,Karaga District communities,Karaga District communities,signed
937,Alhassan Mahama,F,Disease Control Officer,Karaga District communities,Karaga District communities,signed
938,Mariam Fuseini,F,Disease Control Officer,Karaga District communities,Karaga District communities,signed
939,Abu Alhassan,F,Medical Assistant,Karaga District communities,Karaga District communities,signed
940,Memunatu Iddrisu,F,Enrolled Nurse,Karaga District communities,Karaga District communities,signed
941,Salamatu Tia,F,Disease Control Officer,Karaga District communities,Karaga District communities,signed
942,Alhassan Dauda,F,Community Health Officer,Karaga District communities,Karaga District communities,signed
943,Alhassan Yakubu,F,Community Health Officer,Karaga District communities,Karaga District communities,signed
944,Salamatu Dauda,F,Enrolled Nurse,Karaga District communities,Karaga District communities,signed
945,Alhassan Abdulai,F,Community Health Officer,Karaga District communities,Karaga District communities,signed
946,Rahinatu Seidu,F,Community Health Officer,Karaga District communities,Karaga District communities,signed
947,Fuseini Yakubu,F,Community Health Officer,Karaga District communities,Karaga District communities,signed
948,Sulemana Fuseini,F,Disease Control Officer,Karaga District communities,Karaga District communities,signed
949,Sulemana Iddrisu,F,Disease Control Officer,Karaga District communities,Karaga District communities,signed
950,Sanatu Iddrisu,F,Enrolled Nurse,Karaga District communities,Karaga District communities,signed
951,Hawa Abdulai,F,Midwife,Karaga District communities,Karaga District communities,signed
952,Fati Tia,F,Community Health Officer,Karaga District communities,Karaga District communities,signed
953,Memunatu Abdulai,F,Medical Assistant,Karaga District communities,Karaga District communities,signed
954,Ayishetu Tia,F,Midwife,Karaga District communities,Karaga District communities,signed
955,Sanatu Iddrisu,F,Midwife,Karaga District communities,Karaga District communities,signed
956,Fuseini Dauda,F,Medical Assistant,Karaga District communities,Karaga District communities,signed
957,Issah Yakubu,F,Community Health Officer,Karaga District communities,Karaga District communities,signed
958,Rahinatu Mahama,F,Midwife,Karaga District communities,Karaga District communities,signed
959,Mariam Alhassan,F,Community Health Officer,Karaga District communities,Karaga District communities,signed
960,Salamatu Abdulai,F,Medical Assistant,Karaga District communities,Karaga District communities,signed
961,Fati Tia,F,Community Health Officer,Karaga District communities,Karaga District communities,signed
962,Yakubu Alhassan,F,Enrolled Nurse,Karaga District communities,Karaga District communities,signed
963,Sulemana Issahaku,F,Disease Control Officer,Karaga District communities,Karaga District communities,signed
964,Baba Wumbei,F,Midwife,Karaga District communities,Karaga District communities,signed
965,Iddrisu Mahama,F,Community Health Officer,Karaga District communities,Karaga District communities,signed
966,Sanatu Yakubu,F,Medical Assistant,Karaga District communities,Karaga District communities,signed
967,Alhassan Wumbei,F,Disease Control Officer,Karaga District communities,Karaga District communities,signed
968,Adiza Tia,F,Community Health Officer,Karaga District communities,Karaga District communities,signed
969,Abdul Seidu,F,Enrolled Nurse,Karaga District communities,Karaga District communities,signed
970,Memunatu Napari,F,Enrolled Nurse,Karaga District communities,Karaga District communities,signed
971,Salamatu Dauda,F,Enrolled Nurse,Karaga District communities,Karaga District communities,signed
972,Zuweira Napari,F,Medical Assistant,Karaga District communities,Karaga District communities,signed
973,Memunatu Mahama,F,Community Health Officer,Karaga District communities,Karaga District communities,signed
974,Iddrisu Mahama,F,Midwife,Karaga District communities,Karaga District communities,signed
975,Hawa Issahaku,F,Medical Assistant,Karaga District communities,Karaga District communities,signed
976,Issah Yakubu,F,Midwife,Karaga District communities,Karaga District communities,signed
977,Zuweira Seidu,F,Medical Assistant,Karaga District communities,Karaga District communities,signed
978,Adiza Yakubu,F,Medical Assistant,Karaga District communities,Karaga District communities,signed
979,Abu Napari,F,Medical Assistant,Karaga District communities,Karaga District communities,signed
980,Mariam Issahaku,F,Enrolled Nurse,Karaga District communities,Karaga District communities,signed
981,Sulemana Mahama,F,Community Health Officer,Karaga District communities,Karaga District communities,signed
982,Abu Abdulai,F,Enrolled Nurse,Karaga District communities,Karaga District communities,signed
983,Salamatu Issahaku,F,Enrolled Nurse,Karaga District communities,Karaga District communities,signed
984,Baba Seidu,F,Midwife,Karaga District communities,Karaga District communities,signed
985,Iddrisu Seidu,F,Community Health Officer,Karaga District communities,Karaga District communities,signed
986,Abu Yakubu,F,Medical Assistant,Karaga District communities,Karaga District communities,signed
987,Abdul Tia,F,Medical Assistant,Karaga District communities,Karaga District communities,signed
988,Mariam Dauda,F,Community Health Officer,Karaga District communities,Karaga District communities,signed
989,Fati Yakubu,F,Medical Assistant,Karaga District communities,Karaga District communities,signed
990,Fati Dauda,F,Disease Control Officer,Karaga District communities,Karaga District communities,signed
991,Yakubu Iddrisu,F,Community Health Officer,Karaga District communities,Karaga District communities,signed
992,Fati Napari,F,Disease Control Officer,Karaga District communities,Karaga District communities,signed
993,Iddrisu Issahaku,F,Midwife,Karaga District communities,Karaga District communities,signed
994,Fuseini Mahama,F,Disease Control Officer,Karaga District communities,Karaga District communities,signed
995,Mohammed Yakubu,F,Enrolled Nurse,Karaga District communities,Karaga District communities,signed
996,Hawa Mahama,F,Enrolled Nurse,Karaga District communities,Karaga District communities,signed
997,Hawa Fuseini,F,Community Health Officer,Karaga District communities,Karaga District communities,signed
998,Adiza Abdulai,F,Medical Assistant,Karaga District communities,Karaga District communities,signed
999,Fuseini Napari,F,Medical Assistant,Karaga District communities,Karaga District communities,signed
1000,Mariam Dauda,F,Enrolled Nurse,Karaga District communities,Karaga District communities,signed
1001,Fati Napari,F,Community Health Officer,Karaga District communities,Karaga District communities,signed
1002,Issah Dauda,F,Medical Assistant,Karaga District communities,Karaga District communities,signed
1003,Abu Iddrisu,F,Enrolled Nurse,Karaga District communities,Karaga District communities,signed
1004,Sanatu Fuseini,F,Midwife,Karaga District communities,Karaga District communities,signed
1005,Memunatu Mahama,F,Disease Control Officer,Karaga District communities,Karaga District communities,signed
1006,Yakubu Seidu,F,Medical Assistant,Karaga District communities,Karaga District communities,signed
1007,Alhassan Alhassan,F,Enrolled Nurse,Karaga District communities,Karaga District communities,signed
1008,Fuseini Issahaku,F,Medical Assistant,Karaga District communities,Karaga District communities,signed
1009,Salamatu Wumbei,F,Medical Assistant,Karaga District communities,Karaga District communities,signed
1010,Alhassan Alhassan,F,Medical Assistant,Karaga District communities,Karaga District communities,signed
1011,Sulemana Tia,F,Medical Assistant,Karaga District communities,Karaga District communities,signed
1012,Sulemana Issahaku,F,Enrolled Nurse,Karaga District communities,Karaga District communities,signed
1013,Memunatu Iddrisu,F,Disease Control Officer,Karaga District communities,Karaga District communities,signed
1014,Salamatu Abdulai,F,Enrolled Nurse,Karaga District communities,Karaga District communities,signed
1015,Alhassan Alhassan,F,Enrolled Nurse,Karaga District communities,Karaga District communities,signed
1016,Sanatu Tia,F,Community Health Officer,Karaga District communities,Karaga District communities,signed
1017,Yakubu Seidu,F,Enrolled Nurse,Karaga District communities,Karaga District communities,signed
1018,Hawa Napari,F,Community Health Officer,Karaga District communities,Karaga District communities,signed
1019,Fuseini Dauda,F,Disease Control Officer,Karaga District communities,Karaga District communities,signed
1020,Yakubu Yakubu,F,Midwife,Karaga District communities,Karaga District communities,signed
1021,Ayishetu Napari,F,Community Health Officer,Karaga District communities,Karaga District communities,signed
1022,Fati Wumbei,F,Medical Assistant,Karaga District communities,Karaga District communities,signed
1023,Sanatu Yakubu,F,Disease Control Officer,Karaga District communities,Karaga District communities,signed
1024,Yakubu Abdulai,F,Medical Assistant,Karaga District communities,Karaga District communities,signed
1025,Hawa Mahama,F,Disease Control Officer,Karaga District communities,Karaga District communities,signed
1026,Issah Yakubu,F,Disease Control Officer,Karaga District communities,Karaga District communities,signed
1027,Memunatu Iddrisu,F,Enrolled Nurse,Karaga District communities,Karaga District communities,signed
1028,Abu Mahama,F,Disease Control Officer,Karaga District communities,Karaga District communities,signed
1029,Zuweira Tia,F,Midwife,Karaga District communities,Karaga District communities,signed
1030,Sanatu Iddrisu,F,Enrolled Nurse,Karaga District communities,Karaga District communities,signed
1031,Zuweira Seidu,F,Disease Control Officer,Karaga District communities,Karaga District communities,signed
1032,Memunatu Fuseini,F,Community Health Officer,Karaga District communities,Karaga District communities,signed
1033,Fati Iddrisu,F,Enrolled Nurse,Karaga District communities,Karaga District communities,signed
1034,Yakubu Dauda,F,Community Health Officer,Karaga District communities,Karaga District communities,signed
1035,Zuweira Dauda,F,Disease Control Officer,Karaga District communities,Karaga District communities,signed
1036,Rahinatu Wumbei,F,Disease Control Officer,Karaga District communities,Karaga District communities,signed
1037,Baba Mahama,F,Midwife,Karaga District communities,Karaga District communities,signed
1038,Memunatu Napari,F,Midwife,Karaga District communities,Karaga District communities,signed
1039,Issah Alhassan,F,Disease Control Officer,Karaga District communities,Karaga District communities,signed
1040,Adiza Abdulai,F,Disease Control Officer,Karaga District communities,Karaga District communities,signed
1041,Fati Yakubu,F,Midwife,Karaga District communities,Karaga District communities,signed
1042,Ayishetu Dauda,F,Disease Control Officer,Karaga District communities,Karaga District communities,signed
1043,Abu Wumbei,F,Disease Control Officer,Karaga District communities,Karaga District communities,signed
1044,Issah Seidu,F,Enrolled Nurse,Karaga District communities,Karaga District communities,signed
1045,Hawa Yakubu,F,Enrolled Nurse,Karaga District communities,Karaga District communities,signed
1046,Yakubu Fuseini,F,Medical Assistant,Karaga District communities,Karaga District communities,signed
1047,Zuweira Issahaku,F,Midwife,Karaga District communities,Karaga District communities,signed
1048,Mariam Wumbei,F,Disease Control Officer,Karaga District communities,Karaga District communities,signed
1049,Abu Tia,F,Community Health Officer,Karaga District communities,Karaga District communities,signed
1050,Abu Dauda,F,Enrolled Nurse,Karaga District communities,Karaga District communities,signed
1051,Yakubu Iddrisu,F,Disease Control Officer,Karaga District communities,Karaga District communities,signed
1052,Mohammed Issahaku,F,Enrolled Nurse,Karaga District communities,Karaga District communities,signed
1053,Adiza Tia,F,Enrolled Nurse,Karaga District communities,Karaga District communities,signed
1054,Salamatu Issahaku,F,Disease Control Officer,Karaga District communities,Karaga District communities,signed
1055,Adiza Mahama,F,Disease Control Officer,Karaga District communities,Karaga District communities,signed
1056,Mariam Abdulai,F,Community Health Officer,Karaga District communities,Karaga District communities,signed
1057,Mariam Abdulai,F,Midwife,Karaga District communities,Karaga District communities,signed
1058,Issah Dauda,F,Community Health Officer,Karaga District communities,Karaga District communities,signed
1059,Yakubu Napari,F,Community Health Officer,Karaga District communities,Karaga District communities,signed
1060,Adiza Abdulai,F,Midwife,Karaga District communities,Karaga District communities,signed
1061,Iddrisu Abdulai,F,Midwife,Karaga District communities,Karaga District communities,signed
1062,Memunatu Seidu,F,Disease Control Officer,Karaga District communities,Karaga District communities,signed
1063,Baba Issahaku,F,Community Health Officer,Karaga District communities,Karaga District communities,signed
1064,Sulemana Dauda,F,Midwife,Karaga District communities,Karaga District communities,signed
1065,Fuseini Abdulai,F,Medical Assistant,Karaga District communities,Karaga District communities,signed
1066,Sulemana Alhassan,F,Community Health Officer,Karaga District communities,Karaga District communities,signed
1067,Sanatu Wumbei,F,Midwife,Karaga District communities,Karaga District communities,signed
1068,Memunatu Dauda,F,Midwife,Karaga District communities,Karaga District communities,signed
1069,Mariam Seidu,F,Enrolled Nurse,Karaga District communities,Karaga District communities,signed
1070,Alhassan Yakubu,F,Midwife,Karaga District communities,Karaga District communities,signed
1071,Mohammed Mahama,F,Disease Control Officer,Karaga District communities,Karaga District communities,signed
1072,Issah Issahaku,F,Medical Assistant,Karaga District communities,Karaga District communities,signed
1073,Adiza Alhassan,F,Community Health Officer,Karaga District communities,Karaga District communities,signed
1074,Rahinatu Tia,F,Enrolled Nurse,Karaga District communities,Karaga District communities,signed
1075,Mohammed Alhassan,F,Medical Assistant,Karaga District communities,Karaga District communities,signed
1076,Rahinatu Mahama,F,Medical Assistant,Karaga District communities,Karaga District communities,signed
1077,Alhassan Wumbei,F,Medical Assistant,Karaga District communities,Karaga District communities,signed
1078,Abu Alhassan,F,Disease Control Officer,Karaga District communities,Karaga District communities,signed
1079,Abu Seidu,F,Community Health Officer,Karaga District communities,Karaga District communities,signed
1080,Hawa Fuseini,F,Disease Control Officer,Karaga District communities,Karaga District communities,signed
1081,Fuseini Issahaku,F,Community Health Officer,Karaga District communities,Karaga District communities,signed
1082,Zuweira Dauda,F,Midwife,Karaga District communities,Karaga District communities,signed
1083,Sulemana Fuseini,F,Midwife,Karaga District communities,Karaga District communities,signed
1084,Issah Alhassan,F,Medical Assistant,Karaga District communities,Karaga District communities,signed
1085,Alhassan Issahaku,F,Disease Control Officer,Karaga District communities,Karaga District communities,signed
1086,Salamatu Seidu,F,Midwife,Karaga District communities,Karaga District communities,signed
1087,Salamatu Fuseini,F,Midwife,Karaga District communities,Karaga District communities,signed
1088,Abu Wumbei,F,Community Health Officer,Karaga District communities,Karaga District communities,signed
1089,Zuweira Seidu,F,Midwife,Karaga District communities,Karaga District communities,signed
1090,Mariam Alhassan,F,Medical Assistant,Karaga District communities,Karaga District communities,signed
1091,Fuseini Iddrisu,F,Midwife,Karaga District communities,Karaga District communities,signed
1092,Baba Issahaku,F,Enrolled Nurse,Karaga District communities,Karaga District communities,signed
1093,Ayishetu Yakubu,F,Community Health Officer,Karaga District communities,Karaga District communities,signed
1094,Adiza Tia,F,Enrolled Nurse,Karaga District communities,Karaga District communities,signed
1095,Abu Issahaku,F,Medical Assistant,Karaga District communities,Karaga District communities,signed
1096,Ayishetu Alhassan,F,Midwife,Karaga District communities,Karaga District communities,signed
1097,Memunatu Tia,F,Medical Assistant,Karaga District communities,Karaga District communities,signed
1098,Sulemana Napari,F,Disease Control Officer,Karaga District communities,Karaga District communities,signed
1099,Ayishetu Abdulai,F,Medical Assistant,Karaga District communities,Karaga District communities,signed
1100,Sanatu Dauda,F,Enrolled Nurse,Karaga District communities,Karaga District communities,signed
1101,Baba Abdulai,F,Community Health Officer,Karaga District communities,Karaga District communities,signed
1102,Abdul Yakubu,F,Disease Control Officer,Karaga District communities,Karaga District communities,signed
1103,Iddrisu Tia,F,Midwife,Karaga District communities,Karaga District communities,signed
1104,Zuweira Tia,F,Community Health Officer,Karaga District communities,Karaga District communities,signed
1105,Adiza Iddrisu,F,Midwife,Karaga District communities,Karaga District communities,signed
1106,Adiza Fuseini,F,Community Health Officer,Karaga District communities,Karaga District communities,signed
1107,Fuseini Napari,F,Disease Control Officer,Karaga District communities,Karaga District communities,signed
1108,Iddrisu Seidu,F,Midwife,Karaga District communities,Karaga District communities,signed
1109,Iddrisu Wumbei,F,Enrolled Nurse,Karaga District communities,Karaga District communities,signed
1110,Abu Yakubu,F,Disease Control Officer,Karaga District communities,Karaga District communities,signed
1111,Ayishetu Tia,F,Enrolled Nurse,Karaga District communities,Karaga District communities,signed
1112,Issah Tia,F,Medical Assistant,Karaga District communities,Karaga District communities,signed
1113,Hawa Fuseini,F,Community Health Officer,Karaga District communities,Karaga District communities,signed
1114,Rahinatu Seidu,F,Medical Assistant,Karaga District communities,Karaga District communities,signed
1115,Mariam Abdulai,F,Enrolled Nurse,Karaga District communities,Karaga District communities,signed
1116,Abu Wumbei,F,Enrolled Nurse,Karaga District communities,Karaga District communities,signed
1117,Ayishetu Seidu,F,Community Health Officer,Karaga District communities,Karaga District communities,signed
1118,Sulemana Wumbei,F,Disease Control Officer,Karaga District communities,Karaga District communities,signed
1119,Adiza Dauda,F,Disease Control Officer,Karaga District communities,Karaga District communities,signed
1120,Iddrisu Iddrisu,F,Midwife,Karaga District communities,Karaga District communities,signed
1121,Adiza Mahama,F,Medical Assistant,Karaga District communities,Karaga District communities,signed
1122,Memunatu Fuseini,F,Midwife,Karaga District communities,Karaga District communities,signed
1123,Alhassan Abdulai,F,Disease Control Officer,Karaga District communities,Karaga District communities,signed
1124,Memunatu Alhassan,F,Midwife,Karaga District communities,Karaga District communities,signed
1125,Issah Fuseini,F,Disease Control Officer,Karaga District communities,Karaga District communities,signed
1126,Mariam Seidu,F,Medical Assistant,Karaga District communities,Karaga District communities,signed
1127,Mohammed Abdulai,F,Enrolled Nurse,Karaga District communities,Karaga District communities,signed
1128,Alhassan Abdulai,F,Enrolled Nurse,Karaga District communities,Karaga District communities,signed
1129,Mohammed Alhassan,F,Midwife,Karaga District communities,Karaga District communities,signed
1130,Issah Wumbei,F,Community Health Officer,Karaga District communities,Karaga District communities,signed
1131,Sanatu Dauda,F,Medical Assistant,Karaga District communities,Karaga District communities,signed
1132,Baba Iddrisu,F,Medical Assistant,Karaga District communities,Karaga District communities,signed
1133,Sanatu Dauda,F,Midwife,Karaga District communities,Karaga District communities,signed
1134,Salamatu Fuseini,F,Disease Control Officer,Karaga District communities,Karaga District communities,signed
1135,Memunatu Fuseini,F,Enrolled Nurse,Karaga District communities,Karaga District communities,signed
1136,Ayishetu Dauda,F,Community Health Officer,Karaga District communities,Karaga District communities,signed
1137,Issah Napari,F,Medical Assistant,Karaga District communities,Karaga District communities,signed
1138,Mariam Alhassan,F,Enrolled Nurse,Karaga District communities,Karaga District communities,signed
1139,Sulemana Fuseini,F,Medical Assistant,Karaga District communities,Karaga District communities,signed
1140,Baba Seidu,F,Enrolled Nurse,Karaga District communities,Karaga District communities,signed
1141,Memunatu Mahama,F,Medical Assistant,Karaga District communities,Karaga District communities,signed
1142,Rahinatu Seidu,F,Enrolled Nurse,Karaga District communities,Karaga District communities,signed
1143,Abu Wumbei,F,Disease Control Officer,Karaga District communities,Karaga District communities,signed
1144,Alhassan Iddrisu,F,Enrolled Nurse,Karaga District communities,Karaga District communities,signed
1145,Iddrisu Dauda,F,Community Health Officer,Karaga District communities,Karaga District communities,signed
1146,Fati Dauda,F,Medical Assistant,Karaga District communities,Karaga District communities,signed
1147,Mohammed Fuseini,F,Enrolled Nurse,Karaga District communities,Karaga District communities,signed
1148,Mariam Alhassan,F,Medical Assistant,Karaga District communities,Karaga District communities,signed
1149,Rahinatu Dauda,F,Disease Control Officer,Karaga District communities,Karaga District communities,signed
1150,Adiza Mahama,F,Midwife,Karaga District communities,Karaga District communities,signed
1151,Abdul Wumbei,F,Midwife,Karaga District communities,Karaga District communities,signed
1152,Yakubu Napari,F,Disease Control Officer,Karaga District communities,Karaga District communities,signed
1153,Iddrisu Napari,F,Disease Control Officer,Karaga District communities,Karaga District communities,signed
1154,Rahinatu Abdulai,F,Disease Control Officer,Karaga District communities,Karaga District communities,signed
1155,Sulemana Issahaku,F,Midwife,Karaga District communities,Karaga District communities,signed
1156,Hawa Tia,F,Midwife,Karaga District communities,Karaga District communities,signed
1157,Mohammed Abdulai,F,Midwife,Karaga District communities,Karaga District communities,signed
1158,Sulemana Seidu,F,Medical Assistant,Karaga District communities,Karaga District communities,signed
1159,Issah Tia,F,Disease Control Officer,Karaga District communities,Karaga District communities,signed
1160,Sulemana Mahama,F,Disease Control Officer,Karaga District communities,Karaga District communities,signed
1161,Mohammed Yakubu,F,Enrolled Nurse,Karaga District communities,Karaga District communities,signed
1162,Zuweira Issahaku,F,Disease Control Officer,Karaga District communities,Karaga District communities,signed
1163,Abu Alhassan,F,Enrolled Nurse,Karaga District communities,Karaga District communities,signed
1164,Hawa Alhassan,F,Medical Assistant,Karaga District communities,Karaga District communities,signed
1165,Salamatu Napari,F,Midwife,Karaga District communities,Karaga District communities,signed
1166,Memunatu Wumbei,F,Enrolled Nurse,Karaga District communities,Karaga District communities,signed
1167,Iddrisu Fuseini,F,Medical Assistant,Karaga District communities,Karaga District communities,signed
1168,Hawa Napari,F,Disease Control Officer,Karaga District communities,Karaga District communities,signed
1169,Alhassan Alhassan,F,Enrolled Nurse,Karaga District communities,Karaga District communities,signed
1170,Sanatu Alhassan,F,Medical Assistant,Karaga District communities,Karaga District communities,signed
1171,Fuseini Tia,F,Disease Control Officer,Karaga District communities,Karaga District communities,signed
1172,Yakubu Fuseini,F,Enrolled Nurse,Karaga District communities,Karaga District communities,signed
1173,Abu Iddrisu,F,Enrolled Nurse,Karaga District communities,Karaga District communities,signed
1174,Issah Abdulai,F,Midwife,Karaga District communities,Karaga District communities,signed
1175,Mariam Abdulai,F,Disease Control Officer,Karaga District communities,Karaga District communities,signed
1176,Zuweira Tia,F,Medical Assistant,Karaga District communities,Karaga District communities,signed
1177,Mohammed Dauda,F,Community Health Officer,Karaga District communities,Karaga District communities,signed
1178,Zuweira Fuseini,F,Community Health Officer,Karaga District communities,Karaga District communities,signed
1179,Fuseini Iddrisu,F,Disease Control Officer,Karaga District communities,Karaga District communities,signed
1180,Baba Tia,F,Disease Control Officer,Karaga District communities,Karaga District communities,signed
1181,Ayishetu Tia,F,Disease Control Officer,Karaga District communities,Karaga District communities,signed
1182,Baba Alhassan,F,Midwife,Karaga District communities,Karaga District communities,signed
1183,Yakubu Wumbei,F,Disease Control Officer,Karaga District communities,Karaga District communities,signed
1184,Adiza Alhassan,F,Midwife,Karaga District communities,Karaga District communities,signed
1185,Hawa Mahama,F,Community Health Officer,Karaga District communities,Karaga District communities,signed
1186,Fati Dauda,F,Disease Control Officer,Karaga District communities,Karaga District communities,signed
1187,Ayishetu Wumbei,F,Disease Control Officer,Karaga District communities,Karaga District communities,signed
1188,Fati Issahaku,F,Enrolled Nurse,Karaga District communities,Karaga District communities,signed
1189,Salamatu Yakubu,F,Disease Control Officer,Karaga District communities,Karaga District communities,signed
1190,Ayishetu Seidu,F,Enrolled Nurse,Karaga District communities,Karaga District communities,signed
1191,Sulemana Issahaku,F,Medical Assistant,Karaga District communities,Karaga District communities,signed
1192,Sanatu Alhassan,F,Midwife,Karaga District communities,Karaga District communities,signed
1193,Iddrisu Mahama,F,Community Health Officer,Karaga District communities,Karaga District communities,signed
1194,Sanatu Yakubu,F,Community Health Officer,Karaga District communities,Karaga District communities,signed
1195,Yakubu Issahaku,F,Midwife,Karaga District communities,Karaga District communities,signed
1196,Zuweira Mahama,F,Midwife,Karaga District communities,Karaga District communities,signed
1197,Ayishetu Fuseini,F,Community Health Officer,Karaga District communities,Karaga District communities,signed
1198,Abu Tia,F,Enrolled Nurse,Karaga District communities,Karaga District communities,signed
1199,Baba Issahaku,F,Enrolled Nurse,Karaga District communities,Karaga District communities,signed
1200,Zuweira Wumbei,F,Midwife,Karaga District communities,Karaga District communities,signed
1201,Zuweira Napari,F,Enrolled Nurse,Karaga District communities,Karaga District communities,signed
1202,Sanatu Seidu,F,Midwife,Karaga District communities,Karaga District communities,signed
1203,Sulemana Wumbei,F,Midwife,Karaga District communities,Karaga District communities,signed
1204,Hawa Seidu,F,Midwife,Karaga District communities,Karaga District communities,signed
1205,Sanatu Alhassan,F,Community Health Officer,Karaga District communities,Karaga District communities,signed
1206,Adiza Mahama,F,Community Health Officer,Karaga District communities,Karaga District communities,signed
1207,Rahinatu Iddrisu,F,Community Health Officer,Karaga District communities,Karaga District communities,signed
1208,Abdul Dauda,F,Midwife,Karaga District communities,Karaga District communities,signed
1209,Rahinatu Iddrisu,F,Medical Assistant,Karaga District communities,Karaga District communities,signed
1210,Hawa Mahama,F,Enrolled Nurse,Karaga District communities,Karaga District communities,signed
1211,Ayishetu Dauda,F,Medical Assistant,Karaga District communities,Karaga District communities,signed
1212,Abdul Napari,F,Disease Control Officer,Karaga District communities,Karaga District communities,signed
1213,Sanatu Mahama,F,Disease Control Officer,Karaga District communities,Karaga District communities,signed
1214,Abu Tia,F,Midwife,Karaga District communities,Karaga District communities,signed
1215,Memunatu Dauda,F,Disease Control Officer,Karaga District communities,Karaga District communities,signed
1216,Alhassan Alhassan,F,Midwife,Karaga District communities,Karaga District communities,signed
1217,Mohammed Mahama,F,Disease Control Officer,Karaga District communities,Karaga District communities,signed
1218,Mariam Dauda,F,Medical Assistant,Karaga District communities,Karaga District communities,signed
1219,Issah Tia,F,Medical Assistant,Karaga District communities,Karaga District communities,signed
1220,Sanatu Wumbei,F,Disease Control Officer,Karaga District communities,Karaga District communities,signed
1221,Memunatu Fuseini,F,Disease Control Officer,Karaga District communities,Karaga District communities,signed
1222,Sulemana Mahama,F,Medical Assistant,Karaga District communities,Karaga District communities,signed
1223,Salamatu Napari,F,Community Health Officer,Karaga District communities,Karaga District communities,signed
1224,Memunatu Fuseini,F,Medical Assistant,Karaga District communities,Karaga District communities,signed
1225,Fati Alhassan,F,Midwife,Karaga District communities,Karaga District communities,signed
1226,Alhassan Issahaku,F,Midwife,Karaga District communities,Karaga District communities,signed
1227,Yakubu Iddrisu,F,Medical Assistant,Karaga District communities,Karaga District communities,signed
1228,Abdul Wumbei,F,Medical Assistant,Karaga District communities,Karaga District communities,signed
1229,Iddrisu Fuseini,F,Community Health Officer,Karaga District communities,Karaga District communities,signed
1230,Mariam Wumbei,F,Community Health Officer,Karaga District communities,Karaga District communities,signed
1231,Sanatu Napari,F,Disease Control Officer,Karaga District communities,Karaga District communities,signed
1232,Fati Tia,F,Enrolled Nurse,Karaga District communities,Karaga District communities,signed
1233,Sulemana Iddrisu,F,Medical Assistant,Karaga District communities,Karaga District communities,signed
1234,Salamatu Issahaku,F,Medical Assistant,Karaga District communities,Karaga District communities,signed
1235,Alhassan Iddrisu,F,Enrolled Nurse,Karaga District communities,Karaga District communities,signed
1236,Sulemana Seidu,F,Midwife,Karaga District communities,Karaga District communities,signed
1237,Mariam Seidu,F,Enrolled Nurse,Karaga District communities,Karaga District communities,signed
1238,Fuseini Dauda,F,Midwife,Karaga District communities,Karaga District communities,signed
1239,Abu Iddrisu,F,Medical Assistant,Karaga District communities,Karaga District communities,signed
1240,Fuseini Abdulai,F,Enrolled Nurse,Karaga District communities,Karaga District communities,signed
1241,Abdul Iddrisu,F,Medical Assistant,Karaga District communities,Karaga District communities,signed
1242,Adiza Abdulai,F,Enrolled Nurse,Karaga District communities,Karaga District communities,signed
1243,Alhassan Yakubu,F,Enrolled Nurse,Karaga District communities,Karaga District communities,signed
1244,Salamatu Alhassan,F,Community Health Officer,Karaga District communities,Karaga District communities,signed
1245,Fuseini Wumbei,F,Midwife,Karaga District communities,Karaga District communities,signed
1246,Abu Seidu,F,Disease Control Officer,Karaga District communities,Karaga District communities,signed
1247,Mariam Yakubu,F,Disease Control Officer,Karaga District communities,Karaga District communities,signed
1248,Iddrisu Wumbei,F,Enrolled Nurse,Karaga District communities,Karaga District communities,signed
1249,Adiza Seidu,F,Midwife,Karaga District communities,Karaga District communities,signed
1250,Baba Issahaku,F,Medical Assistant,Karaga District communities,Karaga District communities,signed
1251,Abu Napari,F,Community Health Officer,Karaga District communities,Karaga District communities,signed
1252,Memunatu Tia,F,Disease Control Officer,Karaga District communities,Karaga District communities,signed
1253,Ayishetu Alhassan,F,Community Health Officer,Karaga District communities,Karaga District communities,signed
1254,Mariam Mahama,F,Midwife,Karaga District communities,Karaga District communities,signed
1255,Hawa Mahama,F,Disease Control Officer,Karaga District communities,Karaga District communities,signed
1256,Sulemana Issahaku,F,Community Health Officer,Karaga District communities,Karaga District communities,signed
1257,Adiza Wumbei,F,Midwife,Karaga District communities,Karaga District communities,signed
1258,Iddrisu Wumbei,F,Enrolled Nurse,Karaga District communities,Karaga District communities,signed
1259,Zuweira Yakubu,F,Enrolled Nurse,Karaga District communities,Karaga District communities,signed
1260,Fati Dauda,F,Community Health Officer,Karaga District communities,Karaga District communities,signed
1261,Mariam Alhassan,F,Medical Assistant,Karaga District communities,Karaga District communities,signed
1262,Salamatu Yakubu,F,Community Health Officer,Karaga District communities,Karaga District communities,signed
1263,Hawa Tia,F,Community Health Officer,Karaga District communities,Karaga District communities,signed
1264,Fuseini Dauda,F,Disease Control Officer,Karaga District communities,Karaga District communities,signed
1265,Zuweira Dauda,F,Midwife,Karaga District communities,Karaga District communities,signed
1266,Sanatu Abdulai,F,Disease Control Officer,Karaga District communities,Karaga District communities,signed
1267,Mariam Tia,F,Medical Assistant,Karaga District communities,Karaga District communities,signed
1268,Hawa Mahama,F,Medical Assistant,Karaga District communities,Karaga District communities,signed
1269,Yakubu Napari,F,Disease Control Officer,Karaga District communities,Karaga District communities,signed
1270,Fuseini Fuseini,F,Disease Control Officer,Karaga District communities,Karaga District communities,signed
1271,Mohammed Abdulai,F,Disease Control Officer,Karaga District communities,Karaga District communities,signed
1272,Memunatu Wumbei,F,Disease Control Officer,Karaga District communities,Karaga District communities,signed
1273,Baba Dauda,F,Medical Assistant,Karaga District communities,Karaga District communities,signed
1274,Salamatu Abdulai,F,Community Health Officer,Karaga District communities,Karaga District communities,signed
1275,Fati Mahama,F,Medical Assistant,Karaga District communities,Karaga District communities,signed
1276,Zuweira Mahama,F,Community Health Officer,Karaga District communities,Karaga District communities,signed
1277,Sulemana Seidu,F,Community Health Officer,Karaga District communities,Karaga District communities,signed
1278,Iddrisu Fuseini,F,Medical Assistant,Karaga District communities,Karaga District communities,signed
1279,Adiza Iddrisu,F,Disease Control Officer,Karaga District communities,Karaga District communities,signed
1280,Fuseini Alhassan,F,Enrolled Nurse,Karaga District communities,Karaga District communities,signed
1281,Abdul Dauda,F,Enrolled Nurse,Karaga District communities,Karaga District communities,signed
1282,Abu Mahama,F,Midwife,Karaga District communities,Karaga District communities,signed
1283,Mariam Fuseini,F,Disease Control Officer,Karaga District communities,Karaga District communities,signed
1284,Fati Napari,F,Medical Assistant,Karaga District communities,Karaga District communities,signed
1285,Hawa Mahama,F,Community Health Officer,Karaga District communities,Karaga District communities,signed
1286,Salamatu Napari,F,Disease Control Officer,Karaga District communities,Karaga District communities,signed
1287,Fati Tia,F,Midwife,Karaga District communities,Karaga District communities,signed
1288,Hawa Yakubu,F,Disease Control Officer,Karaga District communities,Karaga District communities,signed
1289,Issah Napari,F,Midwife,Karaga District communities,Karaga District communities,signed
1290,Sulemana Iddrisu,F,Enrolled Nurse,Karaga District communities,Karaga District communities,signed
1291,Zuweira Seidu,F,Community Health Officer,Karaga District communities,Karaga District communities,signed
1292,Abdul Iddrisu,F,Disease Control Officer,Karaga District communities,Karaga District communities,signed
1293,Memunatu Tia,F,Medical Assistant,Karaga District communities,Karaga District communities,signed
1294,Abu Napari,F,Medical Assistant,Karaga District communities,Karaga District communities,signed
1295,Issah Seidu,F,Community Health Officer,Karaga District communities,Karaga District communities,signed
1296,Hawa Abdulai,F,Disease Control Officer,Karaga District communities,Karaga District communities,signed
1297,Yakubu Alhassan,F,Community Health Officer,Karaga District communities,Karaga District communities,signed
1298,Sanatu Mahama,F,Midwife,Karaga District communities,Karaga District communities,signed
1299,Sanatu Napari,F,Midwife,Karaga District communities,Karaga District communities,signed
1300,Mariam Napari,F,Enrolled Nurse,Karaga District communities,Karaga District communities,signed
