No,Name,Sex,Cadre/Role,Facility/Community,District,Signature
1,Iddrisu Tia,F,Disease Control Officer,Kumbungu District communities,Kumbungu District communities,signed
2,Sanatu Dauda,F,Medical Assistant,Kumbungu District communities,Kumbungu District communities,signed
3,Abu Wumbei,F,Community Health Officer,Kumbungu District communities,Kumbungu District communities,signed
4,Zuweira Seidu,F,Community Health Officer,Kumbungu District communities,Kumbungu District communities,signed
5,Fuseini Alhassan,F,Medical Assistant,Kumbungu District communities,Kumbungu District communities,signed
6,Hawa Tia,F,Enrolled Nurse,Kumbungu District communities,Kumbungu District communities,signed
7,Mohammed Alhassan,F,Community Health Officer,Kumbungu District communities,Kumbungu District communities,signed
8,Memunatu Seidu,F,Disease Control Officer,Kumbungu District communities,Kumbungu District communities,signed
9,Zuweira Tia,F,Community Health Officer,Kumbungu District communities,Kumbungu District communities,signed
10,Salamatu Napari,F,Disease Control Officer,Kumbungu District communities,Kumbungu District communities,signed
11,Abu Tia,F,Medical Assistant,Kumbungu District communities,Kumbungu District communities,signed
12,Abu Napari,F,Disease Control Officer,Kumbungu District communities,Kumbungu District communities,signed
13,Iddrisu Issahaku,F,Medical Assistant,Kumbungu District communities,Kumbungu District communities,signed
14,Baba Napari,F,Community Health Officer,Kumbungu District communities,Kumbungu District communities,signed
15,Mohammed Iddrisu,F,Disease Control Officer,Kumbungu District communities,Kumbungu District communities,signed
16,Alhassan Napari,F,Midwife,Kumbungu District communities,Kumbungu District communities,signed
17,Rahinatu Iddrisu,F,Midwife,Kumbungu District communities,Kumbungu District communities,signed
18,Alhassan Alhassan,F,Community Health Officer,Kumbungu District communities,Kumbungu District communities,signed
19,Adiza Mahama,F,Community Health Officer,Kumbungu District communities,Kumbungu District communities,signed
20,Ayishetu Issahaku,F,Enrolled Nurse,Kumbungu District communities,Kumbungu District communities,signed
21,Fati Napari,F,Medical Assistant,Kumbungu District communities,Kumbungu District communities,signed
22,Sulemana Issahaku,F,Midwife,Kumbungu District communities,Kumbungu District communities,signed
23,Abdul Seidu,F,Medical Assistant,Kumbungu District communities,Kumbungu District communities,signed
24,Fati Yakubu,F,Midwife,Kumbungu District communities,Kumbungu District communities,signed
25,Baba Napari,F,Enrolled Nurse,Kumbungu District communities,Kumbungu District communities,signed
26,Baba Seidu,F,Enrolled Nurse,Kumbungu District communities,Kumbungu District communities,signed
27,Abdul Dauda,F,Disease Control Officer,Kumbungu District communities,Kumbungu District communities,signed
28,Abu Wumbei,F,Community Health Officer,Kumbungu District communities,Kumbungu District communities,signed
29,Iddrisu Abdulai,F,Medical Assistant,Kumbungu District communities,Kumbungu District communities,signed
30,Issah Issahaku,F,Medical Assistant,Kumbungu District communities,Kumbungu District communities,signed
31,Abdul Napari,F,Medical Assistant,Kumbungu District communities,Kumbungu District communities,signed
32,Memunatu Fuseini,F,Community Health Officer,Kumbungu District communities,Kumbungu District communities,signed
33,Adiza Alhassan,F,Community Health Officer,Kumbungu District communities,Kumbungu District communities,signed
34,Mohammed Iddrisu,F,Enrolled Nurse,Kumbungu District communities,Kumbungu District communities,signed
35,Yakubu Wumbei,F,Enrolled Nurse,Kumbungu District communities,Kumbungu District communities,signed
36,Abdul Yakubu,F,Medical Assistant,Kumbungu District communities,Kumbungu District communities,signed
37,Rahinatu Seidu,F,Community Health Officer,Kumbungu District communities,Kumbungu District communities,signed
38,Mohammed Wumbei,F,Enrolled Nurse,Kumbungu District communities,Kumbungu District communities,signed
39,Abu Fuseini,F,Community Health Officer,Kumbungu District communities,Kumbungu District communities,signed
40,Baba Seidu,F,Community Health Officer,Kumbungu District communities,Kumbungu District communities,signed
41,Sanatu Wumbei,F,Enrolled Nurse,Kumbungu District communities,Kumbungu District communities,signed
42,Iddrisu Napari,F,Community Health Officer,Kumbungu District communities,Kumbungu District communities,signed
43,Salamatu Seidu,F,Medical Assistant,Kumbungu District communities,Kumbungu District communities,signed
44,Abdul Tia,F,Midwife,Kumbungu District communities,Kumbungu District communities,signed
45,Mohammed Iddrisu,F,Midwife,Kumbungu District communities,Kumbungu District communities,signed
46,Fuseini Fuseini,F,Medical Assistant,Kumbungu District communities,Kumbungu District communities,signed
47,Fuseini Alhassan,F,Medical Assistant,Kumbungu District communities,Kumbungu District communities,signed
48,Issah Yakubu,F,Disease Control Officer,Kumbungu District communities,Kumbungu District communities,signed
49,Mariam Yakubu,F,Disease Control Officer,Kumbungu District communities,Kumbungu District communities,signed
50,Iddrisu Wumbei,F,Disease Control Officer,Kumbungu District communities,Kumbungu District communities,signed
51,Abdul Tia,F,Community Health Officer,Kumbungu District communities,Kumbungu District communities,signed
52,Fati Alhassan,F,Community Health Officer,Kumbungu District communities,Kumbungu District communities,signed
53,Fuseini Seidu,F,Midwife,Kumbungu District communities,Kumbungu District communities,signed
54,Rahinatu Yakubu,F,Enrolled Nurse,Kumbungu District communities,Kumbungu District communities,signed
55,Yakubu Dauda,F,Enrolled Nurse,Kumbungu District communities,Kumbungu District communities,signed
56,Abdul Fuseini,F,Medical Assistant,Kumbungu District communities,Kumbungu District communities,signed
57,Baba Issahaku,F,Community Health Officer,Kumbungu District communities,Kumbungu District communities,signed
58,Baba Seidu,F,Midwife,Kumbungu District communities,Kumbungu District communities,signed
59,Zuweira Wumbei,F,Midwife,Kumbungu District communities,Kumbungu District communities,signed
60,Issah Yakubu,F,Enrolled Nurse,Kumbungu District communities,Kumbungu District communities,signed
61,Zuweira Abdulai,F,Medical Assistant,Kumbungu District communities,Kumbungu District communities,signed
62,Mariam Abdulai,F,Medical Assistant,Kumbungu District communities,Kumbungu District communities,signed
63,Fuseini Issahaku,F,Midwife,Kumbungu District communities,Kumbungu District communities,signed
64,Yakubu Issahaku,F,Midwife,Kumbungu District communities,Kumbungu District communities,signed
65,Zuweira Iddrisu,F,Medical Assistant,Kumbungu District communities,Kumbungu District communities,signed
66,Iddrisu Abdulai,F,Medical Assistant,Kumbungu District communities,Kumbungu District communities,signed
67,Adiza Yakubu,F,Enrolled Nurse,Kumbungu District communities,Kumbungu District communities,signed
68,Mohammed Wumbei,F,Midwife,Kumbungu District communities,Kumbungu District communities,signed
69,Rahinatu Issahaku,F,Midwife,Kumbungu District communities,Kumbungu District communities,signed
70,Zuweira Iddrisu,F,Disease Control Officer,Kumbungu District communities,Kumbungu District communities,signed
71,Fuseini Napari,F,Midwife,Kumbungu District communities,Kumbungu District communities,signed
72,Rahinatu Mahama,F,Disease Control Officer,Kumbungu District communities,Kumbungu District communities,signed
73,Hawa Iddrisu,F,Enrolled Nurse,Kumbungu District communities,Kumbungu District communities,signed
74,Issah Wumbei,F,Community Health Officer,Kumbungu District communities,Kumbungu District communities,signed
75,Fuseini Mahama,F,Disease Control Officer,Kumbungu District communities,Kumbungu District communities,signed
76,Baba Iddrisu,F,Community Health Officer,Kumbungu District communities,Kumbungu District communities,signed
77,Abdul Tia,F,Enrolled Nurse,Kumbungu District communities,Kumbungu District communities,signed
78,Fuseini Iddrisu,F,Midwife,Kumbungu District communities,Kumbungu District communities,signed
79,Sulemana Napari,F,Disease Control Officer,Kumbungu District communities,Kumbungu District communities,signed
80,Sanatu Wumbei,F,Medical Assistant,Kumbungu District communities,Kumbungu District communities,signed
81,Salamatu Yakubu,F,Enrolled Nurse,Kumbungu District communities,Kumbungu District communities,signed
82,Issah Mahama,F,Disease Control Officer,Kumbungu District communities,Kumbungu District communities,signed
83,Alhassan Fuseini,F,Midwife,Kumbungu District communities,Kumbungu District communities,signed
84,Baba Napari,F,Midwife,Kumbungu District communities,Kumbungu District communities,signed
85,Alhassan Tia,F,Medical Assistant,Kumbungu District communities,Kumbungu District communities,signed
86,Fuseini Abdulai,F,Midwife,Kumbungu District communities,Kumbungu District communities,signed
87,Alhassan Mahama,F,Medical Assistant,Kumbungu District communities,Kumbungu District communities,signed
88,Adiza Wumbei,F,Midwife,Kumbungu District communities,Kumbungu District communities,signed
89,Sulemana Yakubu,F,Medical Assistant,Kumbungu District communities,Kumbungu District communities,signed
90,Adiza Tia,F,Community Health Officer,Kumbungu District communities,Kumbungu District communities,signed
91,Alhassan Issahaku,F,Medical Assistant,Kumbungu District communities,Kumbungu District communities,signed
92,Abu Wumbei,F,Community Health Officer,Kumbungu District communities,Kumbungu District communities,signed
93,Sanatu Abdulai,F,Midwife,Kumbungu District communities,Kumbungu District communities,signed
94,Yakubu Wumbei,F,Enrolled Nurse,Kumbungu District communities,Kumbungu District communities,signed
95,Rahinatu Iddrisu,F,Enrolled Nurse,Kumbungu District communities,Kumbungu District communities,signed
96,Fuseini Alhassan,F,Community Health Officer,Kumbungu District communities,Kumbungu District communities,signed
97,Fati Iddrisu,F,Disease Control Officer,Kumbungu District communities,Kumbungu District communities,signed
98,Hawa Napari,F,Disease Control Officer,Kumbungu District communities,Kumbungu District communities,signed
99,Mariam Fuseini,F,Enrolled Nurse,Kumbungu District communities,Kumbungu District communities,signed
100,Rahinatu Yakubu,F,Community Health Officer,Kumbungu District communities,Kumbungu District communities,signed
101,Yakubu Yakubu,F,Community Health Officer,Kumbungu District communities,Kumbungu District communities,signed
102,Fuseini Napari,F,Midwife,Kumbungu District communities,Kumbungu District communities,signed
103,Memunatu Abdulai,F,Midwife,Kumbungu District communities,Kumbungu District communities,signed
104,Alhassan Yakubu,F,Midwife,Kumbungu District communities,Kumbungu District communities,signed
105,Mohammed Mahama,F,Midwife,Kumbungu District communities,Kumbungu District communities,signed
106,Iddrisu Alhassan,F,Medical Assistant,Kumbungu District communities,Kumbungu District communities,signed
107,Iddrisu Yakubu,F,Midwife,Kumbungu District communities,Kumbungu District communities,signed
108,Memunatu Tia,F,Disease Control Officer,Kumbungu District communities,Kumbungu District communities,signed
109,Issah Mahama,F,Enrolled Nurse,Kumbungu District communities,Kumbungu District communities,signed
110,Yakubu Napari,F,Enrolled Nurse,Kumbungu District communities,Kumbungu District communities,signed
111,Baba Abdulai,F,Community Health Officer,Kumbungu District communities,Kumbungu District communities,signed
112,Ayishetu Wumbei,F,Community Health Officer,Kumbungu District communities,Kumbungu District communities,signed
113,Issah Iddrisu,F,Midwife,Kumbungu District communities,Kumbungu District communities,signed
114,Mohammed Wumbei,F,Midwife,Kumbungu District communities,Kumbungu District communities,signed
115,Issah Dauda,F,Enrolled Nurse,Kumbungu District communities,Kumbungu District communities,signed
116,Abdul Wumbei,F,Enrolled Nurse,Kumbungu District communities,Kumbungu District communities,signed
117,Memunatu Wumbei,F,Disease Control Officer,Kumbungu District communities,Kumbungu District communities,signed
118,Sanatu Tia,F,Midwife,Kumbungu District communities,Kumbungu District communities,signed
119,Iddrisu Issahaku,F,Community Health Officer,Kumbungu District communities,Kumbungu District communities,signed
120,Fati Dauda,F,Enrolled Nurse,Kumbungu District communities,Kumbungu District communities,signed
121,Sulemana Seidu,F,Medical Assistant,Kumbungu District communities,Kumbungu District communities,signed
122,Sanatu Issahaku,F,Midwife,Kumbungu District communities,Kumbungu District communities,signed
123,Ayishetu Iddrisu,F,Disease Control Officer,Kumbungu District communities,Kumbungu District communities,signed
124,Baba Yakubu,F,Disease Control Officer,Kumbungu District communities,Kumbungu District communities,signed
125,Ayishetu Abdulai,F,Disease Control Officer,Kumbungu District communities,Kumbungu District communities,signed
126,Sanatu Yakubu,F,Community Health Officer,Kumbungu District communities,Kumbungu District communities,signed
127,Abu Yakubu,F,Disease Control Officer,Kumbungu District communities,Kumbungu District communities,signed
128,Memunatu Napari,F,Disease Control Officer,Kumbungu District communities,Kumbungu District communities,signed
129,Adiza Alhassan,F,Midwife,Kumbungu District communities,Kumbungu District communities,signed
130,Yakubu Wumbei,F,Medical Assistant,Kumbungu District communities,Kumbungu District communities,signed
131,Salamatu Tia,F,Community Health Officer,Kumbungu District communities,Kumbungu District communities,signed
132,Issah Abdulai,F,Community Health Officer,Kumbungu District communities,Kumbungu District communities,signed
133,Rahinatu Yakubu,F,Midwife,Kumbungu District communities,Kumbungu District communities,signed
134,Salamatu Yakubu,F,Medical Assistant,Kumbungu District communities,Kumbungu District communities,signed
135,Iddrisu Yakubu,F,Enrolled Nurse,Kumbungu District communities,Kumbungu District communities,signed
136,Mariam Napari,F,Medical Assistant,Kumbungu District communities,Kumbungu District communities,signed
137,Sulemana Tia,F,Community Health Officer,Kumbungu District communities,Kumbungu District communities,signed
138,Mariam Napari,F,Enrolled Nurse,Kumbungu District communities,Kumbungu District communities,signed
139,Baba Wumbei,F,Enrolled Nurse,Kumbungu District communities,Kumbungu District communities,signed
140,Fati Alhassan,F,Disease Control Officer,Kumbungu District communities,Kumbungu District communities,signed
141,Sanatu Mahama,F,Community Health Officer,Kumbungu District communities,Kumbungu District communities,signed
142,Memunatu Yakubu,F,Community Health Officer,Kumbungu District communities,Kumbungu District communities,signed
143,Salamatu Napari,F,Disease Control Officer,Kumbungu District communities,Kumbungu District communities,signed
144,Sulemana Napari,F,Enrolled Nurse,Kumbungu District communities,Kumbungu District communities,signed
145,Issah Mahama,F,Enrolled Nurse,Kumbungu District communities,Kumbungu District communities,signed
146,Mohammed Tia,F,Midwife,Kumbungu District communities,Kumbungu District communities,signed
147,Salamatu Mahama,F,Midwife,Kumbungu District communities,Kumbungu District communities,signed
148,Mohammed Napari,F,Medical Assistant,Kumbungu District communities,Kumbungu District communities,signed
149,Issah Yakubu,F,Community Health Officer,Kumbungu District communities,Kumbungu District communities,signed
150,Abu Issahaku,F,Medical Assistant,Kumbungu District communities,Kumbungu District communities,signed
151,Hawa Yakubu,F,Community Health Officer,Kumbungu District communities,Kumbungu District communities,signed
152,Iddrisu Tia,F,Community Health Officer,Kumbungu District communities,Kumbungu District communities,signed
153,Fati Seidu,F,Disease Control Officer,Kumbungu District communities,Kumbungu District communities,signed
154,Mariam Iddrisu,F,Community Health Officer,Kumbungu District communities,Kumbungu District communities,signed
155,Baba Fuseini,F,Enrolled Nurse,Kumbungu District communities,Kumbungu District communities,signed
156,Alhassan Alhassan,F,Enrolled Nurse,Kumbungu District communities,Kumbungu District communities,signed
157,Baba Mahama,F,Enrolled Nurse,Kumbungu District communities,Kumbungu District communities,signed
158,Mariam Tia,F,Medical Assistant,Kumbungu District communities,Kumbungu District communities,signed
159,Sulemana Dauda,F,Disease Control Officer,Kumbungu District communities,Kumbungu District communities,signed
160,Fuseini Fuseini,F,Community Health Officer,Kumbungu District communities,Kumbungu District communities,signed
161,Alhassan Alhassan,F,Disease Control Officer,Kumbungu District communities,Kumbungu District communities,signed
162,Mariam Tia,F,Enrolled Nurse,Kumbungu District communities,Kumbungu District communities,signed
163,Memunatu Dauda,F,Enrolled Nurse,Kumbungu District communities,Kumbungu District communities,signed
164,Fati Napari,F,Enrolled Nurse,Kumbungu District communities,Kumbungu District communities,signed
165,Baba Seidu,F,Community Health Officer,Kumbungu District communities,Kumbungu District communities,signed
166,Rahinatu Abdulai,F,Enrolled Nurse,Kumbungu District communities,Kumbungu District communities,signed
167,Yakubu Issahaku,F,Enrolled Nurse,Kumbungu District communities,Kumbungu District communities,signed
168,Alhassan Alhassan,F,Community Health Officer,Kumbungu District communities,Kumbungu District communities,signed
169,Alhassan Tia,F,Community Health Officer,Kumbungu District communities,Kumbungu District communities,signed
170,Baba Napari,F,Medical Assistant,Kumbungu District communities,Kumbungu District communities,signed
171,Salamatu Mahama,F,Community Health Officer,Kumbungu District communities,Kumbungu District communities,signed
172,Alhassan Fuseini,F,Medical Assistant,Kumbungu District communities,Kumbungu District communities,signed
173,Abu Mahama,F,Disease Control Officer,Kumbungu District communities,Kumbungu District communities,signed
174,Alhassan Iddrisu,F,Midwife,Kumbungu District communities,Kumbungu District communities,signed
175,Sulemana Abdulai,F,Enrolled Nurse,Kumbungu District communities,Kumbungu District communities,signed
176,Sanatu Alhassan,F,Community Health Officer,Kumbungu District communities,Kumbungu District communities,signed
177,Ayishetu Fuseini,F,Community Health Officer,Kumbungu District communities,Kumbungu District communities,signed
178,Fuseini Dauda,F,Disease Control Officer,Kumbungu District communities,Kumbungu District communities,signed
179,Fuseini Issahaku,F,Medical Assistant,Kumbungu District communities,Kumbungu District communities,signed
180,Hawa Iddrisu,F,Community Health Officer,Kumbungu District communities,Kumbungu District communities,signed
181,Fuseini Iddrisu,F,Community Health Officer,Kumbungu District communities,Kumbungu District communities,signed
182,Fati Fuseini,F,Enrolled Nurse,Kumbungu District communities,Kumbungu District communities,signed
183,Abdul Alhassan,F,Medical Assistant,Kumbungu District communities,Kumbungu District communities,signed
184,Iddrisu Abdulai,F,Community Health Officer,Kumbungu District communities,Kumbungu District communities,signed
185,Fati Seidu,F,Medical Assistant,Kumbungu District communities,Kumbungu District communities,signed
186,Fati Mahama,F,Community Health Officer,Kumbungu District communities,Kumbungu District communities,signed
187,Rahinatu Issahaku,F,Medical Assistant,Kumbungu District communities,Kumbungu District communities,signed
188,Ayishetu Seidu,F,Midwife,Kumbungu District communities,Kumbungu District communities,signed
189,Adiza Seidu,F,Midwife,Kumbungu District communities,Kumbungu District communities,signed
190,Alhassan Napari,F,Disease Control Officer,Kumbungu District communities,Kumbungu District communities,signed
191,Issah Yakubu,F,Community Health Officer,Kumbungu District communities,Kumbungu District communities,signed
192,Alhassan Dauda,F,Disease Control Officer,Kumbungu District communities,Kumbungu District communities,signed
193,Sulemana Mahama,F,Disease Control Officer,Kumbungu District communities,Kumbungu District communities,signed
194,Yakubu Tia,F,Enrolled Nurse,Kumbungu District communities,Kumbungu District communities,signed
195,Ayishetu Alhassan,F,Disease Control Officer,Kumbungu District communities,Kumbungu District communities,signed
196,Mohammed Dauda,F,Medical Assistant,Kumbungu District communities,Kumbungu District communities,signed
197,Abdul Alhassan,F,Medical Assistant,Kumbungu District communities,Kumbungu District communities,signed
198,Adiza Dauda,F,Disease Control Officer,Kumbungu District communities,Kumbungu District communities,signed
199,Baba Napari,F,Community Health Officer,Kumbungu District communities,Kumbungu District communities,signed
200,Yakubu Yakubu,F,Enrolled Nurse,Kumbungu District communities,Kumbungu District communities,signed
201,Memunatu Yakubu,F,Disease Control Officer,Kumbungu District communities,Kumbungu District communities,signed
202,Rahinatu Iddrisu,F,Community Health Officer,Kumbungu District communities,Kumbungu District communities,signed
203,Baba Napari,F,Enrolled Nurse,Kumbungu District communities,Kumbungu District communities,signed
204,Abdul Fuseini,F,Midwife,Kumbungu District communities,Kumbungu District communities,signed
205,Ayishetu Dauda,F,Medical Assistant,Kumbungu District communities,Kumbungu District communities,signed
206,Issah Wumbei,F,Enrolled Nurse,Kumbungu District communities,Kumbungu District communities,signed
207,Ayishetu Tia,F,Community Health Officer,Kumbungu District communities,Kumbungu District communities,signed
208,Abdul Wumbei,F,Community Health Officer,Kumbungu District communities,Kumbungu District communities,signed
209,Rahinatu Napari,F,Midwife,Kumbungu District communities,Kumbungu District communities,signed
210,Issah Fuseini,F,Midwife,Kumbungu District communities,Kumbungu District communities,signed
211,Fati Yakubu,F,Community Health Officer,Kumbungu District communities,Kumbungu District communities,signed
212,Rahinatu Fuseini,F,Enrolled Nurse,Kumbungu District communities,Kumbungu District communities,signed
213,Hawa Yakubu,F,Community Health Officer,Kumbungu District communities,Kumbungu District communities,signed
214,Sulemana Seidu,F,Community Health Officer,Kumbungu District communities,Kumbungu District communities,signed
215,Iddrisu Dauda,F,Community Health Officer,Kumbungu District communities,Kumbungu District communities,signed
216,Adiza Yakubu,F,Midwife,Kumbungu District communities,Kumbungu District communities,signed
217,Yakubu Issahaku,F,Community Health Officer,Kumbungu District communities,Kumbungu District communities,signed
218,Rahinatu Yakubu,F,Medical Assistant,Kumbungu District communities,Kumbungu District communities,signed
219,Yakubu Seidu,F,Community Health Officer,Kumbungu District communities,Kumbungu District communities,signed
220,Baba Mahama,F,Enrolled Nurse,Kumbungu District communities,Kumbungu District communities,signed
221,Issah Issahaku,F,Midwife,Kumbungu District communities,Kumbungu District communities,signed
222,Rahinatu Iddrisu,F,Medical Assistant,Kumbungu District communities,Kumbungu District communities,signed
223,Sanatu Alhassan,F,Medical Assistant,Kumbungu District communities,Kumbungu District communities,signed
224,Alhassan Yakubu,F,Enrolled Nurse,Kumbungu District communities,Kumbungu District communities,signed
225,Abdul Alhassan,F,Enrolled Nurse,Kumbungu District communities,Kumbungu District communities,signed
226,Iddrisu Seidu,F,Medical Assistant,Kumbungu District communities,Kumbungu District communities,signed
227,Abdul Fuseini,F,Midwife,Kumbungu District communities,Kumbungu District communities,signed
228,Alhassan Abdulai,F,Medical Assistant,Kumbungu District communities,Kumbungu District communities,signed
229,Adiza Mahama,F,Disease Control Officer,Kumbungu District communities,Kumbungu District communities,signed
230,Hawa Seidu,F,Enrolled Nurse,Kumbungu District communities,Kumbungu District communities,signed
231,Abu Fuseini,F,Community Health Officer,Kumbungu District communities,Kumbungu District communities,signed
232,Memunatu Yakubu,F,Midwife,Kumbungu District communities,Kumbungu District communities,signed
233,Memunatu Fuseini,F,Midwife,Kumbungu District communities,Kumbungu District communities,signed
234,Yakubu Seidu,F,Disease Control Officer,Kumbungu District communities,Kumbungu District communities,signed
235,Zuweira Seidu,F,Community Health Officer,Kumbungu District communities,Kumbungu District communities,signed
236,Mohammed Dauda,F,Medical Assistant,Kumbungu District communities,Kumbungu District communities,signed
237,Adiza Wumbei,F,Enrolled Nurse,Kumbungu District communities,Kumbungu District communities,signed
238,Memunatu Fuseini,F,Midwife,Kumbungu District communities,Kumbungu District communities,signed
239,Ayishetu Yakubu,F,Enrolled Nurse,Kumbungu District communities,Kumbungu District communities,signed
240,Fati Wumbei,F,Community Health Officer,Kumbungu District communities,Kumbungu District communities,signed
241,Abdul Alhassan,F,Midwife,Kumbungu District communities,Kumbungu District communities,signed
242,Iddrisu Fuseini,F,Midwife,Kumbungu District communities,Kumbungu District communities,signed
243,Hawa Abdulai,F,Enrolled Nurse,Kumbungu District communities,Kumbungu District communities,signed
244,Yakubu Tia,F,Medical Assistant,Kumbungu District communities,Kumbungu District communities,signed
245,Zuweira Iddrisu,F,Medical Assistant,Kumbungu District communities,Kumbungu District communities,signed
246,Abu Dauda,F,Disease Control Officer,Kumbungu District communities,Kumbungu District communities,signed
247,Memunatu Wumbei,F,Midwife,Kumbungu District communities,Kumbungu District communities,signed
248,Zuweira Napari,F,Midwife,Kumbungu District communities,Kumbungu District communities,signed
249,Abdul Seidu,F,Community Health Officer,Kumbungu District communities,Kumbungu District communities,signed
250,Sanatu Dauda,F,Medical Assistant,Kumbungu District communities,Kumbungu District communities,signed
251,Issah Wumbei,F,Enrolled Nurse,Kumbungu District communities,Kumbungu District communities,signed
252,Yakubu Seidu,F,Disease Control Officer,Kumbungu District communities,Kumbungu District communities,signed
253,Hawa Abdulai,F,Midwife,Kumbungu District communities,Kumbungu District communities,signed
254,Yakubu Alhassan,F,Midwife,Kumbungu District communities,Kumbungu District communities,signed
255,Memunatu Dauda,F,Disease Control Officer,Kumbungu District communities,Kumbungu District communities,signed
256,Adiza Abdulai,F,Medical Assistant,Kumbungu District communities,Kumbungu District communities,signed
257,Issah Wumbei,F,Medical Assistant,Kumbungu District communities,Kumbungu District communities,signed
258,Hawa Yakubu,F,Midwife,Kumbungu District communities,Kumbungu District communities,signed
259,Sanatu Abdulai,F,Medical Assistant,Kumbungu District communities,Kumbungu District communities,signed
260,Sanatu Tia,F,Community Health Officer,Kumbungu District communities,Kumbungu District communities,signed
261,Baba Alhassan,F,Medical Assistant,Kumbungu District communities,Kumbungu District communities,signed
262,Fuseini Iddrisu,F,Disease Control Officer,Kumbungu District communities,Kumbungu District communities,signed
263,Issah Yakubu,F,Disease Control Officer,Kumbungu District communities,Kumbungu District communities,signed
264,Abu Mahama,F,Medical Assistant,Kumbungu District communities,Kumbungu District communities,signed
265,Fuseini Fuseini,F,Community Health Officer,Kumbungu District communities,Kumbungu District communities,signed
266,Hawa Yakubu,F,Medical Assistant,Kumbungu District communities,Kumbungu District communities,signed
267,Issah Alhassan,F,Midwife,Kumbungu District communities,Kumbungu District communities,signed
268,Hawa Issahaku,F,Enrolled Nurse,Kumbungu District communities,Kumbungu District communities,signed
269,Hawa Tia,F,Midwife,Kumbungu District communities,Kumbungu District communities,signed
270,Rahinatu Issahaku,F,Enrolled Nurse,Kumbungu District communities,Kumbungu District communities,signed
271,Abu Iddrisu,F,Medical Assistant,Kumbungu District communities,Kumbungu District communities,signed
272,Iddrisu Mahama,F,Community Health Officer,Kumbungu District communities,Kumbungu District communities,signed
273,Baba Iddrisu,F,Midwife,Kumbungu District communities,Kumbungu District communities,signed
274,Adiza Abdulai,F,Community Health Officer,Kumbungu District communities,Kumbungu District communities,signed
275,Alhassan Tia,F,Enrolled Nurse,Kumbungu District communities,Kumbungu District communities,signed
276,Baba Dauda,F,Community Health Officer,Kumbungu District communities,Kumbungu District communities,signed
277,Sulemana Dauda,F,Community Health Officer,Kumbungu District communities,Kumbungu District communities,signed
278,Abu Abdulai,F,Midwife,Kumbungu District communities,Kumbungu District communities,signed
279,Baba Wumbei,F,Community Health Officer,Kumbungu District communities,Kumbungu District communities,signed
280,Zuweira Seidu,F,Medical Assistant,Kumbungu District communities,Kumbungu District communities,signed
281,Fuseini Iddrisu,F,Disease Control Officer,Kumbungu District communities,Kumbungu District communities,signed
282,Fati Fuseini,F,Enrolled Nurse,Kumbungu District communities,Kumbungu District communities,signed
283,Abdul Tia,F,Disease Control Officer,Kumbungu District communities,Kumbungu District communities,signed
284,Zuweira Issahaku,F,Community Health Officer,Kumbungu District communities,Kumbungu District communities,signed
285,Sanatu Fuseini,F,Midwife,Kumbungu District communities,Kumbungu District communities,signed
286,Iddrisu Abdulai,F,Midwife,Kumbungu District communities,Kumbungu District communities,signed
287,Ayishetu Yakubu,F,Disease Control Officer,Kumbungu District communities,Kumbungu District communities,signed
288,Yakubu Seidu,F,Enrolled Nurse,Kumbungu District communities,Kumbungu District communities,signed
289,Salamatu Fuseini,F,Midwife,Kumbungu District communities,Kumbungu District communities,signed
290,Abu Alhassan,F,Enrolled Nurse,Kumbungu District communities,Kumbungu District communities,signed
291,Alhassan Yakubu,F,Midwife,Kumbungu District communities,Kumbungu District communities,signed
292,Baba Dauda,F,Disease Control Officer,Kumbungu District communities,Kumbungu District communities,signed
293,Fuseini Yakubu,F,Midwife,Kumbungu District communities,Kumbungu District communities,signed
294,Ayishetu Fuseini,F,Disease Control Officer,Kumbungu District communities,Kumbungu District communities,signed
295,Salamatu Fuseini,F,Community Health Officer,Kumbungu District communities,Kumbungu District communities,signed
296,Sulemana Napari,F,Medical Assistant,Kumbungu District communities,Kumbungu District communities,signed
297,Zuweira Tia,F,Disease Control Officer,Kumbungu District communities,Kumbungu District communities,signed
298,Adiza Napari,F,Disease Control Officer,Kumbungu District communities,Kumbungu District communities,signed
299,Fati Seidu,F,Enrolled Nurse,Kumbungu District communities,Kumbungu District communities,signed
300,Sanatu Yakubu,F,Midwife,Kumbungu District communities,Kumbungu District communities,signed
301,Memunatu Mahama,F,Midwife,Kumbungu District communities,Kumbungu District communities,signed
302,Alhassan Napari,F,Community Health Officer,Kumbungu District communities,Kumbungu District communities,signed
303,Issah Wumbei,F,Disease Control Officer,Kumbungu District communities,Kumbungu District communities,signed
304,Abdul Abdulai,F,Enrolled Nurse,Kumbungu District communities,Kumbungu District communities,signed
305,Rahinatu Mahama,F,Enrolled Nurse,Kumbungu District communities,Kumbungu District communities,signed
306,Memunatu Iddrisu,F,Community Health Officer,Kumbungu District communities,Kumbungu District communities,signed
307,Baba Tia,F,Medical Assistant,Kumbungu District communities,Kumbungu District communities,signed
308,Issah Alhassan,F,Enrolled Nurse,Kumbungu District communities,Kumbungu District communities,signed
309,Fuseini Alhassan,F,Disease Control Officer,Kumbungu District communities,Kumbungu District communities,signed
310,Memunatu Tia,F,Community Health Officer,Kumbungu District communities,Kumbungu District communities,signed
311,Iddrisu Alhassan,F,Enrolled Nurse,Kumbungu District communities,Kumbungu District communities,signed
312,Sanatu Iddrisu,F,Midwife,Kumbungu District communities,Kumbungu District communities,signed
313,Sulemana Dauda,F,Medical Assistant,Kumbungu District communities,Kumbungu District communities,signed
314,Issah Tia,F,Enrolled Nurse,Kumbungu District communities,Kumbungu District communities,signed
315,Sulemana Yakubu,F,Enrolled Nurse,Kumbungu District communities,Kumbungu District communities,signed
316,Fati Napari,F,Enrolled Nurse,Kumbungu District communities,Kumbungu District communities,signed
317,Yakubu Seidu,F,Disease Control Officer,Kumbungu District communities,Kumbungu District communities,signed
318,Mariam Iddrisu,F,Disease Control Officer,Kumbungu District communities,Kumbungu District communities,signed
319,Abu Napari,F,Disease Control Officer,Kumbungu District communities,Kumbungu District communities,signed
320,Sanatu Issahaku,F,Community Health Officer,Kumbungu District communities,Kumbungu District communities,signed
321,Sanatu Abdulai,F,Disease Control Officer,Kumbungu District communities,Kumbungu District communities,signed
322,Memunatu Abdulai,F,Midwife,Kumbungu District communities,Kumbungu District communities,signed
323,Memunatu Fuseini,F,Disease Control Officer,Kumbungu District communities,Kumbungu District communities,signed
324,Zuweira Abdulai,F,Enrolled Nurse,Kumbungu District communities,Kumbungu District communities,signed
325,Fati Wumbei,F,Enrolled Nurse,Kumbungu District communities,Kumbungu District communities,signed
326,Adiza Abdulai,F,Disease Control Officer,Kumbungu District communities,Kumbungu District communities,signed
327,Fati Wumbei,F,Community Health Officer,Kumbungu District communities,Kumbungu District communities,signed
328,Issah Fuseini,F,Community Health Officer,Kumbungu District communities,Kumbungu District communities,signed
329,Sanatu Fuseini,F,Midwife,Kumbungu District communities,Kumbungu District communities,signed
330,Fati Abdulai,F,Disease Control Officer,Kumbungu District communities,Kumbungu District communities,signed
331,Hawa Iddrisu,F,Community Health Officer,Kumbungu District communities,Kumbungu District communities,signed
332,Issah Tia,F,Enrolled Nurse,Kumbungu District communities,Kumbungu District communities,signed
333,Mohammed Alhassan,F,Enrolled Nurse,Kumbungu District communities,Kumbungu District communities,signed
334,Adiza Seidu,F,Medical Assistant,Kumbungu District communities,Kumbungu District communities,signed
335,Rahinatu Yakubu,F,Disease Control Officer,Kumbungu District communities,Kumbungu District communities,signed
336,Adiza Wumbei,F,Community Health Officer,Kumbungu District communities,Kumbungu District communities,signed
337,Issah Dauda,F,Disease Control Officer,Kumbungu District communities,Kumbungu District communities,signed
338,Hawa Issahaku,F,Midwife,Kumbungu District communities,Kumbungu District communities,signed
339,Hawa Dauda,F,Medical Assistant,Kumbungu District communities,Kumbungu District communities,signed
340,Mariam Mahama,F,Enrolled Nurse,Kumbungu District communities,Kumbungu District communities,signed
341,Memunatu Alhassan,F,Midwife,Kumbungu District communities,Kumbungu District communities,signed
342,Abdul Dauda,F,Disease Control Officer,Kumbungu District communities,Kumbungu District communities,signed
343,Sanatu Abdulai,F,Midwife,Kumbungu District communities,Kumbungu District communities,signed
344,Fati Alhassan,F,Midwife,Kumbungu District communities,Kumbungu District communities,signed
345,Adiza Fuseini,F,Enrolled Nurse,Kumbungu District communities,Kumbungu District communities,signed
346,Rahinatu Fuseini,F,Medical Assistant,Kumbungu District communities,Kumbungu District communities,signed
347,Abdul Dauda,F,Disease Control Officer,Kumbungu District communities,Kumbungu District communities,signed
348,Baba Mahama,F,Medical Assistant,Kumbungu District communities,Kumbungu District communities,signed
349,Fati Wumbei,F,Disease Control Officer,Kumbungu District communities,Kumbungu District communities,signed
350,Rahinatu Dauda,F,Community Health Officer,Kumbungu District communities,Kumbungu District communities,signed
351,Rahinatu Napari,F,Medical Assistant,Kumbungu District communities,Kumbungu District communities,signed
352,Memunatu Iddrisu,F,Disease Control Officer,Kumbungu District communities,Kumbungu District communities,signed
353,Sulemana Abdulai,F,Disease Control Officer,Kumbungu District communities,Kumbungu District communities,signed
354,Mariam Tia,F,Community Health Officer,Kumbungu District communities,Kumbungu District communities,signed
355,Salamatu Wumbei,F,Enrolled Nurse,Kumbungu District communities,Kumbungu District communities,signed
356,Alhassan Yakubu,F,Community Health Officer,Kumbungu District communities,Kumbungu District communities,signed
357,Issah Seidu,F,Medical Assistant,Kumbungu District communities,Kumbungu District communities,signed
358,Mohammed Alhassan,F,Enrolled Nurse,Kumbungu District communities,Kumbungu District communities,signed
359,Yakubu Alhassan,F,Community Health Officer,Kumbungu District communities,Kumbungu District communities,signed
360,Adiza Abdulai,F,Medical Assistant,Kumbungu District communities,Kumbungu District communities,signed
361,Zuweira Yakubu,F,Enrolled Nurse,Kumbungu District communities,Kumbungu District communities,signed
362,Rahinatu Mahama,F,Enrolled Nurse,Kumbungu District communities,Kumbungu District communities,signed
363,Fuseini Tia,F,Enrolled Nurse,Kumbungu District communities,Kumbungu District communities,signed
364,Zuweira Iddrisu,F,Enrolled Nurse,Kumbungu District communities,Kumbungu District communities,signed
365,Alhassan Issahaku,F,Medical Assistant,Kumbungu District communities,Kumbungu District communities,signed
366,Iddrisu Yakubu,F,Medical Assistant,Kumbungu District communities,Kumbungu District communities,signed
367,Sanatu Alhassan,F,Community Health Officer,Kumbungu District communities,Kumbungu District communities,signed
368,Salamatu Mahama,F,Medical Assistant,Kumbungu District communities,Kumbungu District communities,signed
369,Adiza Mahama,F,Enrolled Nurse,Kumbungu District communities,Kumbungu District communities,signed
370,Ayishetu Tia,F,Disease Control Officer,Kumbungu District communities,Kumbungu District communities,signed
371,Adiza Fuseini,F,Disease Control Officer,Kumbungu District communities,Kumbungu District communities,signed
372,Zuweira Iddrisu,F,Midwife,Kumbungu District communities,Kumbungu District communities,signed
373,Abdul Seidu,F,Medical Assistant,Kumbungu District communities,Kumbungu District communities,signed
374,Iddrisu Alhassan,F,Midwife,Kumbungu District communities,Kumbungu District communities,signed
375,Mariam Alhassan,F,Disease Control Officer,Kumbungu District communities,Kumbungu District communities,signed
376,Issah Alhassan,F,Disease Control Officer,Kumbungu District communities,Kumbungu District communities,signed
377,Yakubu Seidu,F,Disease Control Officer,Kumbungu District communities,Kumbungu District communities,signed
378,Zuweira Wumbei,F,Midwife,Kumbungu District communities,Kumbungu District communities,signed
379,Mariam Mahama,F,Medical Assistant,Kumbungu District communities,Kumbungu District communities,signed
380,Alhassan Abdulai,F,Community Health Officer,Kumbungu District communities,Kumbungu District communities,signed
381,Adiza Yakubu,F,Midwife,Kumbungu District communities,Kumbungu District communities,signed
382,Yakubu Mahama,F,Community Health Officer,Kumbungu District communities,Kumbungu District communities,signed
383,Sanatu Alhassan,F,Enrolled Nurse,Kumbungu District communities,Kumbungu District communities,signed
384,Ayishetu Yakubu,F,Community Health Officer,Kumbungu District communities,Kumbungu District communities,signed
385,Fati Tia,F,Disease Control Officer,Kumbungu District communities,Kumbungu District communities,signed
386,Baba Wumbei,F,Enrolled Nurse,Kumbungu District communities,Kumbungu District communities,signed
387,Sulemana Iddrisu,F,Community Health Officer,Kumbungu District communities,Kumbungu District communities,signed
388,Issah Seidu,F,Midwife,Kumbungu District communities,Kumbungu District communities,signed
389,Abdul Napari,F,Medical Assistant,Kumbungu District communities,Kumbungu District communities,signed
390,Adiza Wumbei,F,Enrolled Nurse,Kumbungu District communities,Kumbungu District communities,signed
391,Fati Issahaku,F,Enrolled Nurse,Kumbungu District communities,Kumbungu District communities,signed
392,Iddrisu Issahaku,F,Enrolled Nurse,Kumbungu District communities,Kumbungu District communities,signed
393,Adiza Seidu,F,Midwife,Kumbungu District communities,Kumbungu District communities,signed
394,Issah Seidu,F,Midwife,Kumbungu District communities,Kumbungu District communities,signed
395,Memunatu Yakubu,F,Community Health Officer,Kumbungu District communities,Kumbungu District communities,signed
396,Abu Tia,F,Midwife,Kumbungu District communities,Kumbungu District communities,signed
397,Yakubu Wumbei,F,Enrolled Nurse,Kumbungu District communities,Kumbungu District communities,signed
398,Sanatu Napari,F,Community Health Officer,Kumbungu District communities,Kumbungu District communities,signed
399,Baba Alhassan,F,Midwife,Kumbungu District communities,Kumbungu District communities,signed
400,Baba Abdulai,F,Medical Assistant,Kumbungu District communities,Kumbungu District communities,signed
401,Fuseini Dauda,F,Community Health Officer,Kumbungu District communities,Kumbungu District communities,signed
402,Salamatu Napari,F,Medical Assistant,Kumbungu District communities,Kumbungu District communities,signed
403,Memunatu Tia,F,Disease Control Officer,Kumbungu District communities,Kumbungu District communities,signed
404,Yakubu Yakubu,F,Disease Control Officer,Kumbungu District communities,Kumbungu District communities,signed
405,Sanatu Issahaku,F,Disease Control Officer,Kumbungu District communities,Kumbungu District communities,signed
406,Baba Yakubu,F,Midwife,Kumbungu District communities,Kumbungu District communities,signed
407,Abdul Napari,F,Medical Assistant,Kumbungu District communities,Kumbungu District communities,signed
408,Ayishetu Napari,F,Community Health Officer,Kumbungu District communities,Kumbungu District communities,signed
409,Alhassan Abdulai,F,Disease Control Officer,Kumbungu District communities,Kumbungu District communities,signed
410,Sulemana Dauda,F,Midwife,Kumbungu District communities,Kumbungu District communities,signed
411,Ayishetu Fuseini,F,Disease Control Officer,Kumbungu District communities,Kumbungu District communities,signed
412,Fati Mahama,F,Enrolled Nurse,Kumbungu District communities,Kumbungu District communities,signed
413,Salamatu Seidu,F,Midwife,Kumbungu District communities,Kumbungu District communities,signed
414,Memunatu Alhassan,F,Community Health Officer,Kumbungu District communities,Kumbungu District communities,signed
415,Abdul Yakubu,F,Medical Assistant,Kumbungu District communities,Kumbungu District communities,signed
416,Abdul Tia,F,Disease Control Officer,Kumbungu District communities,Kumbungu District communities,signed
417,Baba Mahama,F,Medical Assistant,Kumbungu District communities,Kumbungu District communities,signed
418,Issah Wumbei,F,Community Health Officer,Kumbungu District communities,Kumbungu District communities,signed
419,Rahinatu Yakubu,F,Enrolled Nurse,Kumbungu District communities,Kumbungu District communities,signed
420,Fuseini Yakubu,F,Enrolled Nurse,Kumbungu District communities,Kumbungu District communities,signed
421,Issah Abdulai,F,Midwife,Kumbungu District communities,Kumbungu District communities,signed
422,Iddrisu Yakubu,F,Medical Assistant,Kumbungu District communities,Kumbungu District communities,signed
423,Yakubu Wumbei,F,Disease Control Officer,Kumbungu District communities,Kumbungu District communities,signed
424,Adiza Yakubu,F,Midwife,Kumbungu District communities,Kumbungu District communities,signed
425,Zuweira Wumbei,F,Enrolled Nurse,Kumbungu District communities,Kumbungu District communities,signed
426,Abdul Tia,F,Medical Assistant,Kumbungu District communities,Kumbungu District communities,signed
427,Yakubu Abdulai,F,Community Health Officer,Kumbungu District communities,Kumbungu District communities,signed
428,Iddrisu Wumbei,F,Community Health Officer,Kumbungu District communities,Kumbungu District communities,signed
429,Baba Alhassan,F,Midwife,Kumbungu District communities,Kumbungu District communities,signed
430,Sanatu Yakubu,F,Medical Assistant,Kumbungu District communities,Kumbungu District communities,signed
431,Rahinatu Dauda,F,Medical Assistant,Kumbungu District communities,Kumbungu District communities,signed
432,Adiza Tia,F,Midwife,Kumbungu District communities,Kumbungu District communities,signed
433,Salamatu Seidu,F,Community Health Officer,Kumbungu District communities,Kumbungu District communities,signed
434,Iddrisu Abdulai,F,Midwife,Kumbungu District communities,Kumbungu District communities,signed
435,Baba Iddrisu,F,Medical Assistant,Kumbungu District communities,Kumbungu District communities,signed
436,Fati Abdulai,F,Disease Control Officer,Kumbungu District communities,Kumbungu District communities,signed
437,Memunatu Dauda,F,Medical Assistant,Kumbungu District communities,Kumbungu District communities,signed
438,Mariam Abdulai,F,Medical Assistant,Kumbungu District communities,Kumbungu District communities,signed
439,Alhassan Abdulai,F,Disease Control Officer,Kumbungu District communities,Kumbungu District communities,signed
440,Adiza Seidu,F,Enrolled Nurse,Kumbungu District communities,Kumbungu District communities,signed
441,Yakubu Issahaku,F,Community Health Officer,Kumbungu District communities,Kumbungu District communities,signed
442,Issah Iddrisu,F,Midwife,Kumbungu District communities,Kumbungu District communities,signed
443,Abdul Mahama,F,Disease Control Officer,Kumbungu District communities,Kumbungu District communities,signed
444,Fati Tia,F,Community Health Officer,Kumbungu District communities,Kumbungu District communities,signed
445,Sulemana Yakubu,F,Disease Control Officer,Kumbungu District communities,Kumbungu District communities,signed
446,Alhassan Dauda,F,Medical Assistant,Kumbungu District communities,Kumbungu District communities,signed
447,Memunatu Fuseini,F,Medical Assistant,Kumbungu District communities,Kumbungu District communities,signed
448,Rahinatu Iddrisu,F,Midwife,Kumbungu District communities,Kumbungu District communities,signed
449,Salamatu Mahama,F,Midwife,Kumbungu District communities,Kumbungu District communities,signed
450,Sanatu Tia,F,Enrolled Nurse,Kumbungu District communities,Kumbungu District communities,signed
451,Adiza Iddrisu,F,Midwife,Kumbungu District communities,Kumbungu District communities,signed
452,Adiza Seidu,F,Enrolled Nurse,Kumbungu District communities,Kumbungu District communities,signed
453,Zuweira Abdulai,F,Disease Control Officer,Kumbungu District communities,Kumbungu District communities,signed
454,Fuseini Issahaku,F,Enrolled Nurse,Kumbungu District communities,Kumbungu District communities,signed
455,Iddrisu Yakubu,F,Disease Control Officer,Kumbungu District communities,Kumbungu District communities,signed
456,Abu Iddrisu,F,Enrolled Nurse,Kumbungu District communities,Kumbungu District communities,signed
457,Ayishetu Tia,F,Midwife,Kumbungu District communities,Kumbungu District communities,signed
458,Baba Mahama,F,Midwife,Kumbungu District communities,Kumbungu District communities,signed
459,Mohammed Iddrisu,F,Disease Control Officer,Kumbungu District communities,Kumbungu District communities,signed
460,Yakubu Tia,F,Medical Assistant,Kumbungu District communities,Kumbungu District communities,signed
461,Issah Seidu,F,Community Health Officer,Kumbungu District communities,Kumbungu District communities,signed
462,Iddrisu Mahama,F,Disease Control Officer,Kumbungu District communities,Kumbungu District communities,signed
463,Sanatu Tia,F,Midwife,Kumbungu District communities,Kumbungu District communities,signed
464,Adiza Dauda,F,Disease Control Officer,Kumbungu District communities,Kumbungu District communities,signed
465,Baba Issahaku,F,Enrolled Nurse,Kumbungu District communities,Kumbungu District communities,signed
466,Adiza Mahama,F,Midwife,Kumbungu District communities,Kumbungu District communities,signed
467,Sanatu Issahaku,F,Enrolled Nurse,Kumbungu District communities,Kumbungu District communities,signed
468,Yakubu Fuseini,F,Enrolled Nurse,Kumbungu District communities,Kumbungu District communities,signed
469,Mariam Seidu,F,Community Health Officer,Kumbungu District communities,Kumbungu District communities,signed
470,Rahinatu Napari,F,Community Health Officer,Kumbungu District communities,Kumbungu District communities,signed
471,Alhassan Tia,F,Enrolled Nurse,Kumbungu District communities,Kumbungu District communities,signed
472,Adiza Dauda,F,Enrolled Nurse,Kumbungu District communities,Kumbungu District communities,signed
473,Sulemana Fuseini,F,Community Health Officer,Kumbungu District communities,Kumbungu District communities,signed
474,Fati Mahama,F,Disease Control Officer,Kumbungu District communities,Kumbungu District communities,signed
475,Memunatu Tia,F,Midwife,Kumbungu District communities,Kumbungu District communities,signed
476,Yakubu Alhassan,F,Medical Assistant,Kumbungu District communities,Kumbungu District communities,signed
477,Sulemana Iddrisu,F,Enrolled Nurse,Kumbungu District communities,Kumbungu District communities,signed
478,Fuseini Seidu,F,Community Health Officer,Kumbungu District communities,Kumbungu District communities,signed
479,Baba Tia,F,Midwife,Kumbungu District communities,Kumbungu District communities,signed
480,Fati Dauda,F,Enrolled Nurse,Kumbungu District communities,Kumbungu District communities,signed
481,Memunatu Mahama,F,Midwife,Kumbungu District communities,Kumbungu District communities,signed
482,Ayishetu Alhassan,F,Disease Control Officer,Kumbungu District communities,Kumbungu District communities,signed
483,Baba Seidu,F,Medical Assistant,Kumbungu District communities,Kumbungu District communities,signed
484,Issah Yakubu,F,Medical Assistant,Kumbungu District communities,Kumbungu District communities,signed
485,Zuweira Seidu,F,Disease Control Officer,Kumbungu District communities,Kumbungu District communities,signed
486,Alhassan Iddrisu,F,Community Health Officer,Kumbungu District communities,Kumbungu District communities,signed
487,Sulemana Seidu,F,Enrolled Nurse,Kumbungu District communities,Kumbungu District communities,signed
488,Memunatu Napari,F,Community Health Officer,Kumbungu District communities,Kumbungu District communities,signed
489,Iddrisu Fuseini,F,Medical Assistant,Kumbungu District communities,Kumbungu District communities,signed
490,Hawa Seidu,F,Midwife,Kumbungu District communities,Kumbungu District communities,signed
491,Fati Dauda,F,Medical Assistant,Kumbungu District communities,Kumbungu District communities,signed
492,Rahinatu Napari,F,Disease Control Officer,Kumbungu District communities,Kumbungu District communities,signed
493,Alhassan Yakubu,F,Disease Control Officer,Kumbungu District communities,Kumbungu District communities,signed
494,Sanatu Tia,F,Community Health Officer,Kumbungu District communities,Kumbungu District communities,signed
495,Rahinatu Abdulai,F,Midwife,Kumbungu District communities,Kumbungu District communities,signed
496,Memunatu Wumbei,F,Enrolled Nurse,Kumbungu District communities,Kumbungu District communities,signed
497,Hawa Wumbei,F,Medical Assistant,Kumbungu District communities,Kumbungu District communities,signed
498,Memunatu Alhassan,F,Community Health Officer,Kumbungu District communities,Kumbungu District communities,signed
499,Fati Issahaku,F,Community Health Officer,Kumbungu District communities,Kumbungu District communities,signed
500,Abu Napari,F,Community Health Officer,Kumbungu District communities,Kumbungu District communities,signed
501,Zuweira Fuseini,F,Disease Control Officer,Kumbungu District communities,Kumbungu District communities,signed
502,Mohammed Mahama,F,Disease Control Officer,Kumbungu District communities,Kumbungu District communities,signed
503,Mariam Issahaku,F,Midwife,Kumbungu District communities,Kumbungu District communities,signed
504,Abu Mahama,F,Enrolled Nurse,Kumbungu District communities,Kumbungu District communities,signed
505,Mariam Mahama,F,Midwife,Kumbungu District communities,Kumbungu District communities,signed
506,Abu Fuseini,F,Medical Assistant,Kumbungu District communities,Kumbungu District communities,signed
507,Mariam Fuseini,F,Midwife,Kumbungu District communities,Kumbungu District communities,signed
508,Mohammed Fuseini,F,Disease Control Officer,Kumbungu District communities,Kumbungu District communities,signed
509,Sulemana Napari,F,Medical Assistant,Kumbungu District communities,Kumbungu District communities,signed
510,Fuseini Issahaku,F,Midwife,Kumbungu District communities,Kumbungu District communities,signed
511,Yakubu Tia,F,Disease Control Officer,Kumbungu District communities,Kumbungu District communities,signed
512,Sanatu Seidu,F,Disease Control Officer,Kumbungu District communities,Kumbungu District communities,signed
513,Adiza Napari,F,Midwife,Kumbungu District communities,Kumbungu District communities,signed
514,Abdul Wumbei,F,Enrolled Nurse,Kumbungu District communities,Kumbungu District communities,signed
515,Mariam Yakubu,F,Enrolled Nurse,Kumbungu District communities,Kumbungu District communities,signed
516,Fuseini Fuseini,F,Disease Control Officer,Kumbungu District communities,Kumbungu District communities,signed
517,Sulemana Yakubu,F,Midwife,Kumbungu District communities,Kumbungu District communities,signed
518,Salamatu Abdulai,F,Community Health Officer,Kumbungu District communities,Kumbungu District communities,signed
519,Memunatu Napari,F,Disease Control Officer,Kumbungu District communities,Kumbungu District communities,signed
520,Ayishetu Fuseini,F,Midwife,Kumbungu District communities,Kumbungu District communities,signed
521,Fati Fuseini,F,Disease Control Officer,Kumbungu District communities,Kumbungu District communities,signed
522,Abu Alhassan,F,Midwife,Kumbungu District communities,Kumbungu District communities,signed
523,Ayishetu Seidu,F,Disease Control Officer,Kumbungu District communities,Kumbungu District communities,signed
524,Salamatu Dauda,F,Midwife,Kumbungu District communities,Kumbungu District communities,signed
525,Hawa Napari,F,Medical Assistant,Kumbungu District communities,Kumbungu District communities,signed
526,Iddrisu Alhassan,F,Disease Control Officer,Kumbungu District communities,Kumbungu District communities,signed
527,Yakubu Iddrisu,F,Enrolled Nurse,Kumbungu District communities,Kumbungu District communities,signed
528,Abdul Dauda,F,Medical Assistant,Kumbungu District communities,Kumbungu District communities,signed
529,Fuseini Tia,F,Community Health Officer,Kumbungu District communities,Kumbungu District communities,signed
530,Abu Abdulai,F,Midwife,Kumbungu District communities,Kumbungu District communities,signed
531,Adiza Tia,F,Enrolled Nurse,Kumbungu District communities,Kumbungu District communities,signed
532,Fuseini Abdulai,F,Midwife,Kumbungu District communities,Kumbungu District communities,signed
533,Issah Tia,F,Midwife,Kumbungu District communities,Kumbungu District communities,signed
534,Mohammed Tia,F,Community Health Officer,Kumbungu District communities,Kumbungu District communities,signed
535,Abu Dauda,F,Midwife,Kumbungu District communities,Kumbungu District communities,signed
536,Salamatu Dauda,F,Disease Control Officer,Kumbungu District communities,Kumbungu District communities,signed
537,Baba Alhassan,F,Community Health Officer,Kumbungu District communities,Kumbungu District communities,signed
538,Abdul Fuseini,F,Community Health Officer,Kumbungu District communities,Kumbungu District communities,signed
539,Issah Mahama,F,Medical Assistant,Kumbungu District communities,Kumbungu District communities,signed
540,Hawa Mahama,F,Disease Control Officer,Kumbungu District communities,Kumbungu District communities,signed
541,Adiza Alhassan,F,Medical Assistant,Kumbungu District communities,Kumbungu District communities,signed
542,Sulemana Napari,F,Midwife,Kumbungu District communities,Kumbungu District communities,signed
543,Abdul Iddrisu,F,Enrolled Nurse,Kumbungu District communities,Kumbungu District communities,signed
544,Mariam Napari,F,Midwife,Kumbungu District communities,Kumbungu District communities,signed
545,Mariam Alhassan,F,Disease Control Officer,Kumbungu District communities,Kumbungu District communities,signed
546,Abdul Napari,F,Medical Assistant,Kumbungu District communities,Kumbungu District communities,signed
547,Yakubu Mahama,F,Enrolled Nurse,Kumbungu District communities,Kumbungu District communities,signed
548,Adiza Wumbei,F,Medical Assistant,Kumbungu District communities,Kumbungu District communities,signed
549,Rahinatu Napari,F,Medical Assistant,Kumbungu District communities,Kumbungu District communities,signed
550,Adiza Fuseini,F,Enrolled Nurse,Kumbungu District communities,Kumbungu District communities,signed
551,Rahinatu Wumbei,F,Enrolled Nurse,Kumbungu District communities,Kumbungu District communities,signed
552,Salamatu Abdulai,F,Enrolled Nurse,Kumbungu District communities,Kumbungu District communities,signed
553,Sanatu Fuseini,F,Midwife,Kumbungu District communities,Kumbungu District communities,signed
554,Memunatu Issahaku,F,Enrolled Nurse,Kumbungu District communities,Kumbungu District communities,signed
555,Issah Fuseini,F,Enrolled Nurse,Kumbungu District communities,Kumbungu District communities,signed
556,Mohammed Napari,F,Community Health Officer,Kumbungu District communities,Kumbungu District communities,signed
557,Zuweira Tia,F,Midwife,Kumbungu District communities,Kumbungu District communities,signed
558,Sanatu Alhassan,F,Community Health Officer,Kumbungu District communities,Kumbungu District communities,signed
559,Baba Mahama,F,Midwife,Kumbungu District communities,Kumbungu District communities,signed
560,Alhassan Dauda,F,Enrolled Nurse,Kumbungu District communities,Kumbungu District communities,signed
561,Rahinatu Wumbei,F,Midwife,Kumbungu District communities,Kumbungu District communities,signed
562,Hawa Issahaku,F,Medical Assistant,Kumbungu District communities,Kumbungu District communities,signed
563,Zuweira Alhassan,F,Community Health Officer,Kumbungu District communities,Kumbungu District communities,signed
564,Alhassan Fuseini,F,Community Health Officer,Kumbungu District communities,Kumbungu District communities,signed
565,Fati Tia,F,Disease Control Officer,Kumbungu District communities,Kumbungu District communities,signed
566,Adiza Fuseini,F,Midwife,Kumbungu District communities,Kumbungu District communities,signed
567,Sulemana Abdulai,F,Enrolled Nurse,Kumbungu District communities,Kumbungu District communities,signed
568,Issah Tia,F,Enrolled Nurse,Kumbungu District communities,Kumbungu District communities,signed
569,Mariam Fuseini,F,Midwife,Kumbungu District communities,Kumbungu District communities,signed
570,Salamatu Abdulai,F,Disease Control Officer,Kumbungu District communities,Kumbungu District communities,signed
571,Sulemana Fuseini,F,Medical Assistant,Kumbungu District communities,Kumbungu District communities,signed
572,Sulemana Napari,F,Enrolled Nurse,Kumbungu District communities,Kumbungu District communities,signed
573,Memunatu Mahama,F,Enrolled Nurse,Kumbungu District communities,Kumbungu District communities,signed
574,Iddrisu Yakubu,F,Medical Assistant,Kumbungu District communities,Kumbungu District communities,signed
575,Hawa Fuseini,F,Disease Control Officer,Kumbungu District communities,Kumbungu District communities,signed
576,Iddrisu Wumbei,F,Community Health Officer,Kumbungu District communities,Kumbungu District communities,signed
577,Salamatu Issahaku,F,Midwife,Kumbungu District communities,Kumbungu District communities,signed
578,Iddrisu Wumbei,F,Community Health Officer,Kumbungu District communities,Kumbungu District communities,signed
579,Yakubu Seidu,F,Enrolled Nurse,Kumbungu District communities,Kumbungu District communities,signed
580,Mohammed Tia,F,Medical Assistant,Kumbungu District communities,Kumbungu District communities,signed
581,Rahinatu Yakubu,F,Midwife,Kumbungu District communities,Kumbungu District communities,signed
582,Fati Alhassan,F,Disease Control Officer,Kumbungu District communities,Kumbungu District communities,signed
583,Sanatu Iddrisu,F,Midwife,Kumbungu District communities,Kumbungu District communities,signed
584,Sanatu Wumbei,F,Midwife,Kumbungu District communities,Kumbungu District communities,signed
585,Abdul Iddrisu,F,Medical Assistant,Kumbungu District communities,Kumbungu District communities,signed
586,Adiza Iddrisu,F,Enrolled Nurse,Kumbungu District communities,Kumbungu District communities,signed
587,Rahinatu Napari,F,Community Health Officer,Kumbungu District communities,Kumbungu District communities,signed
588,Adiza Issahaku,F,Disease Control Officer,Kumbungu District communities,Kumbungu District communities,signed
589,Mohammed Wumbei,F,Disease Control Officer,Kumbungu District communities,Kumbungu District communities,signed
590,Salamatu Issahaku,F,Community Health Officer,Kumbungu District communities,Kumbungu District communities,signed
591,Iddrisu Wumbei,F,Community Health Officer,Kumbungu District communities,Kumbungu District communities,signed
592,Sanatu Dauda,F,Enrolled Nurse,Kumbungu District communities,Kumbungu District communities,signed
593,Mariam Napari,F,Community Health Officer,Kumbungu District communities,Kumbungu District communities,signed
594,Mariam Yakubu,F,Disease Control Officer,Kumbungu District communities,Kumbungu District communities,signed
595,Fati Napari,F,Disease Control Officer,Kumbungu District communities,Kumbungu District communities,signed
596,Alhassan Alhassan,F,Disease Control Officer,Kumbungu District communities,Kumbungu District communities,signed
597,Baba Napari,F,Community Health Officer,Kumbungu District communities,Kumbungu District communities,signed
598,Iddrisu Mahama,F,Medical Assistant,Kumbungu District communities,Kumbungu District communities,signed
599,Mohammed Mahama,F,Disease Control Officer,Kumbungu District communities,Kumbungu District communities,signed
600,Salamatu Seidu,F,Midwife,Kumbungu District communities,Kumbungu District communities,signed
601,Sulemana Mahama,F,Disease Control Officer,Kumbungu District communities,Kumbungu District communities,signed
602,Iddrisu Fuseini,F,Medical Assistant,Kumbungu District communities,Kumbungu District communities,signed
603,Abdul Yakubu,F,Enrolled Nurse,Kumbungu District communities,Kumbungu District communities,signed
604,Mohammed Alhassan,F,Community Health Officer,Kumbungu District communities,Kumbungu District communities,signed
605,Abu Issahaku,F,Midwife,Kumbungu District communities,Kumbungu District communities,signed
606,Baba Abdulai,F,Medical Assistant,Kumbungu District communities,Kumbungu District communities,signed
607,Sulemana Issahaku,F,Community Health Officer,Kumbungu District communities,Kumbungu District communities,signed
608,Ayishetu Napari,F,Disease Control Officer,Kumbungu District communities,Kumbungu District communities,signed
609,Hawa Wumbei,F,Community Health Officer,Kumbungu District communities,Kumbungu District communities,signed
610,Mariam Mahama,F,Midwife,Kumbungu District communities,Kumbungu District communities,signed
611,Rahinatu Seidu,F,Community Health Officer,Kumbungu District communities,Kumbungu District communities,signed
612,Fuseini Issahaku,F,Medical Assistant,Kumbungu District communities,Kumbungu District communities,signed
613,Salamatu Yakubu,F,Medical Assistant,Kumbungu District communities,Kumbungu District communities,signed
614,Zuweira Napari,F,Disease Control Officer,Kumbungu District communities,Kumbungu District communities,signed
615,Memunatu Dauda,F,Enrolled Nurse,Kumbungu District communities,Kumbungu District communities,signed
616,Adiza Seidu,F,Community Health Officer,Kumbungu District communities,Kumbungu District communities,signed
617,Fati Napari,F,Community Health Officer,Kumbungu District communities,Kumbungu District communities,signed
618,Yakubu Alhassan,F,Midwife,Kumbungu District communities,Kumbungu District communities,signed
619,Fati Tia,F,Enrolled Nurse,Kumbungu District communities,Kumbungu District communities,signed
620,Abu Napari,F,Enrolled Nurse,Kumbungu District communities,Kumbungu District communities,signed
621,Mariam Fuseini,F,Enrolled Nurse,Kumbungu District communities,Kumbungu District communities,signed
622,Adiza Wumbei,F,Enrolled Nurse,Kumbungu District communities,Kumbungu District communities,signed
623,Fati Issahaku,F,Community Health Officer,Kumbungu District communities,Kumbungu District communities,signed
624,Mariam Napari,F,Community Health Officer,Kumbungu District communities,Kumbungu District communities,signed
625,Rahinatu Abdulai,F,Community Health Officer,Kumbungu District communities,Kumbungu District communities,signed
626,Baba Wumbei,F,Community Health Officer,Kumbungu District communities,Kumbungu District communities,signed
627,Zuweira Tia,F,Medical Assistant,Kumbungu District communities,Kumbungu District communities,signed
628,Sanatu Tia,F,Disease Control Officer,Kumbungu District communities,Kumbungu District communities,signed
629,Fuseini Fuseini,F,Disease Control Officer,Kumbungu District communities,Kumbungu District communities,signed
630,Abdul Tia,F,Enrolled Nurse,Kumbungu District communities,Kumbungu District communities,signed
631,Yakubu Mahama,F,Disease Control Officer,Kumbungu District communities,Kumbungu District communities,signed
632,Salamatu Alhassan,F,Medical Assistant,Kumbungu District communities,Kumbungu District communities,signed
633,Alhassan Dauda,F,Disease Control Officer,Kumbungu District communities,Kumbungu District communities,signed
634,Sulemana Alhassan,F,Community Health Officer,Kumbungu District communities,Kumbungu District communities,signed
635,Fati Dauda,F,Medical Assistant,Kumbungu District communities,Kumbungu District communities,signed
636,Yakubu Tia,F,Community Health Officer,Kumbungu District communities,Kumbungu District communities,signed
637,Fuseini Alhassan,F,Enrolled Nurse,Kumbungu District communities,Kumbungu District communities,signed
638,Rahinatu Abdulai,F,Disease Control Officer,Kumbungu District communities,Kumbungu District communities,signed
639,Abu Mahama,F,Medical Assistant,Kumbungu District communities,Kumbungu District communities,signed
640,Salamatu Tia,F,Midwife,Kumbungu District communities,Kumbungu District communities,signed
641,Adiza Tia,F,Community Health Officer,Kumbungu District communities,Kumbungu District communities,signed
642,Alhassan Wumbei,F,Disease Control Officer,Kumbungu District communities,Kumbungu District communities,signed
643,Ayishetu Napari,F,Disease Control Officer,Kumbungu District communities,Kumbungu District communities,signed
644,Abu Napari,F,Community Health Officer,Kumbungu District communities,Kumbungu District communities,signed
645,Salamatu Wumbei,F,Midwife,Kumbungu District communities,Kumbungu District communities,signed
646,Mariam Seidu,F,Medical Assistant,Kumbungu District communities,Kumbungu District communities,signed
647,Abu Tia,F,Disease Control Officer,Kumbungu District communities,Kumbungu District communities,signed
648,Memunatu Fuseini,F,Enrolled Nurse,Kumbungu District communities,Kumbungu District communities,signed
649,Hawa Iddrisu,F,Medical Assistant,Kumbungu District communities,Kumbungu District communities,signed
650,Sanatu Abdulai,F,Enrolled Nurse,Kumbungu District communities,Kumbungu District communities,signed
651,Baba Alhassan,F,Community Health Officer,Kumbungu District communities,Kumbungu District communities,signed
652,Mariam Mahama,F,Disease Control Officer,Kumbungu District communities,Kumbungu District communities,signed
653,Alhassan Iddrisu,F,Enrolled Nurse,Kumbungu District communities,Kumbungu District communities,signed
654,Abdul Alhassan,F,Disease Control Officer,Kumbungu District communities,Kumbungu District communities,signed
655,Fuseini Napari,F,Medical Assistant,Kumbungu District communities,Kumbungu District communities,signed
656,Sanatu Seidu,F,Medical Assistant,Kumbungu District communities,Kumbungu District communities,signed
657,Fati Dauda,F,Community Health Officer,Kumbungu District communities,Kumbungu District communities,signed
658,Abu Abdulai,F,Enrolled Nurse,Kumbungu District communities,Kumbungu District communities,signed
659,Baba Napari,F,Disease Control Officer,Kumbungu District communities,Kumbungu District communities,signed
660,Iddrisu Wumbei,F,Enrolled Nurse,Kumbungu District communities,Kumbungu District communities,signed
661,Yakubu Napari,F,Midwife,Kumbungu District communities,Kumbungu District communities,signed
662,Iddrisu Napari,F,Midwife,Kumbungu District communities,Kumbungu District communities,signed
663,Mohammed Wumbei,F,Medical Assistant,Kumbungu District communities,Kumbungu District communities,signed
664,Adiza Issahaku,F,Midwife,Kumbungu District communities,Kumbungu District communities,signed
665,Alhassan Abdulai,F,Community Health Officer,Kumbungu District communities,Kumbungu District communities,signed
666,Baba Abdulai,F,Community Health Officer,Kumbungu District communities,Kumbungu District communities,signed
667,Abu Dauda,F,Community Health Officer,Kumbungu District communities,Kumbungu District communities,signed
668,Sanatu Issahaku,F,Enrolled Nurse,Kumbungu District communities,Kumbungu District communities,signed
669,Rahinatu Napari,F,Disease Control Officer,Kumbungu District communities,Kumbungu District communities,signed
670,Salamatu Dauda,F,Enrolled Nurse,Kumbungu District communities,Kumbungu District communities,signed
671,Ayishetu Wumbei,F,Community Health Officer,Kumbungu District communities,Kumbungu District communities,signed
672,Zuweira Mahama,F,Midwife,Kumbungu District communities,Kumbungu District communities,signed
673,Issah Tia,F,Medical Assistant,Kumbungu District communities,Kumbungu District communities,signed
674,Rahinatu Alhassan,F,Community Health Officer,Kumbungu District communities,Kumbungu District communities,signed
675,Memunatu Dauda,F,Medical Assistant,Kumbungu District communities,Kumbungu District communities,signed
676,Mohammed Mahama,F,Midwife,Kumbungu District communities,Kumbungu District communities,signed
677,Rahinatu Tia,F,Enrolled Nurse,Kumbungu District communities,Kumbungu District communities,signed
678,Zuweira Wumbei,F,Community Health Officer,Kumbungu District communities,Kumbungu District communities,signed
679,Ayishetu Fuseini,F,Enrolled Nurse,Kumbungu District communities,Kumbungu District communities,signed
680,Ayishetu Issahaku,F,Enrolled Nurse,Kumbungu District communities,Kumbungu District communities,signed
681,Zuweira Alhassan,F,Midwife,Kumbungu District communities,Kumbungu District communities,signed
682,Rahinatu Fuseini,F,Community Health Officer,Kumbungu District communities,Kumbungu District communities,signed
683,Sanatu Wumbei,F,Medical Assistant,Kumbungu District communities,Kumbungu District communities,signed
684,Ayishetu Issahaku,F,Community Health Officer,Kumbungu District communities,Kumbungu District communities,signed
685,Mariam Napari,F,Midwife,Kumbungu District communities,Kumbungu District communities,signed
686,Ayishetu Alhassan,F,Medical Assistant,Kumbungu District communities,Kumbungu District communities,signed
687,Sulemana Tia,F,Disease Control Officer,Kumbungu District communities,Kumbungu District communities,signed
688,Mohammed Wumbei,F,Enrolled Nurse,Kumbungu District communities,Kumbungu District communities,signed
689,Iddrisu Napari,F,Community Health Officer,Kumbungu District communities,Kumbungu District communities,signed
690,Rahinatu Napari,F,Community Health Officer,Kumbungu District communities,Kumbungu District communities,signed
691,Yakubu Alhassan,F,Community Health Officer,Kumbungu District communities,Kumbungu District communities,signed
692,Fati Wumbei,F,Enrolled Nurse,Kumbungu District communities,Kumbungu District communities,signed
693,Mariam Alhassan,F,Disease Control Officer,Kumbungu District communities,Kumbungu District communities,signed
694,Yakubu Yakubu,F,Medical Assistant,Kumbungu District communities,Kumbungu District communities,signed
695,Baba Seidu,F,Medical Assistant,Kumbungu District communities,Kumbungu District communities,signed
696,Mohammed Alhassan,F,Medical Assistant,Kumbungu District communities,Kumbungu District communities,signed
697,Mohammed Issahaku,F,Enrolled Nurse,Kumbungu District communities,Kumbungu District communities,signed
698,Yakubu Yakubu,F,Midwife,Kumbungu District communities,Kumbungu District communities,signed
699,Ayishetu Tia,F,Community Health Officer,Kumbungu District communities,Kumbungu District communities,signed
700,Yakubu Issahaku,F,Midwife,Kumbungu District communities,Kumbungu District communities,signed
701,Mohammed Fuseini,F,Midwife,Kumbungu District communities,Kumbungu District communities,signed
702,Adiza Wumbei,F,Midwife,Kumbungu District communities,Kumbungu District communities,signed
703,Baba Wumbei,F,Disease Control Officer,Kumbungu District communities,Kumbungu District communities,signed
704,Fati Wumbei,F,Enrolled Nurse,Kumbungu District communities,Kumbungu District communities,signed
705,Hawa Fuseini,F,Disease Control Officer,Kumbungu District communities,Kumbungu District communities,signed
706,Sulemana Mahama,F,Community Health Officer,Kumbungu District communities,Kumbungu District communities,signed
707,Ayishetu Alhassan,F,Medical Assistant,Kumbungu District communities,Kumbungu District communities,signed
708,Hawa Tia,F,Medical Assistant,Kumbungu District communities,Kumbungu District communities,signed
709,Mariam Napari,F,Enrolled Nurse,Kumbungu District communities,Kumbungu District communities,signed
710,Mohammed Mahama,F,Disease Control Officer,Kumbungu District communities,Kumbungu District communities,signed
711,Mohammed Napari,F,Medical Assistant,Kumbungu District communities,Kumbungu District communities,signed
712,Sanatu Yakubu,F,Community Health Officer,Kumbungu District communities,Kumbungu District communities,signed
713,Memunatu Fuseini,F,Enrolled Nurse,Kumbungu District communities,Kumbungu District communities,signed
714,Ayishetu Dauda,F,Midwife,Kumbungu District communities,Kumbungu District communities,signed
715,Ayishetu Iddrisu,F,Community Health Officer,Kumbungu District communities,Kumbungu District communities,signed
716,Rahinatu Dauda,F,Midwife,Kumbungu District communities,Kumbungu District communities,signed
717,Issah Iddrisu,F,Community Health Officer,Kumbungu District communities,Kumbungu District communities,signed
718,Salamatu Seidu,F,Disease Control Officer,Kumbungu District communities,Kumbungu District communities,signed
719,Abu Tia,F,Community Health Officer,Kumbungu District communities,Kumbungu District communities,signed
720,Adiza Seidu,F,Medical Assistant,Kumbungu District communities,Kumbungu District communities,signed
721,Salamatu Seidu,F,Enrolled Nurse,Kumbungu District communities,Kumbungu District communities,signed
722,Ayishetu Dauda,F,Community Health Officer,Kumbungu District communities,Kumbungu District communities,signed
723,Ayishetu Dauda,F,Community Health Officer,Kumbungu District communities,Kumbungu District communities,signed
724,Zuweira Dauda,F,Medical Assistant,Kumbungu District communities,Kumbungu District communities,signed
725,Yakubu Tia,F,Community Health Officer,Kumbungu District communities,Kumbungu District communities,signed
726,Abu Napari,F,Enrolled Nurse,Kumbungu District communities,Kumbungu District communities,signed
727,Salamatu Napari,F,Medical Assistant,Kumbungu District communities,Kumbungu District communities,signed
728,Memunatu Abdulai,F,Disease Control Officer,Kumbungu District communities,Kumbungu District communities,signed
729,Hawa Yakubu,F,Enrolled Nurse,Kumbungu District communities,Kumbungu District communities,signed
730,Rahinatu Wumbei,F,Community Health Officer,Kumbungu District communities,Kumbungu District communities,signed
731,Fati Tia,F,Enrolled Nurse,Kumbungu District communities,Kumbungu District communities,signed
732,Iddrisu Issahaku,F,Enrolled Nurse,Kumbungu District communities,Kumbungu District communities,signed
733,Sanatu Issahaku,F,Disease Control Officer,Kumbungu District communities,Kumbungu District communities,signed
734,Sanatu Tia,F,Community Health Officer,Kumbungu District communities,Kumbungu District communities,signed
735,Memunatu Iddrisu,F,Community Health Officer,Kumbungu District communities,Kumbungu District communities,signed
736,Fati Wumbei,F,Community Health Officer,Kumbungu District communities,Kumbungu District communities,signed
737,Mohammed Fuseini,F,Community Health Officer,Kumbungu District communities,Kumbungu District communities,signed
738,Baba Issahaku,F,Community Health Officer,Kumbungu District communities,Kumbungu District communities,signed
739,Baba Iddrisu,F,Midwife,Kumbungu District communities,Kumbungu District communities,signed
740,Zuweira Dauda,F,Enrolled Nurse,Kumbungu District communities,Kumbungu District communities,signed
741,Sanatu Iddrisu,F,Community Health Officer,Kumbungu District communities,Kumbungu District communities,signed
742,Yakubu Yakubu,F,Community Health Officer,Kumbungu District communities,Kumbungu District communities,signed
743,Fati Alhassan,F,Midwife,Kumbungu District communities,Kumbungu District communities,signed
744,Ayishetu Tia,F,Disease Control Officer,Kumbungu District communities,Kumbungu District communities,signed
745,Ayishetu Abdulai,F,Midwife,Kumbungu District communities,Kumbungu District communities,signed
746,Baba Iddrisu,F,Medical Assistant,Kumbungu District communities,Kumbungu District communities,signed
747,Adiza Alhassan,F,Community Health Officer,Kumbungu District communities,Kumbungu District communities,signed
748,Sulemana Abdulai,F,Enrolled Nurse,Kumbungu District communities,Kumbungu District communities,signed
749,Alhassan Issahaku,F,Enrolled Nurse,Kumbungu District communities,Kumbungu District communities,signed
750,Mohammed Mahama,F,Midwife,Kumbungu District communities,Kumbungu District communities,signed
751,Fuseini Abdulai,F,Disease Control Officer,Kumbungu District communities,Kumbungu District communities,signed
752,Memunatu Tia,F,Midwife,Kumbungu District communities,Kumbungu District communities,signed
753,Ayishetu Seidu,F,Enrolled Nurse,Kumbungu District communities,Kumbungu District communities,signed
754,Abdul Issahaku,F,Midwife,Kumbungu District communities,Kumbungu District communities,signed
755,Iddrisu Iddrisu,F,Enrolled Nurse,Kumbungu District communities,Kumbungu District communities,signed
756,Salamatu Iddrisu,F,Midwife,Kumbungu District communities,Kumbungu District communities,signed
757,Iddrisu Seidu,F,Community Health Officer,Kumbungu District communities,Kumbungu District communities,signed
758,Hawa Iddrisu,F,Enrolled Nurse,Kumbungu District communities,Kumbungu District communities,signed
759,Baba Fuseini,F,Enrolled Nurse,Kumbungu District communities,Kumbungu District communities,signed
760,Fuseini Yakubu,F,Midwife,Kumbungu District communities,Kumbungu District communities,signed
761,Sanatu Wumbei,F,Disease Control Officer,Kumbungu District communities,Kumbungu District communities,signed
762,Ayishetu Napari,F,Medical Assistant,Kumbungu District communities,Kumbungu District communities,signed
763,Baba Napari,F,Enrolled Nurse,Kumbungu District communities,Kumbungu District communities,signed
764,Hawa Mahama,F,Enrolled Nurse,Kumbungu District communities,Kumbungu District communities,signed
765,Salamatu Fuseini,F,Enrolled Nurse,Kumbungu District communities,Kumbungu District communities,signed
766,Adiza Dauda,F,Enrolled Nurse,Kumbungu District communities,Kumbungu District communities,signed
767,Iddrisu Issahaku,F,Disease Control Officer,Kumbungu District communities,Kumbungu District communities,signed
768,Abdul Abdulai,F,Community Health Officer,Kumbungu District communities,Kumbungu District communities,signed
769,Memunatu Fuseini,F,Medical Assistant,Kumbungu District communities,Kumbungu District communities,signed
770,Ayishetu Iddrisu,F,Enrolled Nurse,Kumbungu District communities,Kumbungu District communities,signed
771,Rahinatu Seidu,F,Enrolled Nurse,Kumbungu District communities,Kumbungu District communities,signed
772,Adiza Fuseini,F,Midwife,Kumbungu District communities,Kumbungu District communities,signed
773,Rahinatu Iddrisu,F,Midwife,Kumbungu District communities,Kumbungu District communities,signed
774,Fuseini Napari,F,Enrolled Nurse,Kumbungu District communities,Kumbungu District communities,signed
775,Abu Iddrisu,F,Medical Assistant,Kumbungu District communities,Kumbungu District communities,signed
776,Iddrisu Seidu,F,Midwife,Kumbungu District communities,Kumbungu District communities,signed
777,Memunatu Napari,F,Enrolled Nurse,Kumbungu District communities,Kumbungu District communities,signed
778,Baba Issahaku,F,Disease Control Officer,Kumbungu District communities,Kumbungu District communities,signed
779,Abu Napari,F,Community Health Officer,Kumbungu District communities,Kumbungu District communities,signed
780,Fuseini Fuseini,F,Enrolled Nurse,Kumbungu District communities,Kumbungu District communities,signed
781,Issah Iddrisu,F,Enrolled Nurse,Kumbungu District communities,Kumbungu District communities,signed
782,Fati Tia,F,Medical Assistant,Kumbungu District communities,Kumbungu District communities,signed
783,Adiza Abdulai,F,Community Health Officer,Kumbungu District communities,Kumbungu District communities,signed
784,Abdul Mahama,F,Community Health Officer,Kumbungu District communities,Kumbungu District communities,signed
785,Ayishetu Napari,F,Midwife,Kumbungu District communities,Kumbungu District communities,signed
786,Adiza Iddrisu,F,Enrolled Nurse,Kumbungu District communities,Kumbungu District communities,signed
787,Sulemana Abdulai,F,Community Health Officer,Kumbungu District communities,Kumbungu District communities,signed
788,Memunatu Alhassan,F,Community Health Officer,Kumbungu District communities,Kumbungu District communities,signed
789,Adiza Iddrisu,F,Midwife,Kumbungu District communities,Kumbungu District communities,signed
790,Mariam Napari,F,Disease Control Officer,Kumbungu District communities,Kumbungu District communities,signed
791,Salamatu Issahaku,F,Medical Assistant,Kumbungu District communities,Kumbungu District communities,signed
792,Mohammed Yakubu,F,Midwife,Kumbungu District communities,Kumbungu District communities,signed
793,Ayishetu Alhassan,F,Medical Assistant,Kumbungu District communities,Kumbungu District communities,signed
794,Yakubu Alhassan,F,Community Health Officer,Kumbungu District communities,Kumbungu District communities,signed
795,Sulemana Tia,F,Community Health Officer,Kumbungu District communities,Kumbungu District communities,signed
796,Mohammed Yakubu,F,Disease Control Officer,Kumbungu District communities,Kumbungu District communities,signed
797,Sulemana Wumbei,F,Midwife,Kumbungu District communities,Kumbungu District communities,signed
798,Sulemana Tia,F,Midwife,Kumbungu District communities,Kumbungu District communities,signed
799,Rahinatu Fuseini,F,Medical Assistant,Kumbungu District communities,Kumbungu District communities,signed
800,Iddrisu Yakubu,F,Disease Control Officer,Kumbungu District communities,Kumbungu District communities,signed
801,Sanatu Mahama,F,Community Health Officer,Kumbungu District communities,Kumbungu District communities,signed
802,Zuweira Wumbei,F,Community Health Officer,Kumbungu District communities,Kumbungu District communities,signed
803,Abdul Iddrisu,F,Disease Control Officer,Kumbungu District communities,Kumbungu District communities,signed
804,Abdul Abdulai,F,Disease Control Officer,Kumbungu District communities,Kumbungu District communities,signed
805,Abdul Dauda,F,Enrolled Nurse,Kumbungu District communities,Kumbungu District communities,signed
806,Sanatu Alhassan,F,Medical Assistant,Kumbungu District communities,Kumbungu District communities,signed
807,Yakubu Yakubu,F,Disease Control Officer,Kumbungu District communities,Kumbungu District communities,signed
808,Alhassan Seidu,F,Community Health Officer,Kumbungu District communities,Kumbungu District communities,signed
809,Baba Issahaku,F,Midwife,Kumbungu District communities,Kumbungu District communities,signed
810,Sanatu Seidu,F,Disease Control Officer,Kumbungu District communities,Kumbungu District communities,signed
811,Sanatu Mahama,F,Enrolled Nurse,Kumbungu District communities,Kumbungu District communities,signed
812,Adiza Alhassan,F,Midwife,Kumbungu District communities,Kumbungu District communities,signed
813,Zuweira Dauda,F,Enrolled Nurse,Kumbungu District communities,Kumbungu District communities,signed
814,Sanatu Issahaku,F,Midwife,Kumbungu District communities,Kumbungu District communities,signed
815,Baba Abdulai,F,Enrolled Nurse,Kumbungu District communities,Kumbungu District communities,signed
816,Hawa Yakubu,F,Community Health Officer,Kumbungu District communities,Kumbungu District communities,signed
817,Adiza Tia,F,Disease Control Officer,Kumbungu District communities,Kumbungu District communities,signed
818,Mohammed Fuseini,F,Medical Assistant,Kumbungu District communities,Kumbungu District communities,signed
819,Sulemana Fuseini,F,Disease Control Officer,Kumbungu District communities,Kumbungu District communities,signed
820,Salamatu Abdulai,F,Enrolled Nurse,Kumbungu District communities,Kumbungu District communities,signed
821,Adiza Wumbei,F,Enrolled Nurse,Kumbungu District communities,Kumbungu District communities,signed
822,Fuseini Mahama,F,Enrolled Nurse,Kumbungu District communities,Kumbungu District communities,signed
823,Abdul Issahaku,F,Community Health Officer,Kumbungu District communities,Kumbungu District communities,signed
824,Fati Napari,F,Disease Control Officer,Kumbungu District communities,Kumbungu District communities,signed
825,Sanatu Dauda,F,Enrolled Nurse,Kumbungu District communities,Kumbungu District communities,signed
826,Zuweira Dauda,F,Community Health Officer,Kumbungu District communities,Kumbungu District communities,signed
827,Issah Seidu,F,Midwife,Kumbungu District communities,Kumbungu District communities,signed
828,Fati Iddrisu,F,Community Health Officer,Kumbungu District communities,Kumbungu District communities,signed
829,Salamatu Wumbei,F,Community Health Officer,Kumbungu District communities,Kumbungu District communities,signed
830,Adiza Alhassan,F,Midwife,Kumbungu District communities,Kumbungu District communities,signed
831,Salamatu Abdulai,F,Enrolled Nurse,Kumbungu District communities,Kumbungu District communities,signed
832,Salamatu Iddrisu,F,Medical Assistant,Kumbungu District communities,Kumbungu District communities,signed
833,Zuweira Abdulai,F,Medical Assistant,Kumbungu District communities,Kumbungu District communities,signed
834,Abu Mahama,F,Disease Control Officer,Kumbungu District communities,Kumbungu District communities,signed
835,Mariam Seidu,F,Medical Assistant,Kumbungu District communities,Kumbungu District communities,signed
836,Baba Alhassan,F,Disease Control Officer,Kumbungu District communities,Kumbungu District communities,signed
837,Baba Mahama,F,Community Health Officer,Kumbungu District communities,Kumbungu District communities,signed
838,Issah Issahaku,F,Enrolled Nurse,Kumbungu District communities,Kumbungu District communities,signed
839,Mariam Tia,F,Community Health Officer,Kumbungu District communities,Kumbungu District communities,signed
840,Sanatu Issahaku,F,Medical Assistant,Kumbungu District communities,Kumbungu District communities,signed
841,Hawa Tia,F,Midwife,Kumbungu District communities,Kumbungu District communities,signed
842,Abdul Wumbei,F,Community Health Officer,Kumbungu District communities,Kumbungu District communities,signed
843,Alhassan Tia,F,Medical Assistant,Kumbungu District communities,Kumbungu District communities,signed
844,Abu Mahama,F,Community Health Officer,Kumbungu District communities,Kumbungu District communities,signed
845,Abu Fuseini,F,Midwife,Kumbungu District communities,Kumbungu District communities,signed
846,Abdul Abdulai,F,Enrolled Nurse,Kumbungu District communities,Kumbungu District communities,signed
847,Baba Wumbei,F,Enrolled Nurse,Kumbungu District communities,Kumbungu District communities,signed
848,Yakubu Seidu,F,Medical Assistant,Kumbungu District communities,Kumbungu District communities,signed
849,Mariam Yakubu,F,Enrolled Nurse,Kumbungu District communities,Kumbungu District communities,signed
850,Ayishetu Fuseini,F,Disease Control Officer,Kumbungu District communities,Kumbungu District communities,signed
851,Abu Iddrisu,F,Enrolled Nurse,Kumbungu District communities,Kumbungu District communities,signed
852,Salamatu Abdulai,F,Midwife,Kumbungu District communities,Kumbungu District communities,signed
853,Fuseini Alhassan,F,Community Health Officer,Kumbungu District communities,Kumbungu District communities,signed
854,Abu Seidu,F,Midwife,Kumbungu District communities,Kumbungu District communities,signed
855,Sulemana Issahaku,F,Community Health Officer,Kumbungu District communities,Kumbungu District communities,signed
856,Mariam Mahama,F,Medical Assistant,Kumbungu District communities,Kumbungu District communities,signed
857,Salamatu Tia,F,Medical Assistant,Kumbungu District communities,Kumbungu District communities,signed
858,Sulemana Alhassan,F,Midwife,Kumbungu District communities,Kumbungu District communities,signed
859,Hawa Abdulai,F,Disease Control Officer,Kumbungu District communities,Kumbungu District communities,signed
860,Ayishetu Alhassan,F,Community Health Officer,Kumbungu District communities,Kumbungu District communities,signed
861,Fuseini Issahaku,F,Community Health Officer,Kumbungu District communities,Kumbungu District communities,signed
862,Mohammed Mahama,F,Medical Assistant,Kumbungu District communities,Kumbungu District communities,signed
863,Memunatu Seidu,F,Medical Assistant,Kumbungu District communities,Kumbungu District communities,signed
864,Issah Seidu,F,Medical Assistant,Kumbungu District communities,Kumbungu District communities,signed
865,Fati Tia,F,Community Health Officer,Kumbungu District communities,Kumbungu District communities,signed
866,Ayishetu Abdulai,F,Enrolled Nurse,Kumbungu District communities,Kumbungu District communities,signed
867,Yakubu Seidu,F,Enrolled Nurse,Kumbungu District communities,Kumbungu District communities,signed
868,Ayishetu Tia,F,Community Health Officer,Kumbungu District communities,Kumbungu District communities,signed
869,Salamatu Abdulai,F,Enrolled Nurse,Kumbungu District communities,Kumbungu District communities,signed
870,Fuseini Issahaku,F,Medical Assistant,Kumbungu District communities,Kumbungu District communities,signed
871,Fati Alhassan,F,Midwife,Kumbungu District communities,Kumbungu District communities,signed
872,Abu Wumbei,F,Disease Control Officer,Kumbungu District communities,Kumbungu District communities,signed
873,Ayishetu Yakubu,F,Disease Control Officer,Kumbungu District communities,Kumbungu District communities,signed
874,Hawa Mahama,F,Disease Control Officer,Kumbungu District communities,Kumbungu District communities,signed
875,Iddrisu Yakubu,F,Community Health Officer,Kumbungu District communities,Kumbungu District communities,signed
876,Abu Issahaku,F,Disease Control Officer,Kumbungu District communities,Kumbungu District communities,signed
877,Issah Yakubu,F,Medical Assistant,Kumbungu District communities,Kumbungu District communities,signed
878,Abu Wumbei,F,Midwife,Kumbungu District communities,Kumbungu District communities,signed
879,Sanatu Alhassan,F,Disease Control Officer,Kumbungu District communities,Kumbungu District communities,signed
880,Salamatu Issahaku,F,Midwife,Kumbungu District communities,Kumbungu District communities,signed
881,Fuseini Yakubu,F,Enrolled Nurse,Kumbungu District communities,Kumbungu District communities,signed
882,Issah Napari,F,Community Health Officer,Kumbungu District communities,Kumbungu District communities,signed
883,Issah Napari,F,Midwife,Kumbungu District communities,Kumbungu District communities,signed
884,Ayishetu Abdulai,F,Disease Control Officer,Kumbungu District communities,Kumbungu District communities,signed
885,Baba Dauda,F,Medical Assistant,Kumbungu District communities,Kumbungu District communities,signed
886,Issah Fuseini,F,Disease Control Officer,Kumbungu District communities,Kumbungu District communities,signed
887,Sanatu Issahaku,F,Medical Assistant,Kumbungu District communities,Kumbungu District communities,signed
888,Fuseini Wumbei,F,Midwife,Kumbungu District communities,Kumbungu District communities,signed
889,Mohammed Yakubu,F,Medical Assistant,Kumbungu District communities,Kumbungu District communities,signed
890,Iddrisu Alhassan,F,Community Health Officer,Kumbungu District communities,Kumbungu District communities,signed
891,Salamatu Wumbei,F,Midwife,Kumbungu District communities,Kumbungu District communities,signed
892,Adiza Abdulai,F,Midwife,Kumbungu District communities,Kumbungu District communities,signed
893,Mohammed Yakubu,F,Community Health Officer,Kumbungu District communities,Kumbungu District communities,signed
894,Fati Tia,F,Enrolled Nurse,Kumbungu District communities,Kumbungu District communities,signed
895,Issah Issahaku,F,Medical Assistant,Kumbungu District communities,Kumbungu District communities,signed
896,Adiza Tia,F,Medical Assistant,Kumbungu District communities,Kumbungu District communities,signed
897,Adiza Yakubu,F,Midwife,Kumbungu District communities,Kumbungu District communities,signed
898,Abdul Yakubu,F,Enrolled Nurse,Kumbungu District communities,Kumbungu District communities,signed
899,Ayishetu Fuseini,F,Community Health Officer,Kumbungu District communities,Kumbungu District communities,signed
900,Fati Fuseini,F,Disease Control Officer,Kumbungu District communities,Kumbungu District communities,signed
901,Rahinatu Napari,F,Midwife,Kumbungu District communities,Kumbungu District communities,signed
902,Memunatu Abdulai,F,Medical Assistant,Kumbungu District communities,Kumbungu District communities,signed
903,Iddrisu Mahama,F,Medical Assistant,Kumbungu District communities,Kumbungu District communities,signed
904,Adiza Seidu,F,Community Health Officer,Kumbungu District communities,Kumbungu District communities,signed
905,Yakubu Napari,F,Community Health Officer,Kumbungu District communities,Kumbungu District communities,signed
906,Fati Iddrisu,F,Disease Control Officer,Kumbungu District communities,Kumbungu District communities,signed
907,Sanatu Napari,F,Enrolled Nurse,Kumbungu District communities,Kumbungu District communities,signed
908,Hawa Seidu,F,Disease Control Officer,Kumbungu District communities,Kumbungu District communities,signed
909,Salamatu Issahaku,F,Midwife,Kumbungu District communities,Kumbungu District communities,signed
910,Abdul Alhassan,F,Disease Control Officer,Kumbungu District communities,Kumbungu District communities,signed
911,Mohammed Yakubu,F,Disease Control Officer,Kumbungu District communities,Kumbungu District communities,signed
912,Yakubu Wumbei,F,Enrolled Nurse,Kumbungu District communities,Kumbungu District communities,signed
913,Mariam Issahaku,F,Midwife,Kumbungu District communities,Kumbungu District communities,signed
914,Salamatu Mahama,F,Enrolled Nurse,Kumbungu District communities,Kumbungu District communities,signed
915,Zuweira Wumbei,F,Community Health Officer,Kumbungu District communities,Kumbungu District communities,signed
916,Rahinatu Tia,F,Medical Assistant,Kumbungu District communities,Kumbungu District communities,signed
917,Hawa Issahaku,F,Midwife,Kumbungu District communities,Kumbungu District communities,signed
918,Sulemana Issahaku,F,Disease Control Officer,Kumbungu District communities,Kumbungu District communities,signed
919,Baba Seidu,F,Midwife,Kumbungu District communities,Kumbungu District communities,signed
920,Alhassan Iddrisu,F,Enrolled Nurse,Kumbungu District communities,Kumbungu District communities,signed
921,Abu Wumbei,F,Disease Control Officer,Kumbungu District communities,Kumbungu District communities,signed
922,Sulemana Yakubu,F,Disease Control Officer,Kumbungu District communities,Kumbungu District communities,signed
923,Fati Abdulai,F,Disease Control Officer,Kumbungu District communities,Kumbungu District communities,signed
924,Memunatu Napari,F,Enrolled Nurse,Kumbungu District communities,Kumbungu District communities,signed
925,Fuseini Yakubu,F,Community Health Officer,Kumbungu District communities,Kumbungu District communities,signed
926,Fati Dauda,F,Midwife,Kumbungu District communities,Kumbungu District communities,signed
927,Memunatu Mahama,F,Disease Control Officer,Kumbungu District communities,Kumbungu District communities,signed
928,Fati Wumbei,F,Enrolled Nurse,Kumbungu District communities,Kumbungu District communities,signed
929,Alhassan Iddrisu,F,Medical Assistant,Kumbungu District communities,Kumbungu District communities,signed
930,Iddrisu Wumbei,F,Community Health Officer,Kumbungu District communities,Kumbungu District communities,signed
931,Fati Seidu,F,Enrolled Nurse,Kumbungu District communities,Kumbungu District communities,signed
932,Fuseini Napari,F,Medical Assistant,Kumbungu District communities,Kumbungu District communities,signed
933,Issah Dauda,F,Community Health Officer,Kumbungu District communities,Kumbungu District communities,signed
934,Adiza Abdulai,F,Medical Assistant,Kumbungu District communities,Kumbungu District communities,signed
935,Mariam Tia,F,Medical Assistant,Kumbungu District communities,Kumbungu District communities,signed
936,Memunatu Mahama,F,Medical Assistant,Kumbungu District communities,Kumbungu District communities,signed
937,Sanatu Issahaku,F,Medical Assistant,Kumbungu District communities,Kumbungu District communities,signed
938,Abdul Dauda,F,Midwife,Kumbungu District communities,Kumbungu District communities,signed
939,Alhassan Alhassan,F,Disease Control Officer,Kumbungu District communities,Kumbungu District communities,signed
940,Rahinatu Iddrisu,F,Enrolled Nurse,Kumbungu District communities,Kumbungu District communities,signed
941,Memunatu Fuseini,F,Enrolled Nurse,Kumbungu District communities,Kumbungu District communities,signed
942,Alhassan Alhassan,F,Disease Control Officer,Kumbungu District communities,Kumbungu District communities,signed
943,Abdul Tia,F,Community Health Officer,Kumbungu District communities,Kumbungu District communities,signed
944,Issah Fuseini,F,Midwife,Kumbungu District communities,Kumbungu District communities,signed
945,Sulemana Napari,F,Disease Control Officer,Kumbungu District communities,Kumbungu District communities,signed
946,Ayishetu Alhassan,F,Midwife,Kumbungu District communities,Kumbungu District communities,signed
947,Memunatu Fuseini,F,Disease Control Officer,Kumbungu District communities,Kumbungu District communities,signed
948,Fuseini Issahaku,F,Midwife,Kumbungu District communities,Kumbungu District communities,signed
949,Zuweira Mahama,F,Midwife,Kumbungu District communities,Kumbungu District communities,signed
950,Abu Mahama,F,Midwife,Kumbungu District communities,Kumbungu District communities,signed
951,Zuweira Mahama,F,Midwife,Kumbungu District communities,Kumbungu District communities,signed
952,Sanatu Napari,F,Midwife,Kumbungu District communities,Kumbungu District communities,signed
953,Issah Abdulai,F,Medical Assistant,Kumbungu District communities,Kumbungu District communities,signed
954,Abu Abdulai,F,Community Health Officer,Kumbungu District communities,Kumbungu District communities,signed
955,Alhassan Issahaku,F,Medical Assistant,Kumbungu District communities,Kumbungu District communities,signed
956,Fuseini Napari,F,Disease Control Officer,Kumbungu District communities,Kumbungu District communities,signed
957,Ayishetu Abdulai,F,Enrolled Nurse,Kumbungu District communities,Kumbungu District communities,signed
958,Mohammed Yakubu,F,Community Health Officer,Kumbungu District communities,Kumbungu District communities,signed
959,Sanatu Napari,F,Community Health Officer,Kumbungu District communities,Kumbungu District communities,signed
960,Zuweira Abdulai,F,Disease Control Officer,Kumbungu District communities,Kumbungu District communities,signed
961,Abu Fuseini,F,Community Health Officer,Kumbungu District communities,Kumbungu District communities,signed
962,Mohammed Tia,F,Medical Assistant,Kumbungu District communities,Kumbungu District communities,signed
963,Rahinatu Alhassan,F,Disease Control Officer,Kumbungu District communities,Kumbungu District communities,signed
964,Alhassan Tia,F,Community Health Officer,Kumbungu District communities,Kumbungu District communities,signed
965,Abu Tia,F,Enrolled Nurse,Kumbungu District communities,Kumbungu District communities,signed
966,Iddrisu Seidu,F,Community Health Officer,Kumbungu District communities,Kumbungu District communities,signed
967,Hawa Seidu,F,Enrolled Nurse,Kumbungu District communities,Kumbungu District communities,signed
968,Hawa Seidu,F,Disease Control Officer,Kumbungu District communities,Kumbungu District communities,signed
969,Adiza Fuseini,F,Disease Control Officer,Kumbungu District communities,Kumbungu District communities,signed
970,Yakubu Fuseini,F,Medical Assistant,Kumbungu District communities,Kumbungu District communities,signed
971,Abu Tia,F,Enrolled Nurse,Kumbungu District communities,Kumbungu District communities,signed
972,Fati Issahaku,F,Enrolled Nurse,Kumbungu District communities,Kumbungu District communities,signed
973,Abdul Tia,F,Community Health Officer,Kumbungu District communities,Kumbungu District communities,signed
974,Salamatu Abdulai,F,Enrolled Nurse,Kumbungu District communities,Kumbungu District communities,signed
975,Abu Iddrisu,F,Disease Control Officer,Kumbungu District communities,Kumbungu District communities,signed
976,Ayishetu Alhassan,F,Community Health Officer,Kumbungu District communities,Kumbungu District communities,signed
977,Issah Wumbei,F,Community Health Officer,Kumbungu District communities,Kumbungu District communities,signed
978,Hawa Abdulai,F,Midwife,Kumbungu District communities,Kumbungu District communities,signed
979,Abu Abdulai,F,Medical Assistant,Kumbungu District communities,Kumbungu District communities,signed
980,Issah Wumbei,F,Community Health Officer,Kumbungu District communities,Kumbungu District communities,signed
981,Memunatu Seidu,F,Enrolled Nurse,Kumbungu District communities,Kumbungu District communities,signed
982,Rahinatu Seidu,F,Enrolled Nurse,Kumbungu District communities,Kumbungu District communities,signed
983,Abdul Fuseini,F,Medical Assistant,Kumbungu District communities,Kumbungu District communities,signed
984,Mohammed Alhassan,F,Medical Assistant,Kumbungu District communities,Kumbungu District communities,signed
985,Hawa Seidu,F,Medical Assistant,Kumbungu District communities,Kumbungu District communities,signed
986,Memunatu Wumbei,F,Community Health Officer,Kumbungu District communities,Kumbungu District communities,signed
987,Zuweira Tia,F,Disease Control Officer,Kumbungu District communities,Kumbungu District communities,signed
988,Rahinatu Abdulai,F,Disease Control Officer,Kumbungu District communities,Kumbungu District communities,signed
989,Ayishetu Mahama,F,Midwife,Kumbungu District communities,Kumbungu District communities,signed
990,Sanatu Alhassan,F,Midwife,Kumbungu District communities,Kumbungu District communities,signed
991,Alhassan Yakubu,F,Medical Assistant,Kumbungu District communities,Kumbungu District communities,signed
992,Fati Issahaku,F,Enrolled Nurse,Kumbungu District communities,Kumbungu District communities,signed
993,Iddrisu Issahaku,F,Community Health Officer,Kumbungu District communities,Kumbungu District communities,signed
994,Ayishetu Napari,F,Disease Control Officer,Kumbungu District communities,Kumbungu District communities,signed
995,Memunatu Fuseini,F,Enrolled Nurse,Kumbungu District communities,Kumbungu District communities,signed
996,Yakubu Mahama,F,Enrolled Nurse,Kumbungu District communities,Kumbungu District communities,signed
997,Adiza Seidu,F,Enrolled Nurse,Kumbungu District communities,Kumbungu District communities,signed
998,Sulemana Mahama,F,Enrolled Nurse,Kumbungu District communities,Kumbungu District communities,signed
999,Abdul Yakubu,F,Midwife,Kumbungu District communities,Kumbungu District communities,signed
1000,Memunatu Iddrisu,F,Disease Control Officer,Kumbungu District communities,Kumbungu District communities,signed
1001,Hawa Seidu,F,Community Health Officer,Kumbungu District communities,Kumbungu District communities,signed
1002,Mohammed Issahaku,F,Enrolled Nurse,Kumbungu District communities,Kumbungu District communities,signed
1003,Sanatu Napari,F,Enrolled Nurse,Kumbungu District communities,Kumbungu District communities,signed
1004,Salamatu Seidu,F,Medical Assistant,Kumbungu District communities,Kumbungu District communities,signed
1005,Issah Wumbei,F,Midwife,Kumbungu District communities,Kumbungu District communities,signed
1006,Baba Abdulai,F,Community Health Officer,Kumbungu District communities,Kumbungu District communities,signed
1007,Fuseini Seidu,F,Disease Control Officer,Kumbungu District communities,Kumbungu District communities,signed
1008,Mohammed Wumbei,F,Enrolled Nurse,Kumbungu District communities,Kumbungu District communities,signed
1009,Iddrisu Yakubu,F,Community Health Officer,Kumbungu District communities,Kumbungu District communities,signed
1010,Hawa Alhassan,F,Community Health Officer,Kumbungu District communities,Kumbungu District communities,signed
1011,Mariam Abdulai,F,Disease Control Officer,Kumbungu District communities,Kumbungu District communities,signed
1012,Yakubu Wumbei,F,Disease Control Officer,Kumbungu District communities,Kumbungu District communities,signed
1013,Sanatu Fuseini,F,Medical Assistant,Kumbungu District communities,Kumbungu District communities,signed
1014,Iddrisu Iddrisu,F,Medical Assistant,Kumbungu District communities,Kumbungu District communities,signed
1015,Memunatu Napari,F,Midwife,Kumbungu District communities,Kumbungu District communities,signed
1016,Abu Dauda,F,Enrolled Nurse,Kumbungu District communities,Kumbungu District communities,signed
1017,Baba Fuseini,F,Enrolled Nurse,Kumbungu District communities,Kumbungu District communities,signed
1018,Mohammed Issahaku,F,Community Health Officer,Kumbungu District communities,Kumbungu District communities,signed
1019,Mariam Fuseini,F,Enrolled Nurse,Kumbungu District communities,Kumbungu District communities,signed
1020,Baba Fuseini,F,Medical Assistant,Kumbungu District communities,Kumbungu District communities,signed
1021,Memunatu Issahaku,F,Disease Control Officer,Kumbungu District communities,Kumbungu District communities,signed
1022,Hawa Yakubu,F,Midwife,Kumbungu District communities,Kumbungu District communities,signed
1023,Fuseini Tia,F,Midwife,Kumbungu District communities,Kumbungu District communities,signed
1024,Sanatu Seidu,F,Disease Control Officer,Kumbungu District communities,Kumbungu District communities,signed
1025,Baba Wumbei,F,Community Health Officer,Kumbungu District communities,Kumbungu District communities,signed
1026,Baba Alhassan,F,Disease Control Officer,Kumbungu District communities,Kumbungu District communities,signed
1027,Mohammed Iddrisu,F,Community Health Officer,Kumbungu District communities,Kumbungu District communities,signed
1028,Salamatu Yakubu,F,Community Health Officer,Kumbungu District communities,Kumbungu District communities,signed
1029,Alhassan Mahama,F,Disease Control Officer,Kumbungu District communities,Kumbungu District communities,signed
1030,Fuseini Napari,F,Medical Assistant,Kumbungu District communities,Kumbungu District communities,signed
1031,Mariam Fuseini,F,Midwife,Kumbungu District communities,Kumbungu District communities,signed
1032,Issah Alhassan,F,Disease Control Officer,Kumbungu District communities,Kumbungu District communities,signed
1033,Iddrisu Alhassan,F,Enrolled Nurse,Kumbungu District communities,Kumbungu District communities,signed
1034,Ayishetu Alhassan,F,Enrolled Nurse,Kumbungu District communities,Kumbungu District communities,signed
1035,Baba Yakubu,F,Enrolled Nurse,Kumbungu District communities,Kumbungu District communities,signed
1036,Iddrisu Wumbei,F,Community Health Officer,Kumbungu District communities,Kumbungu District communities,signed
1037,Salamatu Issahaku,F,Enrolled Nurse,Kumbungu District communities,Kumbungu District communities,signed
1038,Baba Tia,F,Disease Control Officer,Kumbungu District communities,Kumbungu District communities,signed
1039,Fati Issahaku,F,Enrolled Nurse,Kumbungu District communities,Kumbungu District communities,signed
1040,Yakubu Wumbei,F,Community Health Officer,Kumbungu District communities,Kumbungu District communities,signed
1041,Ayishetu Napari,F,Medical Assistant,Kumbungu District communities,Kumbungu District communities,signed
1042,Hawa Yakubu,F,Medical Assistant,Kumbungu District communities,Kumbungu District communities,signed
1043,Sanatu Tia,F,Medical Assistant,Kumbungu District communities,Kumbungu District communities,signed
1044,Fati Dauda,F,Community Health Officer,Kumbungu District communities,Kumbungu District communities,signed
1045,Baba Mahama,F,Medical Assistant,Kumbungu District communities,Kumbungu District communities,signed
1046,Fuseini Wumbei,F,Disease Control Officer,Kumbungu District communities,Kumbungu District communities,signed
1047,Fati Iddrisu,F,Midwife,Kumbungu District communities,Kumbungu District communities,signed
1048,Abu Tia,F,Community Health Officer,Kumbungu District communities,Kumbungu District communities,signed
1049,Zuweira Wumbei,F,Medical Assistant,Kumbungu District communities,Kumbungu District communities,signed
1050,Rahinatu Alhassan,F,Midwife,Kumbungu District communities,Kumbungu District communities,signed
1051,Zuweira Issahaku,F,Enrolled Nurse,Kumbungu District communities,Kumbungu District communities,signed
1052,Fuseini Mahama,F,Enrolled Nurse,Kumbungu District communities,Kumbungu District communities,signed
1053,Adiza Wumbei,F,Medical Assistant,Kumbungu District communities,Kumbungu District communities,signed
1054,Mohammed Iddrisu,F,Midwife,Kumbungu District communities,Kumbungu District communities,signed
1055,Abu Tia,F,Disease Control Officer,Kumbungu District communities,Kumbungu District communities,signed
1056,Baba Alhassan,F,Enrolled Nurse,Kumbungu District communities,Kumbungu District communities,signed
1057,Memunatu Issahaku,F,Disease Control Officer,Kumbungu District communities,Kumbungu District communities,signed
1058,Fati Mahama,F,Community Health Officer,Kumbungu District communities,Kumbungu District communities,signed
1059,Memunatu Napari,F,Disease Control Officer,Kumbungu District communities,Kumbungu District communities,signed
1060,Rahinatu Iddrisu,F,Community Health Officer,Kumbungu District communities,Kumbungu District communities,signed
1061,Yakubu Dauda,F,Community Health Officer,Kumbungu District communities,Kumbungu District communities,signed
1062,Memunatu Fuseini,F,Medical Assistant,Kumbungu District communities,Kumbungu District communities,signed
1063,Mariam Dauda,F,Medical Assistant,Kumbungu District communities,Kumbungu District communities,signed
1064,Salamatu Mahama,F,Disease Control Officer,Kumbungu District communities,Kumbungu District communities,signed
1065,Iddrisu Fuseini,F,Community Health Officer,Kumbungu District communities,Kumbungu District communities,signed
1066,Iddrisu Fuseini,F,Community Health Officer,Kumbungu District communities,Kumbungu District communities,signed
1067,Yakubu Seidu,F,Enrolled Nurse,Kumbungu District communities,Kumbungu District communities,signed
1068,Ayishetu Iddrisu,F,Medical Assistant,Kumbungu District communities,Kumbungu District communities,signed
1069,Ayishetu Dauda,F,Disease Control Officer,Kumbungu District communities,Kumbungu District communities,signed
1070,Baba Yakubu,F,Enrolled Nurse,Kumbungu District communities,Kumbungu District communities,signed
1071,Adiza Seidu,F,Midwife,Kumbungu District communities,Kumbungu District communities,signed
1072,Sanatu Wumbei,F,Midwife,Kumbungu District communities,Kumbungu District communities,signed
1073,Mariam Tia,F,Midwife,Kumbungu District communities,Kumbungu District communities,signed
1074,Abu Iddrisu,F,Medical Assistant,Kumbungu District communities,Kumbungu District communities,signed
1075,Alhassan Yakubu,F,Enrolled Nurse,Kumbungu District communities,Kumbungu District communities,signed
1076,Ayishetu Seidu,F,Community Health Officer,Kumbungu District communities,Kumbungu District communities,signed
1077,Fuseini Abdulai,F,Disease Control Officer,Kumbungu District communities,Kumbungu District communities,signed
1078,Yakubu Alhassan,F,Midwife,Kumbungu District communities,Kumbungu District communities,signed
1079,Yakubu Iddrisu,F,Medical Assistant,Kumbungu District communities,Kumbungu District communities,signed
1080,Zuweira Fuseini,F,Enrolled Nurse,Kumbungu District communities,Kumbungu District communities,signed
1081,Abdul Alhassan,F,Enrolled Nurse,Kumbungu District communities,Kumbungu District communities,signed
1082,Ayishetu Iddrisu,F,Midwife,Kumbungu District communities,Kumbungu District communities,signed
1083,Alhassan Fuseini,F,Disease Control Officer,Kumbungu District communities,Kumbungu District communities,signed
1084,Abu Dauda,F,Medical Assistant,Kumbungu District communities,Kumbungu District communities,signed
1085,Abu Tia,F,Disease Control Officer,Kumbungu District communities,Kumbungu District communities,signed
1086,Ayishetu Seidu,F,Disease Control Officer,Kumbungu District communities,Kumbungu District communities,signed
1087,Baba Dauda,F,Disease Control Officer,Kumbungu District communities,Kumbungu District communities,signed
1088,Rahinatu Mahama,F,Medical Assistant,Kumbungu District communities,Kumbungu District communities,signed
1089,Sulemana Mahama,F,Midwife,Kumbungu District communities,Kumbungu District communities,signed
1090,Issah Tia,F,Disease Control Officer,Kumbungu District communities,Kumbungu District communities,signed
1091,Iddrisu Fuseini,F,Community Health Officer,Kumbungu District communities,Kumbungu District communities,signed
1092,Issah Tia,F,Community Health Officer,Kumbungu District communities,Kumbungu District communities,signed
1093,Adiza Issahaku,F,Disease Control Officer,Kumbungu District communities,Kumbungu District communities,signed
1094,Hawa Fuseini,F,Midwife,Kumbungu District communities,Kumbungu District communities,signed
1095,Mariam Mahama,F,Enrolled Nurse,Kumbungu District communities,Kumbungu District communities,signed
1096,Abdul Fuseini,F,Medical Assistant,Kumbungu District communities,Kumbungu District communities,signed
1097,Sanatu Iddrisu,F,Community Health Officer,Kumbungu District communities,Kumbungu District communities,signed
1098,Fuseini Seidu,F,Medical Assistant,Kumbungu District communities,Kumbungu District communities,signed
1099,Mariam Issahaku,F,Medical Assistant,Kumbungu District communities,Kumbungu District communities,signed
1100,Yakubu Tia,F,Disease Control Officer,Kumbungu District communities,Kumbungu District communities,signed
1101,Abdul Napari,F,Medical Assistant,Kumbungu District communities,Kumbungu District communities,signed
1102,Iddrisu Abdulai,F,Disease Control Officer,Kumbungu District communities,Kumbungu District communities,signed
1103,Ayishetu Fuseini,F,Medical Assistant,Kumbungu District communities,Kumbungu District communities,signed
1104,Issah Tia,F,Enrolled Nurse,Kumbungu District communities,Kumbungu District communities,signed
1105,Mariam Yakubu,F,Disease Control Officer,Kumbungu District communities,Kumbungu District communities,signed
1106,Issah Dauda,F,Community Health Officer,Kumbungu District communities,Kumbungu District communities,signed
1107,Rahinatu Seidu,F,Midwife,Kumbungu District communities,Kumbungu District communities,signed
1108,Issah Yakubu,F,Disease Control Officer,Kumbungu District communities,Kumbungu District communities,signed
1109,Yakubu Alhassan,F,Enrolled Nurse,Kumbungu District communities,Kumbungu District communities,signed
1110,Sanatu Seidu,F,Community Health Officer,Kumbungu District communities,Kumbungu District communities,signed
1111,Abdul Tia,F,Disease Control Officer,Kumbungu District communities,Kumbungu District communities,signed
1112,Mohammed Seidu,F,Midwife,Kumbungu District communities,Kumbungu District communities,signed
1113,Fati Mahama,F,Midwife,Kumbungu District communities,Kumbungu District communities,signed
1114,Memunatu Alhassan,F,Disease Control Officer,Kumbungu District communities,Kumbungu District communities,signed
1115,Issah Abdulai,F,Enrolled Nurse,Kumbungu District communities,Kumbungu District communities,signed
1116,Hawa Tia,F,Disease Control Officer,Kumbungu District communities,Kumbungu District communities,signed
1117,Zuweira Issahaku,F,Community Health Officer,Kumbungu District communities,Kumbungu District communities,signed
1118,Issah Fuseini,F,Midwife,Kumbungu District communities,Kumbungu District communities,signed
1119,Mariam Wumbei,F,Midwife,Kumbungu District communities,Kumbungu District communities,signed
1120,Ayishetu Dauda,F,Midwife,Kumbungu District communities,Kumbungu District communities,signed
1121,Alhassan Napari,F,Disease Control Officer,Kumbungu District communities,Kumbungu District communities,signed
1122,Memunatu Mahama,F,Community Health Officer,Kumbungu District communities,Kumbungu District communities,signed
1123,Ayishetu Napari,F,Community Health Officer,Kumbungu District communities,Kumbungu District communities,signed
1124,Alhassan Dauda,F,Community Health Officer,Kumbungu District communities,Kumbungu District communities,signed
1125,Adiza Tia,F,Midwife,Kumbungu District communities,Kumbungu District communities,signed
1126,Baba Yakubu,F,Medical Assistant,Kumbungu District communities,Kumbungu District communities,signed
1127,Mohammed Seidu,F,Enrolled Nurse,Kumbungu District communities,Kumbungu District communities,signed
1128,Alhassan Fuseini,F,Community Health Officer,Kumbungu District communities,Kumbungu District communities,signed
1129,Zuweira Dauda,F,Enrolled Nurse,Kumbungu District communities,Kumbungu District communities,signed
1130,Baba Napari,F,Enrolled Nurse,Kumbungu District communities,Kumbungu District communities,signed
1131,Issah Abdulai,F,Enrolled Nurse,Kumbungu District communities,Kumbungu District communities,signed
1132,Baba Iddrisu,F,Enrolled Nurse,Kumbungu District communities,Kumbungu District communities,signed
1133,Baba Issahaku,F,Disease Control Officer,Kumbungu District communities,Kumbungu District communities,signed
1134,Yakubu Dauda,F,Enrolled Nurse,Kumbungu District communities,Kumbungu District communities,signed
1135,Sulemana Dauda,F,Community Health Officer,Kumbungu District communities,Kumbungu District communities,signed
1136,Ayishetu Wumbei,F,Enrolled Nurse,Kumbungu District communities,Kumbungu District communities,signed
1137,Baba Iddrisu,F,Enrolled Nurse,Kumbungu District communities,Kumbungu District communities,signed
1138,Adiza Alhassan,F,Disease Control Officer,Kumbungu District communities,Kumbungu District communities,signed
1139,Mariam Wumbei,F,Community Health Officer,Kumbungu District communities,Kumbungu District communities,signed
1140,Hawa Iddrisu,F,Midwife,Kumbungu District communities,Kumbungu District communities,signed
1141,Salamatu Wumbei,F,Disease Control Officer,Kumbungu District communities,Kumbungu District communities,signed
1142,Alhassan Wumbei,F,Midwife,Kumbungu District communities,Kumbungu District communities,signed
1143,Abdul Napari,F,Enrolled Nurse,Kumbungu District communities,Kumbungu District communities,signed
1144,Mohammed Alhassan,F,Disease Control Officer,Kumbungu District communities,Kumbungu District communities,signed
1145,Baba Dauda,F,Disease Control Officer,Kumbungu District communities,Kumbungu District communities,signed
1146,Fuseini Napari,F,Medical Assistant,Kumbungu District communities,Kumbungu District communities,signed
1147,Alhassan Mahama,F,Enrolled Nurse,Kumbungu District communities,Kumbungu District communities,signed
1148,Fati Mahama,F,Midwife,Kumbungu District communities,Kumbungu District communities,signed
1149,Rahinatu Iddrisu,F,Medical Assistant,Kumbungu District communities,Kumbungu District communities,signed
1150,Abdul Tia,F,Disease Control Officer,Kumbungu District communities,Kumbungu District communities,signed
1151,Issah Tia,F,Disease Control Officer,Kumbungu District communities,Kumbungu District communities,signed
1152,Salamatu Napari,F,Midwife,Kumbungu District communities,Kumbungu District communities,signed
1153,Mohammed Fuseini,F,Medical Assistant,Kumbungu District communities,Kumbungu District communities,signed
1154,Ayishetu Mahama,F,Enrolled Nurse,Kumbungu District communities,Kumbungu District communities,signed
1155,Iddrisu Dauda,F,Medical Assistant,Kumbungu District communities,Kumbungu District communities,signed
1156,Zuweira Wumbei,F,Disease Control Officer,Kumbungu District communities,Kumbungu District communities,signed
1157,Hawa Alhassan,F,Community Health Officer,Kumbungu District communities,Kumbungu District communities,signed
1158,Alhassan Seidu,F,Enrolled Nurse,Kumbungu District communities,Kumbungu District communities,signed
1159,Fuseini Iddrisu,F,Enrolled Nurse,Kumbungu District communities,Kumbungu District communities,signed
1160,Sanatu Fuseini,F,Midwife,Kumbungu District communities,Kumbungu District communities,signed
1161,Adiza Tia,F,Midwife,Kumbungu District communities,Kumbungu District communities,signed
1162,Salamatu Alhassan,F,Enrolled Nurse,Kumbungu District communities,Kumbungu District communities,signed
1163,Mohammed Napari,F,Midwife,Kumbungu District communities,Kumbungu District communities,signed
1164,Hawa Iddrisu,F,Community Health Officer,Kumbungu District communities,Kumbungu District communities,signed
1165,Iddrisu Mahama,F,Midwife,Kumbungu District communities,Kumbungu District communities,signed
1166,Fuseini Iddrisu,F,Disease Control Officer,Kumbungu District communities,Kumbungu District communities,signed
1167,Abu Wumbei,F,Community Health Officer,Kumbungu District communities,Kumbungu District communities,signed
1168,Fati Alhassan,F,Community Health Officer,Kumbungu District communities,Kumbungu District communities,signed
1169,Mariam Napari,F,Enrolled Nurse,Kumbungu District communities,Kumbungu District communities,signed
1170,Baba Wumbei,F,Community Health Officer,Kumbungu District communities,Kumbungu District communities,signed
1171,Zuweira Yakubu,F,Disease Control Officer,Kumbungu District communities,Kumbungu District communities,signed
1172,Adiza Issahaku,F,Community Health Officer,Kumbungu District communities,Kumbungu District communities,signed
1173,Hawa Alhassan,F,Enrolled Nurse,Kumbungu District communities,Kumbungu District communities,signed
1174,Issah Tia,F,Disease Control Officer,Kumbungu District communities,Kumbungu District communities,signed
1175,Memunatu Alhassan,F,Medical Assistant,Kumbungu District communities,Kumbungu District communities,signed
1176,Fuseini Iddrisu,F,Community Health Officer,Kumbungu District communities,Kumbungu District communities,signed
1177,Baba Abdulai,F,Community Health Officer,Kumbungu District communities,Kumbungu District communities,signed
1178,Salamatu Issahaku,F,Midwife,Kumbungu District communities,Kumbungu District communities,signed
1179,Yakubu Napari,F,Medical Assistant,Kumbungu District communities,Kumbungu District communities,signed
1180,Abu Iddrisu,F,Community Health Officer,Kumbungu District communities,Kumbungu District communities,signed
1181,Yakubu Dauda,F,Community Health Officer,Kumbungu District communities,Kumbungu District communities,signed
1182,Ayishetu Fuseini,F,Medical Assistant,Kumbungu District communities,Kumbungu District communities,signed
1183,Ayishetu Abdulai,F,Medical Assistant,Kumbungu District communities,Kumbungu District communities,signed
1184,Fati Tia,F,Medical Assistant,Kumbungu District communities,Kumbungu District communities,signed
1185,Salamatu Tia,F,Enrolled Nurse,Kumbungu District communities,Kumbungu District communities,signed
1186,Issah Fuseini,F,Community Health Officer,Kumbungu District communities,Kumbungu District communities,signed
1187,Mohammed Fuseini,F,Disease Control Officer,Kumbungu District communities,Kumbungu District communities,signed
1188,Abdul Dauda,F,Medical Assistant,Kumbungu District communities,Kumbungu District communities,signed
1189,Sanatu Tia,F,Disease Control Officer,Kumbungu District communities,Kumbungu District communities,signed
1190,Baba Seidu,F,Enrolled Nurse,Kumbungu District communities,Kumbungu District communities,signed
1191,Fati Seidu,F,Disease Control Officer,Kumbungu District communities,Kumbungu District communities,signed
1192,Mariam Issahaku,F,Midwife,Kumbungu District communities,Kumbungu District communities,signed
1193,Abdul Napari,F,Midwife,Kumbungu District communities,Kumbungu District communities,signed
1194,Mohammed Abdulai,F,Enrolled Nurse,Kumbungu District communities,Kumbungu District communities,signed
1195,Mariam Fuseini,F,Medical Assistant,Kumbungu District communities,Kumbungu District communities,signed
1196,Yakubu Fuseini,F,Medical Assistant,Kumbungu District communities,Kumbungu District communities,signed
1197,Mariam Mahama,F,Midwife,Kumbungu District communities,Kumbungu District communities,signed
1198,Alhassan Alhassan,F,Enrolled Nurse,Kumbungu District communities,Kumbungu District communities,signed
1199,Adiza Alhassan,F,Community Health Officer,Kumbungu District communities,Kumbungu District communities,signed
1200,Rahinatu Yakubu,F,Medical Assistant,Kumbungu District communities,Kumbungu District communities,signed
1201,Mariam Iddrisu,F,Community Health Officer,Kumbungu District communities,Kumbungu District communities,signed
1202,Salamatu Seidu,F,Disease Control Officer,Kumbungu District communities,Kumbungu District communities,signed
1203,Issah Napari,F,Disease Control Officer,Kumbungu District communities,Kumbungu District communities,signed
1204,Abu Tia,F,Enrolled Nurse,Kumbungu District communities,Kumbungu District communities,signed
1205,Issah Tia,F,Enrolled Nurse,Kumbungu District communities,Kumbungu District communities,signed
1206,Abdul Tia,F,Enrolled Nurse,Kumbungu District communities,Kumbungu District communities,signed
1207,Abdul Alhassan,F,Enrolled Nurse,Kumbungu District communities,Kumbungu District communities,signed
1208,Mohammed Dauda,F,Midwife,Kumbungu District communities,Kumbungu District communities,signed
1209,Adiza Iddrisu,F,Midwife,Kumbungu District communities,Kumbungu District communities,signed
1210,Yakubu Seidu,F,Disease Control Officer,Kumbungu District communities,Kumbungu District communities,signed
1211,Rahinatu Napari,F,Community Health Officer,Kumbungu District communities,Kumbungu District communities,signed
1212,Fuseini Wumbei,F,Medical Assistant,Kumbungu District communities,Kumbungu District communities,signed
1213,Fati Napari,F,Medical Assistant,Kumbungu District communities,Kumbungu District communities,signed
1214,Adiza Tia,F,Midwife,Kumbungu District communities,Kumbungu District communities,signed
1215,Hawa Wumbei,F,Enrolled Nurse,Kumbungu District communities,Kumbungu District communities,signed
1216,Alhassan Dauda,F,Midwife,Kumbungu District communities,Kumbungu District communities,signed
1217,Abdul Fuseini,F,Medical Assistant,Kumbungu District communities,Kumbungu District communities,signed
1218,Memunatu Yakubu,F,Medical Assistant,Kumbungu District communities,Kumbungu District communities,signed
1219,Abu Iddrisu,F,Community Health Officer,Kumbungu District communities,Kumbungu District communities,signed
1220,Baba Alhassan,F,Enrolled Nurse,Kumbungu District communities,Kumbungu District communities,signed
1221,Baba Dauda,F,Community Health Officer,Kumbungu District communities,Kumbungu District communities,signed
1222,Abdul Tia,F,Midwife,Kumbungu District communities,Kumbungu District communities,signed
1223,Hawa Abdulai,F,Medical Assistant,Kumbungu District communities,Kumbungu District communities,signed
1224,Sulemana Seidu,F,Community Health Officer,Kumbungu District communities,Kumbungu District communities,signed
1225,Baba Wumbei,F,Medical Assistant,Kumbungu District communities,Kumbungu District communities,signed
1226,Memunatu Seidu,F,Enrolled Nurse,Kumbungu District communities,Kumbungu District communities,signed
1227,Iddrisu Alhassan,F,Community Health Officer,Kumbungu District communities,Kumbungu District communities,signed
1228,Sulemana Issahaku,F,Community Health Officer,Kumbungu District communities,Kumbungu District communities,signed
1229,Mariam Abdulai,F,Midwife,Kumbungu District communities,Kumbungu District communities,signed
1230,Zuweira Fuseini,F,Enrolled Nurse,Kumbungu District communities,Kumbungu District communities,signed
1231,Rahinatu Seidu,F,Community Health Officer,Kumbungu District communities,Kumbungu District communities,signed
1232,Abdul Issahaku,F,Disease Control Officer,Kumbungu District communities,Kumbungu District communities,signed
1233,Hawa Fuseini,F,Midwife,Kumbungu District communities,Kumbungu District communities,signed
1234,Fuseini Alhassan,F,Community Health Officer,Kumbungu District communities,Kumbungu District communities,signed
1235,Fuseini Abdulai,F,Disease Control Officer,Kumbungu District communities,Kumbungu District communities,signed
1236,Issah Iddrisu,F,Disease Control Officer,Kumbungu District communities,Kumbungu District communities,signed
1237,Abdul Alhassan,F,Enrolled Nurse,Kumbungu District communities,Kumbungu District communities,signed
1238,Sanatu Issahaku,F,Midwife,Kumbungu District communities,Kumbungu District communities,signed
1239,Abu Issahaku,F,Community Health Officer,Kumbungu District communities,Kumbungu District communities,signed
1240,Abdul Dauda,F,Community Health Officer,Kumbungu District communities,Kumbungu District communities,signed
1241,Adiza Wumbei,F,Community Health Officer,Kumbungu District communities,Kumbungu District communities,signed
1242,Zuweira Iddrisu,F,Disease Control Officer,Kumbungu District communities,Kumbungu District communities,signed
1243,Salamatu Wumbei,F,Midwife,Kumbungu District communities,Kumbungu District communities,signed
1244,Memunatu Dauda,F,Enrolled Nurse,Kumbungu District communities,Kumbungu District communities,signed
1245,Adiza Seidu,F,Disease Control Officer,Kumbungu District communities,Kumbungu District communities,signed
1246,Fuseini Issahaku,F,Midwife,Kumbungu District communities,Kumbungu District communities,signed
1247,Issah Abdulai,F,Enrolled Nurse,Kumbungu District communities,Kumbungu District communities,signed
1248,Abu Seidu,F,Medical Assistant,Kumbungu District communities,Kumbungu District communities,signed
1249,Alhassan Iddrisu,F,Midwife,Kumbungu District communities,Kumbungu District communities,signed
1250,Hawa Wumbei,F,Disease Control Officer,Kumbungu District communities,Kumbungu District communities,signed
1251,Rahinatu Iddrisu,F,Disease Control Officer,Kumbungu District communities,Kumbungu District communities,signed
1252,Sanatu Issahaku,F,Enrolled Nurse,Kumbungu District communities,Kumbungu District communities,signed
1253,Mariam Fuseini,F,Enrolled Nurse,Kumbungu District communities,Kumbungu District communities,signed
1254,Iddrisu Tia,F,Enrolled Nurse,Kumbungu District communities,Kumbungu District communities,signed
1255,Hawa Napari,F,Midwife,Kumbungu District communities,Kumbungu District communities,signed
1256,Sulemana Tia,F,Midwife,Kumbungu District communities,Kumbungu District communities,signed
1257,Issah Mahama,F,Enrolled Nurse,Kumbungu District communities,Kumbungu District communities,signed
1258,Yakubu Abdulai,F,Community Health Officer,Kumbungu District communities,Kumbungu District communities,signed
1259,Abu Fuseini,F,Medical Assistant,Kumbungu District communities,Kumbungu District communities,signed
1260,Mariam Alhassan,F,Enrolled Nurse,Kumbungu District communities,Kumbungu District communities,signed
1261,Zuweira Fuseini,F,Midwife,Kumbungu District communities,Kumbungu District communities,signed
1262,Zuweira Issahaku,F,Enrolled Nurse,Kumbungu District communities,Kumbungu District communities,signed
1263,Fuseini Mahama,F,Disease Control Officer,Kumbungu District communities,Kumbungu District communities,signed
1264,Issah Abdulai,F,Midwife,Kumbungu District communities,Kumbungu District communities,signed
1265,Abdul Tia,F,Community Health Officer,Kumbungu District communities,Kumbungu District communities,signed
1266,Fuseini Abdulai,F,Enrolled Nurse,Kumbungu District communities,Kumbungu District communities,signed
1267,Salamatu Fuseini,F,Community Health Officer,Kumbungu District communities,Kumbungu District communities,signed
1268,Issah Tia,F,Enrolled Nurse,Kumbungu District communities,Kumbungu District communities,signed
1269,Fuseini Issahaku,F,Community Health Officer,Kumbungu District communities,Kumbungu District communities,signed
1270,Salamatu Alhassan,F,Disease Control Officer,Kumbungu District communities,Kumbungu District communities,signed
1271,Adiza Seidu,F,Medical Assistant,Kumbungu District communities,Kumbungu District communities,signed
1272,Sanatu Napari,F,Enrolled Nurse,Kumbungu District communities,Kumbungu District communities,signed
1273,Mohammed Fuseini,F,Community Health Officer,Kumbungu District communities,Kumbungu District communities,signed
1274,Memunatu Abdulai,F,Disease Control Officer,Kumbungu District communities,Kumbungu District communities,signed
1275,Yakubu Seidu,F,Community Health Officer,Kumbungu District communities,Kumbungu District communities,signed
1276,Hawa Iddrisu,F,Medical Assistant,Kumbungu District communities,Kumbungu District communities,signed
1277,Memunatu Wumbei,F,Disease Control Officer,Kumbungu District communities,Kumbungu District communities,signed
1278,Mohammed Wumbei,F,Midwife,Kumbungu District communities,Kumbungu District communities,signed
1279,Fati Abdulai,F,Medical Assistant,Kumbungu District communities,Kumbungu District communities,signed
1280,Ayishetu Mahama,F,Disease Control Officer,Kumbungu District communities,Kumbungu District communities,signed
1281,Zuweira Yakubu,F,Medical Assistant,Kumbungu District communities,Kumbungu District communities,signed
1282,Alhassan Tia,F,Medical Assistant,Kumbungu District communities,Kumbungu District communities,signed
1283,Issah Alhassan,F,Medical Assistant,Kumbungu District communities,Kumbungu District communities,signed
1284,Abu Tia,F,Midwife,Kumbungu District communities,Kumbungu District communities,signed
1285,Iddrisu Wumbei,F,Community Health Officer,Kumbungu District communities,Kumbungu District communities,signed
1286,Abdul Wumbei,F,Medical Assistant,Kumbungu District communities,Kumbungu District communities,signed
1287,Zuweira Napari,F,Community Health Officer,Kumbungu District communities,Kumbungu District communities,signed
1288,Ayishetu Issahaku,F,Disease Control Officer,Kumbungu District communities,Kumbungu District communities,signed
1289,Hawa Abdulai,F,Disease Control Officer,Kumbungu District communities,Kumbungu District communities,signed
1290,Salamatu Napari,F,Community Health Officer,Kumbungu District communities,Kumbungu District communities,signed
1291,Iddrisu Mahama,F,Enrolled Nurse,Kumbungu District communities,Kumbungu District communities,signed
1292,Adiza Wumbei,F,Enrolled Nurse,Kumbungu District communities,Kumbungu District communities,signed
1293,Salamatu Wumbei,F,Medical Assistant,Kumbungu District communities,Kumbungu District communities,signed
1294,Rahinatu Fuseini,F,Midwife,Kumbungu District communities,Kumbungu District communities,signed
1295,Alhassan Issahaku,F,Community Health Officer,Kumbungu District communities,Kumbungu District communities,signed
1296,Ayishetu Yakubu,F,Enrolled Nurse,Kumbungu District communities,Kumbungu District communities,signed
1297,Rahinatu Mahama,F,Midwife,Kumbungu District communities,Kumbungu District communities,signed
1298,Baba Napari,F,Medical Assistant,Kumbungu District communities,Kumbungu District communities,signed
1299,Sanatu Mahama,F,Enrolled Nurse,Kumbungu District communities,Kumbungu District communities,signed
1300,Iddrisu Iddrisu,F,Enrolled Nurse,Kumbungu District communities,Kumbungu District communities,signed
1301,Fuseini Abdulai,F,Medical Assistant,Kumbungu District communities,Kumbungu District communities,signed
1302,Adiza Wumbei,F,Enrolled Nurse,Kumbungu District communities,Kumbungu District communities,signed
1303,Abu Iddrisu,F,Medical Assistant,Kumbungu District communities,Kumbungu District communities,signed
1304,Rahinatu Mahama,F,Disease Control Officer,Kumbungu District communities,Kumbungu District communities,signed
1305,Baba Dauda,F,Medical Assistant,Kumbungu District communities,Kumbungu District communities,signed
1306,Baba Issahaku,F,Enrolled Nurse,Kumbungu District communities,Kumbungu District communities,signed
1307,Issah Fuseini,F,Medical Assistant,Kumbungu District communities,Kumbungu District communities,signed
1308,Mohammed Seidu,F,Enrolled Nurse,Kumbungu District communities,Kumbungu District communities,signed
1309,Baba Mahama,F,Enrolled Nurse,Kumbungu District communities,Kumbungu District communities,signed
1310,Abdul Issahaku,F,Midwife,Kumbungu District communities,Kumbungu District communities,signed
1311,Memunatu Alhassan,F,Disease Control Officer,Kumbungu District communities,Kumbungu District communities,signed
1312,Zuweira Napari,F,Enrolled Nurse,Kumbungu District communities,Kumbungu District communities,signed
1313,Abdul Mahama,F,Disease Control Officer,Kumbungu District communities,Kumbungu District communities,signed
1314,Zuweira Wumbei,F,Midwife,Kumbungu District communities,Kumbungu District communities,signed
1315,Baba Wumbei,F,Community Health Officer,Kumbungu District communities,Kumbungu District communities,signed
1316,Alhassan Napari,F,Midwife,Kumbungu District communities,Kumbungu District communities,signed
1317,Issah Mahama,F,Community Health Officer,Kumbungu District communities,Kumbungu District communities,signed
1318,Yakubu Wumbei,F,Enrolled Nurse,Kumbungu District communities,Kumbungu District communities,signed
1319,Adiza Yakubu,F,Medical Assistant,Kumbungu District communities,Kumbungu District communities,signed
1320,Zuweira Issahaku,F,Disease Control Officer,Kumbungu District communities,Kumbungu District communities,signed
1321,Sulemana Abdulai,F,Community Health Officer,Kumbungu District communities,Kumbungu District communities,signed
1322,Yakubu Fuseini,F,Midwife,Kumbungu District communities,Kumbungu District communities,signed
1323,Mariam Dauda,F,Enrolled Nurse,Kumbungu District communities,Kumbungu District communities,signed
1324,Sulemana Abdulai,F,Medical Assistant,Kumbungu District communities,Kumbungu District communities,signed
1325,Salamatu Napari,F,Disease Control Officer,Kumbungu District communities,Kumbungu District communities,signed
1326,Hawa Fuseini,F,Disease Control Officer,Kumbungu District communities,Kumbungu District communities,signed
1327,Alhassan Wumbei,F,Community Health Officer,Kumbungu District communities,Kumbungu District communities,signed
1328,Sanatu Seidu,F,Medical Assistant,Kumbungu District communities,Kumbungu District communities,signed
1329,Sulemana Seidu,F,Midwife,Kumbungu District communities,Kumbungu District communities,signed
1330,Ayishetu Fuseini,F,Enrolled Nurse,Kumbungu District communities,Kumbungu District communities,signed
1331,Fuseini Wumbei,F,Enrolled Nurse,Kumbungu District communities,Kumbungu District communities,signed
1332,Baba Abdulai,F,Community Health Officer,Kumbungu District communities,Kumbungu District communities,signed
1333,Abdul Wumbei,F,Midwife,Kumbungu District communities,Kumbungu District communities,signed
1334,Abu Mahama,F,Enrolled Nurse,Kumbungu District communities,Kumbungu District communities,signed
1335,Mohammed Yakubu,F,Community Health Officer,Kumbungu District communities,Kumbungu District communities,signed
1336,Hawa Tia,F,Community Health Officer,Kumbungu District communities,Kumbungu District communities,signed
1337,Sulemana Alhassan,F,Disease Control Officer,Kumbungu District communities,Kumbungu District communities,signed
1338,Mariam Napari,F,Midwife,Kumbungu District communities,Kumbungu District communities,signed
1339,Baba Seidu,F,Community Health Officer,Kumbungu District communities,Kumbungu District communities,signed
1340,Ayishetu Abdulai,F,Medical Assistant,Kumbungu District communities,Kumbungu District communities,signed
1341,Mariam Iddrisu,F,Community Health Officer,Kumbungu District communities,Kumbungu District communities,signed
1342,Issah Seidu,F,Community Health Officer,Kumbungu District communities,Kumbungu District communities,signed
1343,Sanatu Fuseini,F,Medical Assistant,Kumbungu District communities,Kumbungu District communities,signed
1344,Issah Issahaku,F,Disease Control Officer,Kumbungu District communities,Kumbungu District communities,signed
1345,Zuweira Abdulai,F,Community Health Officer,Kumbungu District communities,Kumbungu District communities,signed
1346,Salamatu Seidu,F,Community Health Officer,Kumbungu District communities,Kumbungu District communities,signed
1347,Sulemana Abdulai,F,Enrolled Nurse,Kumbungu District communities,Kumbungu District communities,signed
1348,Abdul Abdulai,F,Medical Assistant,Kumbungu District communities,Kumbungu District communities,signed
1349,Iddrisu Alhassan,F,Community Health Officer,Kumbungu District communities,Kumbungu District communities,signed
1350,Sanatu Abdulai,F,Enrolled Nurse,Kumbungu District communities,Kumbungu District communities,signed
1351,Sanatu Iddrisu,F,Disease Control Officer,Kumbungu District communities,Kumbungu District communities,signed
1352,Ayishetu Seidu,F,Disease Control Officer,Kumbungu District communities,Kumbungu District communities,signed
1353,Ayishetu Yakubu,F,Midwife,Kumbungu District communities,Kumbungu District communities,signed
1354,Rahinatu Mahama,F,Disease Control Officer,Kumbungu District communities,Kumbungu District communities,signed
1355,Yakubu Fuseini,F,Medical Assistant,Kumbungu District communities,Kumbungu District communities,signed
1356,Yakubu Yakubu,F,Medical Assistant,Kumbungu District communities,Kumbungu District communities,signed
1357,Issah Seidu,F,Community Health Officer,Kumbungu District communities,Kumbungu District communities,signed
1358,Zuweira Abdulai,F,Midwife,Kumbungu District communities,Kumbungu District communities,signed
1359,Mariam Yakubu,F,Disease Control Officer,Kumbungu District communities,Kumbungu District communities,signed
1360,Zuweira Wumbei,F,Midwife,Kumbungu District communities,Kumbungu District communities,signed
1361,Zuweira Dauda,F,Midwife,Kumbungu District communities,Kumbungu District communities,signed
1362,Iddrisu Mahama,F,Midwife,Kumbungu District communities,Kumbungu District communities,signed
1363,Alhassan Mahama,F,Enrolled Nurse,Kumbungu District communities,Kumbungu District communities,signed
1364,Hawa Seidu,F,Medical Assistant,Kumbungu District communities,Kumbungu District communities,signed
1365,Iddrisu Fuseini,F,Midwife,Kumbungu District communities,Kumbungu District communities,signed
1366,Hawa Iddrisu,F,Medical Assistant,Kumbungu District communities,Kumbungu District communities,signed
1367,Fuseini Issahaku,F,Disease Control Officer,Kumbungu District communities,Kumbungu District communities,signed
1368,Alhassan Alhassan,F,Community Health Officer,Kumbungu District communities,Kumbungu District communities,signed
1369,Sanatu Tia,F,Enrolled Nurse,Kumbungu District communities,Kumbungu District communities,signed
1370,Iddrisu Alhassan,F,Medical Assistant,Kumbungu District communities,Kumbungu District communities,signed
1371,Rahinatu Issahaku,F,Midwife,Kumbungu District communities,Kumbungu District communities,signed
1372,Ayishetu Dauda,F,Midwife,Kumbungu District communities,Kumbungu District communities,signed
1373,Mariam Issahaku,F,Community Health Officer,Kumbungu District communities,Kumbungu District communities,signed
1374,Fati Wumbei,F,Disease Control Officer,Kumbungu District communities,Kumbungu District communities,signed
1375,Salamatu Alhassan,F,Enrolled Nurse,Kumbungu District communities,Kumbungu District communities,signed
1376,Yakubu Tia,F,Community Health Officer,Kumbungu District communities,Kumbungu District communities,signed
1377,Fati Tia,F,Medical Assistant,Kumbungu District communities,Kumbungu District communities,signed
1378,Yakubu Fuseini,F,Medical Assistant,Kumbungu District communities,Kumbungu District communities,signed
1379,Mariam Abdulai,F,Midwife,Kumbungu District communities,Kumbungu District communities,signed
1380,Abu Dauda,F,Medical Assistant,Kumbungu District communities,Kumbungu District communities,signed
1381,Sanatu Tia,F,Enrolled Nurse,Kumbungu District communities,Kumbungu District communities,signed
1382,Sanatu Abdulai,F,Midwife,Kumbungu District communities,Kumbungu District communities,signed
1383,Memunatu Yakubu,F,Enrolled Nurse,Kumbungu District communities,Kumbungu District communities,signed
1384,Abu Seidu,F,Medical Assistant,Kumbungu District communities,Kumbungu District communities,signed
1385,Abu Napari,F,Midwife,Kumbungu District communities,Kumbungu District communities,signed
1386,Fati Issahaku,F,Enrolled Nurse,Kumbungu District communities,Kumbungu District communities,signed
1387,Ayishetu Yakubu,F,Disease Control Officer,Kumbungu District communities,Kumbungu District communities,signed
1388,Salamatu Wumbei,F,Enrolled Nurse,Kumbungu District communities,Kumbungu District communities,signed
1389,Baba Alhassan,F,Medical Assistant,Kumbungu District communities,Kumbungu District communities,signed
1390,Abu Seidu,F,Enrolled Nurse,Kumbungu District communities,Kumbungu District communities,signed
1391,Baba Dauda,F,Midwife,Kumbungu District communities,Kumbungu District communities,signed
1392,Ayishetu Abdulai,F,Community Health Officer,Kumbungu District communities,Kumbungu District communities,signed
1393,Hawa Yakubu,F,Community Health Officer,Kumbungu District communities,Kumbungu District communities,signed
1394,Fuseini Dauda,F,Community Health Officer,Kumbungu District communities,Kumbungu District communities,signed
1395,Mohammed Fuseini,F,Community Health Officer,Kumbungu District communities,Kumbungu District communities,signed
1396,Salamatu Fuseini,F,Enrolled Nurse,Kumbungu District communities,Kumbungu District communities,signed
1397,Salamatu Tia,F,Community Health Officer,Kumbungu District communities,Kumbungu District communities,signed
1398,Sulemana Yakubu,F,Medical Assistant,Kumbungu District communities,Kumbungu District communities,signed
1399,Rahinatu Mahama,F,Midwife,Kumbungu District communities,Kumbungu District communities,signed
1400,Baba Fuseini,F,Community Health Officer,Kumbungu District communities,Kumbungu District communities,signed
1401,Ayishetu Mahama,F,Disease Control Officer,Kumbungu District communities,Kumbungu District communities,signed
1402,Fuseini Mahama,F,Disease Control Officer,Kumbungu District communities,Kumbungu District communities,signed
1403,Fuseini Mahama,F,Enrolled Nurse,Kumbungu District communities,Kumbungu District communities,signed
1404,Memunatu Dauda,F,Disease Control Officer,Kumbungu District communities,Kumbungu District communities,signed
1405,Hawa Abdulai,F,Disease Control Officer,Kumbungu District communities,Kumbungu District communities,signed
1406,Zuweira Seidu,F,Enrolled Nurse,Kumbungu District communities,Kumbungu District communities,signed
1407,Hawa Fuseini,F,Enrolled Nurse,Kumbungu District communities,Kumbungu District communities,signed
1408,Rahinatu Alhassan,F,Disease Control Officer,Kumbungu District communities,Kumbungu District communities,signed
1409,Mohammed Mahama,F,Enrolled Nurse,Kumbungu District communities,Kumbungu District communities,signed
1410,Abdul Yakubu,F,Midwife,Kumbungu District communities,Kumbungu District communities,signed
1411,Adiza Wumbei,F,Community Health Officer,Kumbungu District communities,Kumbungu District communities,signed
1412,Fuseini Issahaku,F,Medical Assistant,Kumbungu District communities,Kumbungu District communities,signed
1413,Abu Iddrisu,F,Midwife,Kumbungu District communities,Kumbungu District communities,signed
1414,Ayishetu Dauda,F,Midwife,Kumbungu District communities,Kumbungu District communities,signed
1415,Salamatu Fuseini,F,Disease Control Officer,Kumbungu District communities,Kumbungu District communities,signed
1416,Memunatu Iddrisu,F,Enrolled Nurse,Kumbungu District communities,Kumbungu District communities,signed
1417,Issah Fuseini,F,Midwife,Kumbungu District communities,Kumbungu District communities,signed
1418,Adiza Tia,F,Community Health Officer,Kumbungu District communities,Kumbungu District communities,signed
1419,Memunatu Alhassan,F,Disease Control Officer,Kumbungu District communities,Kumbungu District communities,signed
1420,Rahinatu Mahama,F,Medical Assistant,Kumbungu District communities,Kumbungu District communities,signed
1421,Ayishetu Alhassan,F,Medical Assistant,Kumbungu District communities,Kumbungu District communities,signed
1422,Yakubu Iddrisu,F,Medical Assistant,Kumbungu District communities,Kumbungu District communities,signed
1423,Zuweira Iddrisu,F,Enrolled Nurse,Kumbungu District communities,Kumbungu District communities,signed
1424,Sulemana Napari,F,Medical Assistant,Kumbungu District communities,Kumbungu District communities,signed
1425,Mariam Wumbei,F,Midwife,Kumbungu District communities,Kumbungu District communities,signed
1426,Abu Fuseini,F,Medical Assistant,Kumbungu District communities,Kumbungu District communities,signed
1427,Baba Seidu,F,Midwife,Kumbungu District communities,Kumbungu District communities,signed
1428,Memunatu Issahaku,F,Enrolled Nurse,Kumbungu District communities,Kumbungu District communities,signed
1429,Mohammed Issahaku,F,Midwife,Kumbungu District communities,Kumbungu District communities,signed
1430,Hawa Napari,F,Disease Control Officer,Kumbungu District communities,Kumbungu District communities,signed
1431,Baba Iddrisu,F,Medical Assistant,Kumbungu District communities,Kumbungu District communities,signed
1432,Baba Fuseini,F,Enrolled Nurse,Kumbungu District communities,Kumbungu District communities,signed
1433,Issah Yakubu,F,Midwife,Kumbungu District communities,Kumbungu District communities,signed
1434,Zuweira Mahama,F,Disease Control Officer,Kumbungu District communities,Kumbungu District communities,signed
1435,Rahinatu Seidu,F,Medical Assistant,Kumbungu District communities,Kumbungu District communities,signed
1436,Iddrisu Iddrisu,F,Medical Assistant,Kumbungu District communities,Kumbungu District communities,signed
1437,Salamatu Napari,F,Enrolled Nurse,Kumbungu District communities,Kumbungu District communities,signed
1438,Mohammed Wumbei,F,Disease Control Officer,Kumbungu District communities,Kumbungu District communities,signed
1439,Sanatu Yakubu,F,Midwife,Kumbungu District communities,Kumbungu District communities,signed
1440,Iddrisu Wumbei,F,Midwife,Kumbungu District communities,Kumbungu District communities,signed
1441,Hawa Alhassan,F,Disease Control Officer,Kumbungu District communities,Kumbungu District communities,signed
1442,Fati Wumbei,F,Community Health Officer,Kumbungu District communities,Kumbungu District communities,signed
1443,Abdul Abdulai,F,Medical Assistant,Kumbungu District communities,Kumbungu District communities,signed
1444,Issah Napari,F,Enrolled Nurse,Kumbungu District communities,Kumbungu District communities,signed
1445,Hawa Dauda,F,Midwife,Kumbungu District communities,Kumbungu District communities,signed
1446,Hawa Wumbei,F,Midwife,Kumbungu District communities,Kumbungu District communities,signed
1447,Sulemana Wumbei,F,Community Health Officer,Kumbungu District communities,Kumbungu District communities,signed
1448,Memunatu Issahaku,F,Medical Assistant,Kumbungu District communities,Kumbungu District communities,signed
1449,Abu Fuseini,F,Disease Control Officer,Kumbungu District communities,Kumbungu District communities,signed
1450,Alhassan Seidu,F,Disease Control Officer,Kumbungu District communities,Kumbungu District communities,signed
1451,Baba Tia,F,Midwife,Kumbungu District communities,Kumbungu District communities,signed
1452,Adiza Alhassan,F,Midwife,Kumbungu District communities,Kumbungu District communities,signed
1453,Mohammed Iddrisu,F,Medical Assistant,Kumbungu District communities,Kumbungu District communities,signed
1454,Abu Yakubu,F,Medical Assistant,Kumbungu District communities,Kumbungu District communities,signed
1455,Rahinatu Napari,F,Disease Control Officer,Kumbungu District communities,Kumbungu District communities,signed
1456,Mohammed Dauda,F,Disease Control Officer,Kumbungu District communities,Kumbungu District communities,signed
1457,Mariam Seidu,F,Community Health Officer,Kumbungu District communities,Kumbungu District communities,signed
1458,Memunatu Iddrisu,F,Medical Assistant,Kumbungu District communities,Kumbungu District communities,signed
1459,Iddrisu Fuseini,F,Medical Assistant,Kumbungu District communities,Kumbungu District communities,signed
1460,Adiza Napari,F,Medical Assistant,Kumbungu District communities,Kumbungu District communities,signed
1461,Issah Mahama,F,Disease Control Officer,Kumbungu District communities,Kumbungu District communities,signed
1462,Yakubu Dauda,F,Medical Assistant,Kumbungu District communities,Kumbungu District communities,signed
1463,Salamatu Iddrisu,F,Enrolled Nurse,Kumbungu District communities,Kumbungu District communities,signed
1464,Abdul Wumbei,F,Medical Assistant,Kumbungu District communities,Kumbungu District communities,signed
1465,Alhassan Tia,F,Midwife,Kumbungu District communities,Kumbungu District communities,signed
1466,Alhassan Seidu,F,Medical Assistant,Kumbungu District communities,Kumbungu District communities,signed
1467,Issah Abdulai,F,Disease Control Officer,Kumbungu District communities,Kumbungu District communities,signed
1468,Baba Wumbei,F,Community Health Officer,Kumbungu District communities,Kumbungu District communities,signed
1469,Abdul Issahaku,F,Community Health Officer,Kumbungu District communities,Kumbungu District communities,signed
1470,Mohammed Mahama,F,Medical Assistant,Kumbungu District communities,Kumbungu District communities,signed
1471,Mariam Alhassan,F,Disease Control Officer,Kumbungu District communities,Kumbungu District communities,signed
1472,Adiza Wumbei,F,Disease Control Officer,Kumbungu District communities,Kumbungu District communities,signed
1473,Baba Tia,F,Medical Assistant,Kumbungu District communities,Kumbungu District communities,signed
1474,Fati Seidu,F,Community Health Officer,Kumbungu District communities,Kumbungu District communities,signed
1475,Abu Seidu,F,Disease Control Officer,Kumbungu District communities,Kumbungu District communities,signed
1476,Alhassan Dauda,F,Medical Assistant,Kumbungu District communities,Kumbungu District communities,signed
1477,Rahinatu Mahama,F,Community Health Officer,Kumbungu District communities,Kumbungu District communities,signed
1478,Rahinatu Alhassan,F,Community Health Officer,Kumbungu District communities,Kumbungu District communities,signed
1479,Mariam Alhassan,F,Midwife,Kumbungu District communities,Kumbungu District communities,signed
1480,Fuseini Tia,F,Disease Control Officer,Kumbungu District communities,Kumbungu District communities,signed
1481,Ayishetu Seidu,F,Medical Assistant,Kumbungu District communities,Kumbungu District communities,signed
1482,Fuseini Abdulai,F,Enrolled Nurse,Kumbungu District communities,Kumbungu District communities,signed
1483,Rahinatu Yakubu,F,Enrolled Nurse,Kumbungu District communities,Kumbungu District communities,signed
1484,Abu Abdulai,F,Midwife,Kumbungu District communities,Kumbungu District communities,signed
1485,Salamatu Mahama,F,Enrolled Nurse,Kumbungu District communities,Kumbungu District communities,signed
1486,Issah Abdulai,F,Medical Assistant,Kumbungu District communities,Kumbungu District communities,signed
1487,Abdul Yakubu,F,Medical Assistant,Kumbungu District communities,Kumbungu District communities,signed
1488,Salamatu Wumbei,F,Enrolled Nurse,Kumbungu District communities,Kumbungu District communities,signed
1489,Sanatu Issahaku,F,Disease Control Officer,Kumbungu District communities,Kumbungu District communities,signed
1490,Iddrisu Issahaku,F,Midwife,Kumbungu District communities,Kumbungu District communities,signed
1491,Hawa Tia,F,Disease Control Officer,Kumbungu District communities,Kumbungu District communities,signed
1492,Hawa Seidu,F,Community Health Officer,Kumbungu District communities,Kumbungu District communities,signed
1493,Memunatu Yakubu,F,Medical Assistant,Kumbungu District communities,Kumbungu District communities,signed
1494,Fuseini Mahama,F,Enrolled Nurse,Kumbungu District communities,Kumbungu District communities,signed
1495,Rahinatu Napari,F,Enrolled Nurse,Kumbungu District communities,Kumbungu District communities,signed
1496,Issah Fuseini,F,Enrolled Nurse,Kumbungu District communities,Kumbungu District communities,signed
1497,Yakubu Abdulai,F,Enrolled Nurse,Kumbungu District communities,Kumbungu District communities,signed
1498,Sulemana Wumbei,F,Enrolled Nurse,Kumbungu District communities,Kumbungu District communities,signed
1499,Fuseini Alhassan,F,Midwife,Kumbungu District communities,Kumbungu District communities,signed
1500,Iddrisu Mahama,F,Medical Assistant,Kumbungu District communities,Kumbungu District communities,signed
1501,Hawa Issahaku,F,Community Health Officer,Kumbungu District communities,Kumbungu District communities,signed
1502,Yakubu Tia,F,Enrolled Nurse,Kumbungu District communities,Kumbungu District communities,signed
1503,Fuseini Yakubu,F,Community Health Officer,Kumbungu District communities,Kumbungu District communities,signed
1504,Salamatu Alhassan,F,Disease Control Officer,Kumbungu District communities,Kumbungu District communities,signed
1505,Abdul Iddrisu,F,Medical Assistant,Kumbungu District communities,Kumbungu District communities,signed
1506,Fuseini Issahaku,F,Midwife,Kumbungu District communities,Kumbungu District communities,signed
1507,Zuweira Napari,F,Disease Control Officer,Kumbungu District communities,Kumbungu District communities,signed
1508,Memunatu Issahaku,F,Midwife,Kumbungu District communities,Kumbungu District communities,signed
1509,Rahinatu Abdulai,F,Midwife,Kumbungu District communities,Kumbungu District communities,signed
1510,Baba Abdulai,F,Community Health Officer,Kumbungu District communities,Kumbungu District communities,signed
1511,Adiza Fuseini,F,Disease Control Officer,Kumbungu District communities,Kumbungu District communities,signed
1512,Adiza Wumbei,F,Midwife,Kumbungu District communities,Kumbungu District communities,signed
1513,Fati Tia,F,Community Health Officer,Kumbungu District communities,Kumbungu District communities,signed
1514,Fuseini Dauda,F,Midwife,Kumbungu District communities,Kumbungu District communities,signed
1515,Abdul Tia,F,Disease Control Officer,Kumbungu District communities,Kumbungu District communities,signed
1516,Baba Dauda,F,Community Health Officer,Kumbungu District communities,Kumbungu District communities,signed
1517,Salamatu Abdulai,F,Midwife,Kumbungu District communities,Kumbungu District communities,signed
1518,Alhassan Iddrisu,F,Community Health Officer,Kumbungu District communities,Kumbungu District communities,signed
1519,Rahinatu Yakubu,F,Medical Assistant,Kumbungu District communities,Kumbungu District communities,signed
1520,Yakubu Seidu,F,Enrolled Nurse,Kumbungu District communities,Kumbungu District communities,signed
1521,Abu Napari,F,Medical Assistant,Kumbungu District communities,Kumbungu District communities,signed
1522,Baba Wumbei,F,Enrolled Nurse,Kumbungu District communities,Kumbungu District communities,signed
1523,Rahinatu Mahama,F,Medical Assistant,Kumbungu District communities,Kumbungu District communities,signed
1524,Ayishetu Yakubu,F,Medical Assistant,Kumbungu District communities,Kumbungu District communities,signed
1525,Mohammed Fuseini,F,Enrolled Nurse,Kumbungu District communities,Kumbungu District communities,signed
1526,Rahinatu Wumbei,F,Medical Assistant,Kumbungu District communities,Kumbungu District communities,signed
1527,Alhassan Napari,F,Disease Control Officer,Kumbungu District communities,Kumbungu District communities,signed
1528,Alhassan Tia,F,Medical Assistant,Kumbungu District communities,Kumbungu District communities,signed
1529,Salamatu Fuseini,F,Disease Control Officer,Kumbungu District communities,Kumbungu District communities,signed
1530,Iddrisu Iddrisu,F,Medical Assistant,Kumbungu District communities,Kumbungu District communities,signed
1531,Ayishetu Wumbei,F,Enrolled Nurse,Kumbungu District communities,Kumbungu District communities,signed
1532,Adiza Iddrisu,F,Disease Control Officer,Kumbungu District communities,Kumbungu District communities,signed
1533,Fuseini Abdulai,F,Community Health Officer,Kumbungu District communities,Kumbungu District communities,signed
1534,Salamatu Alhassan,F,Disease Control Officer,Kumbungu District communities,Kumbungu District communities,signed
1535,Hawa Yakubu,F,Community Health Officer,Kumbungu District communities,Kumbungu District communities,signed
1536,Fati Tia,F,Community Health Officer,Kumbungu District communities,Kumbungu District communities,signed
1537,Iddrisu Abdulai,F,Community Health Officer,Kumbungu District communities,Kumbungu District communities,signed
1538,Mohammed Seidu,F,Medical Assistant,Kumbungu District communities,Kumbungu District communities,signed
1539,Abu Alhassan,F,Medical Assistant,Kumbungu District communities,Kumbungu District communities,signed
1540,Iddrisu Iddrisu,F,Enrolled Nurse,Kumbungu District communities,Kumbungu District communities,signed
1541,Iddrisu Tia,F,Enrolled Nurse,Kumbungu District communities,Kumbungu District communities,signed
1542,Iddrisu Napari,F,Disease Control Officer,Kumbungu District communities,Kumbungu District communities,signed
1543,Zuweira Iddrisu,F,Midwife,Kumbungu District communities,Kumbungu District communities,signed
1544,Sanatu Dauda,F,Disease Control Officer,Kumbungu District communities,Kumbungu District communities,signed
1545,Sulemana Abdulai,F,Disease Control Officer,Kumbungu District communities,Kumbungu District communities,signed
1546,Memunatu Tia,F,Medical Assistant,Kumbungu District communities,Kumbungu District communities,signed
1547,Salamatu Iddrisu,F,Community Health Officer,Kumbungu District communities,Kumbungu District communities,signed
1548,Adiza Seidu,F,Midwife,Kumbungu District communities,Kumbungu District communities,signed
1549,Hawa Iddrisu,F,Disease Control Officer,Kumbungu District communities,Kumbungu District communities,signed
1550,Ayishetu Dauda,F,Enrolled Nurse,Kumbungu District communities,Kumbungu District communities,signed
1551,Alhassan Abdulai,F,Disease Control Officer,Kumbungu District communities,Kumbungu District communities,signed
1552,Rahinatu Mahama,F,Community Health Officer,Kumbungu District communities,Kumbungu District communities,signed
1553,Fuseini Mahama,F,Enrolled Nurse,Kumbungu District communities,Kumbungu District communities,signed
1554,Mariam Yakubu,F,Enrolled Nurse,Kumbungu District communities,Kumbungu District communities,signed
1555,Adiza Wumbei,F,Midwife,Kumbungu District communities,Kumbungu District communities,signed
1556,Salamatu Napari,F,Midwife,Kumbungu District communities,Kumbungu District communities,signed
1557,Abu Napari,F,Enrolled Nurse,Kumbungu District communities,Kumbungu District communities,signed
1558,Mariam Napari,F,Enrolled Nurse,Kumbungu District communities,Kumbungu District communities,signed
1559,Mohammed Iddrisu,F,Community Health Officer,Kumbungu District communities,Kumbungu District communities,signed
1560,Memunatu Dauda,F,Disease Control Officer,Kumbungu District communities,Kumbungu District communities,signed
1561,Sanatu Issahaku,F,Community Health Officer,Kumbungu District communities,Kumbungu District communities,signed
1562,Salamatu Abdulai,F,Enrolled Nurse,Kumbungu District communities,Kumbungu District communities,signed
1563,Issah Issahaku,F,Midwife,Kumbungu District communities,Kumbungu District communities,signed
1564,Hawa Yakubu,F,Community Health Officer,Kumbungu District communities,Kumbungu District communities,signed
1565,Ayishetu Dauda,F,Disease Control Officer,Kumbungu District communities,Kumbungu District communities,signed
1566,Yakubu Mahama,F,Enrolled Nurse,Kumbungu District communities,Kumbungu District communities,signed
1567,Mariam Iddrisu,F,Midwife,Kumbungu District communities,Kumbungu District communities,signed
1568,Mohammed Iddrisu,F,Disease Control Officer,Kumbungu District communities,Kumbungu District communities,signed
1569,Sulemana Fuseini,F,Community Health Officer,Kumbungu District communities,Kumbungu District communities,signed
1570,Sanatu Yakubu,F,Disease Control Officer,Kumbungu District communities,Kumbungu District communities,signed
1571,Ayishetu Dauda,F,Enrolled Nurse,Kumbungu District communities,Kumbungu District communities,signed
1572,Issah Abdulai,F,Midwife,Kumbungu District communities,Kumbungu District communities,signed
1573,Ayishetu Napari,F,Medical Assistant,Kumbungu District communities,Kumbungu District communities,signed
1574,Sanatu Yakubu,F,Community Health Officer,Kumbungu District communities,Kumbungu District communities,signed
1575,Mariam Issahaku,F,Disease Control Officer,Kumbungu District communities,Kumbungu District communities,signed
1576,Abdul Wumbei,F,Disease Control Officer,Kumbungu District communities,Kumbungu District communities,signed
1577,Fati Mahama,F,Disease Control Officer,Kumbungu District communities,Kumbungu District communities,signed
1578,Fuseini Seidu,F,Medical Assistant,Kumbungu District communities,Kumbungu District communities,signed
1579,Baba Issahaku,F,Enrolled Nurse,Kumbungu District communities,Kumbungu District communities,signed
1580,Zuweira Yakubu,F,Enrolled Nurse,Kumbungu District communities,Kumbungu District communities,signed
1581,Rahinatu Fuseini,F,Community Health Officer,Kumbungu District communities,Kumbungu District communities,signed
1582,Mohammed Fuseini,F,Enrolled Nurse,Kumbungu District communities,Kumbungu District communities,signed
1583,Mariam Dauda,F,Disease Control Officer,Kumbungu District communities,Kumbungu District communities,signed
1584,Fuseini Wumbei,F,Midwife,Kumbungu District communities,Kumbungu District communities,signed
1585,Sulemana Napari,F,Disease Control Officer,Kumbungu District communities,Kumbungu District communities,signed
1586,Mohammed Tia,F,Midwife,Kumbungu District communities,Kumbungu District communities,signed
1587,Alhassan Tia,F,Enrolled Nurse,Kumbungu District communities,Kumbungu District communities,signed
1588,Sanatu Fuseini,F,Community Health Officer,Kumbungu District communities,Kumbungu District communities,signed
1589,Fuseini Wumbei,F,Medical Assistant,Kumbungu District communities,Kumbungu District communities,signed
1590,Fuseini Iddrisu,F,Midwife,Kumbungu District communities,Kumbungu District communities,signed
1591,Alhassan Fuseini,F,Midwife,Kumbungu District communities,Kumbungu District communities,signed
1592,Iddrisu Tia,F,Enrolled Nurse,Kumbungu District communities,Kumbungu District communities,signed
1593,Salamatu Tia,F,Community Health Officer,Kumbungu District communities,Kumbungu District communities,signed
1594,Abu Issahaku,F,Enrolled Nurse,Kumbungu District communities,Kumbungu District communities,signed
1595,Salamatu Seidu,F,Midwife,Kumbungu District communities,Kumbungu District communities,signed
1596,Zuweira Fuseini,F,Disease Control Officer,Kumbungu District communities,Kumbungu District communities,signed
1597,Hawa Tia,F,Disease Control Officer,Kumbungu District communities,Kumbungu District communities,signed
1598,Fati Dauda,F,Midwife,Kumbungu District communities,Kumbungu District communities,signed
1599,Sulemana Abdulai,F,Midwife,Kumbungu District communities,Kumbungu District communities,signed
1600,Fati Wumbei,F,Medical Assistant,Kumbungu District communities,Kumbungu District communities,signed
1601,Mariam Seidu,F,Community Health Officer,Kumbungu District communities,Kumbungu District communities,signed
1602,Abdul Fuseini,F,Medical Assistant,Kumbungu District communities,Kumbungu District communities,signed
1603,Adiza Yakubu,F,Medical Assistant,Kumbungu District communities,Kumbungu District communities,signed
1604,Hawa Fuseini,F,Enrolled Nurse,Kumbungu District communities,Kumbungu District communities,signed
1605,Yakubu Mahama,F,Disease Control Officer,Kumbungu District communities,Kumbungu District communities,signed
1606,Sulemana Abdulai,F,Medical Assistant,Kumbungu District communities,Kumbungu District communities,signed
1607,Sulemana Abdulai,F,Enrolled Nurse,Kumbungu District communities,Kumbungu District communities,signed
1608,Memunatu Seidu,F,Enrolled Nurse,Kumbungu District communities,Kumbungu District communities,signed
1609,Zuweira Alhassan,F,Community Health Officer,Kumbungu District communities,Kumbungu District communities,signed
1610,Mariam Napari,F,Medical Assistant,Kumbungu District communities,Kumbungu District communities,signed
1611,Baba Wumbei,F,Medical Assistant,Kumbungu District communities,Kumbungu District communities,signed
1612,Issah Yakubu,F,Disease Control Officer,Kumbungu District communities,Kumbungu District communities,signed
1613,Salamatu Napari,F,Midwife,Kumbungu District communities,Kumbungu District communities,signed
1614,Mariam Seidu,F,Midwife,Kumbungu District communities,Kumbungu District communities,signed
1615,Fati Seidu,F,Midwife,Kumbungu District communities,Kumbungu District communities,signed
1616,Memunatu Issahaku,F,Midwife,Kumbungu District communities,Kumbungu District communities,signed
1617,Zuweira Wumbei,F,Medical Assistant,Kumbungu District communities,Kumbungu District communities,signed
1618,Ayishetu Tia,F,Medical Assistant,Kumbungu District communities,Kumbungu District communities,signed
1619,Fuseini Dauda,F,Community Health Officer,Kumbungu District communities,Kumbungu District communities,signed
1620,Abdul Dauda,F,Disease Control Officer,Kumbungu District communities,Kumbungu District communities,signed
1621,Rahinatu Dauda,F,Community Health Officer,Kumbungu District communities,Kumbungu District communities,signed
1622,Sanatu Mahama,F,Midwife,Kumbungu District communities,Kumbungu District communities,signed
1623,Rahinatu Wumbei,F,Community Health Officer,Kumbungu District communities,Kumbungu District communities,signed
1624,Sanatu Iddrisu,F,Disease Control Officer,Kumbungu District communities,Kumbungu District communities,signed
1625,Sulemana Wumbei,F,Midwife,Kumbungu District communities,Kumbungu District communities,signed
1626,Adiza Mahama,F,Community Health Officer,Kumbungu District communities,Kumbungu District communities,signed
1627,Memunatu Tia,F,Community Health Officer,Kumbungu District communities,Kumbungu District communities,signed
1628,Ayishetu Abdulai,F,Midwife,Kumbungu District communities,Kumbungu District communities,signed
1629,Abdul Napari,F,Community Health Officer,Kumbungu District communities,Kumbungu District communities,signed
1630,Salamatu Tia,F,Midwife,Kumbungu District communities,Kumbungu District communities,signed
1631,Sanatu Seidu,F,Enrolled Nurse,Kumbungu District communities,Kumbungu District communities,signed
1632,Hawa Dauda,F,Medical Assistant,Kumbungu District communities,Kumbungu District communities,signed
1633,Mariam Dauda,F,Midwife,Kumbungu District communities,Kumbungu District communities,signed
1634,Salamatu Wumbei,F,Enrolled Nurse,Kumbungu District communities,Kumbungu District communities,signed
1635,Mariam Yakubu,F,Disease Control Officer,Kumbungu District communities,Kumbungu District communities,signed
1636,Abdul Abdulai,F,Disease Control Officer,Kumbungu District communities,Kumbungu District communities,signed
1637,Yakubu Abdulai,F,Community Health Officer,Kumbungu District communities,Kumbungu District communities,signed
1638,Issah Iddrisu,F,Medical Assistant,Kumbungu District communities,Kumbungu District communities,signed
1639,Issah Dauda,F,Community Health Officer,Kumbungu District communities,Kumbungu District communities,signed
1640,Fati Tia,F,Medical Assistant,Kumbungu District communities,Kumbungu District communities,signed
1641,Hawa Tia,F,Medical Assistant,Kumbungu District communities,Kumbungu District communities,signed
1642,Adiza Napari,F,Medical Assistant,Kumbungu District communities,Kumbungu District communities,signed
1643,Fati Tia,F,Community Health Officer,Kumbungu District communities,Kumbungu District communities,signed
1644,Hawa Yakubu,F,Medical Assistant,Kumbungu District communities,Kumbungu District communities,signed
1645,Mohammed Tia,F,Midwife,Kumbungu District communities,Kumbungu District communities,signed
1646,Abdul Dauda,F,Midwife,Kumbungu District communities,Kumbungu District communities,signed
1647,Salamatu Dauda,F,Community Health Officer,Kumbungu District communities,Kumbungu District communities,signed
1648,Baba Iddrisu,F,Community Health Officer,Kumbungu District communities,Kumbungu District communities,signed
1649,Issah Alhassan,F,Midwife,Kumbungu District communities,Kumbungu District communities,signed
1650,Fati Abdulai,F,Community Health Officer,Kumbungu District communities,Kumbungu District communities,signed
1651,Iddrisu Iddrisu,F,Midwife,Kumbungu District communities,Kumbungu District communities,signed
1652,Baba Issahaku,F,Midwife,Kumbungu District communities,Kumbungu District communities,signed
1653,Abu Napari,F,Medical Assistant,Kumbungu District communities,Kumbungu District communities,signed
1654,Mariam Iddrisu,F,Enrolled Nurse,Kumbungu District communities,Kumbungu District communities,signed
1655,Abu Wumbei,F,Midwife,Kumbungu District communities,Kumbungu District communities,signed
1656,Sulemana Abdulai,F,Community Health Officer,Kumbungu District communities,Kumbungu District communities,signed
1657,Baba Fuseini,F,Midwife,Kumbungu District communities,Kumbungu District communities,signed
1658,Yakubu Dauda,F,Community Health Officer,Kumbungu District communities,Kumbungu District communities,signed
1659,Ayishetu Issahaku,F,Disease Control Officer,Kumbungu District communities,Kumbungu District communities,signed
1660,Abdul Abdulai,F,Medical Assistant,Kumbungu District communities,Kumbungu District communities,signed
1661,Abdul Napari,F,Community Health Officer,Kumbungu District communities,Kumbungu District communities,signed
1662,Fati Alhassan,F,Community Health Officer,Kumbungu District communities,Kumbungu District communities,signed
1663,Yakubu Yakubu,F,Disease Control Officer,Kumbungu District communities,Kumbungu District communities,signed
1664,Adiza Abdulai,F,Midwife,Kumbungu District communities,Kumbungu District communities,signed
1665,Zuweira Wumbei,F,Midwife,Kumbungu District communities,Kumbungu District communities,signed
1666,Abu Yakubu,F,Disease Control Officer,Kumbungu District communities,Kumbungu District communities,signed
1667,Baba Dauda,F,Disease Control Officer,Kumbungu District communities,Kumbungu District communities,signed
1668,Issah Wumbei,F,Community Health Officer,Kumbungu District communities,Kumbungu District communities,signed
1669,Ayishetu Issahaku,F,Enrolled Nurse,Kumbungu District communities,Kumbungu District communities,signed
1670,Hawa Fuseini,F,Enrolled Nurse,Kumbungu District communities,Kumbungu District communities,signed
1671,Iddrisu Wumbei,F,Community Health Officer,Kumbungu District communities,Kumbungu District communities,signed
1672,Ayishetu Wumbei,F,Medical Assistant,Kumbungu District communities,Kumbungu District communities,signed
1673,Alhassan Issahaku,F,Disease Control Officer,Kumbungu District communities,Kumbungu District communities,signed
1674,Iddrisu Tia,F,Medical Assistant,Kumbungu District communities,Kumbungu District communities,signed
1675,Memunatu Wumbei,F,Community Health Officer,Kumbungu District communities,Kumbungu District communities,signed
1676,Zuweira Alhassan,F,Midwife,Kumbungu District communities,Kumbungu District communities,signed
1677,Baba Napari,F,Disease Control Officer,Kumbungu District communities,Kumbungu District communities,signed
1678,Rahinatu Napari,F,Community Health Officer,Kumbungu District communities,Kumbungu District communities,signed
1679,Sulemana Wumbei,F,Community Health Officer,Kumbungu District communities,Kumbungu District communities,signed
1680,Alhassan Yakubu,F,Medical Assistant,Kumbungu District communities,Kumbungu District communities,signed
1681,Abdul Issahaku,F,Disease Control Officer,Kumbungu District communities,Kumbungu District communities,signed
1682,Adiza Napari,F,Community Health Officer,Kumbungu District communities,Kumbungu District communities,signed
1683,Zuweira Alhassan,F,Midwife,Kumbungu District communities,Kumbungu District communities,signed
1684,Alhassan Yakubu,F,Disease Control Officer,Kumbungu District communities,Kumbungu District communities,signed
1685,Mohammed Iddrisu,F,Medical Assistant,Kumbungu District communities,Kumbungu District communities,signed
1686,Zuweira Wumbei,F,Midwife,Kumbungu District communities,Kumbungu District communities,signed
1687,Iddrisu Dauda,F,Midwife,Kumbungu District communities,Kumbungu District communities,signed
1688,Sanatu Dauda,F,Medical Assistant,Kumbungu District communities,Kumbungu District communities,signed
1689,Abu Dauda,F,Medical Assistant,Kumbungu District communities,Kumbungu District communities,signed
1690,Sanatu Tia,F,Medical Assistant,Kumbungu District communities,Kumbungu District communities,signed
1691,Fuseini Iddrisu,F,Midwife,Kumbungu District communities,Kumbungu District communities,signed
1692,Zuweira Tia,F,Midwife,Kumbungu District communities,Kumbungu District communities,signed
1693,Yakubu Abdulai,F,Community Health Officer,Kumbungu District communities,Kumbungu District communities,signed
1694,Baba Fuseini,F,Disease Control Officer,Kumbungu District communities,Kumbungu District communities,signed
1695,Abu Napari,F,Medical Assistant,Kumbungu District communities,Kumbungu District communities,signed
1696,Mohammed Abdulai,F,Midwife,Kumbungu District communities,Kumbungu District communities,signed
1697,Memunatu Dauda,F,Medical Assistant,Kumbungu District communities,Kumbungu District communities,signed
1698,Mariam Seidu,F,Enrolled Nurse,Kumbungu District communities,Kumbungu District communities,signed
1699,Memunatu Wumbei,F,Disease Control Officer,Kumbungu District communities,Kumbungu District communities,signed
1700,Alhassan Napari,F,Disease Control Officer,Kumbungu District communities,Kumbungu District communities,signed
1701,Hawa Abdulai,F,Medical Assistant,Kumbungu District communities,Kumbungu District communities,signed
1702,Mariam Alhassan,F,Medical Assistant,Kumbungu District communities,Kumbungu District communities,signed
1703,Iddrisu Abdulai,F,Enrolled Nurse,Kumbungu District communities,Kumbungu District communities,signed
1704,Sanatu Issahaku,F,Midwife,Kumbungu District communities,Kumbungu District communities,signed
1705,Fati Yakubu,F,Midwife,Kumbungu District communities,Kumbungu District communities,signed
1706,Abdul Issahaku,F,Medical Assistant,Kumbungu District communities,Kumbungu District communities,signed
1707,Issah Seidu,F,Enrolled Nurse,Kumbungu District communities,Kumbungu District communities,signed
1708,Sanatu Iddrisu,F,Community Health Officer,Kumbungu District communities,Kumbungu District communities,signed
1709,Mariam Tia,F,Midwife,Kumbungu District communities,Kumbungu District communities,signed
1710,Yakubu Napari,F,Enrolled Nurse,Kumbungu District communities,Kumbungu District communities,signed
1711,Adiza Wumbei,F,Disease Control Officer,Kumbungu District communities,Kumbungu District communities,signed
1712,Baba Mahama,F,Medical Assistant,Kumbungu District communities,Kumbungu District communities,signed
1713,Salamatu Wumbei,F,Community Health Officer,Kumbungu District communities,Kumbungu District communities,signed
1714,Fuseini Alhassan,F,Enrolled Nurse,Kumbungu District communities,Kumbungu District communities,signed
1715,Hawa Mahama,F,Disease Control Officer,Kumbungu District communities,Kumbungu District communities,signed
1716,Salamatu Mahama,F,Medical Assistant,Kumbungu District communities,Kumbungu District communities,signed
1717,Issah Dauda,F,Disease Control Officer,Kumbungu District communities,Kumbungu District communities,signed
1718,Abdul Iddrisu,F,Enrolled Nurse,Kumbungu District communities,Kumbungu District communities,signed
1719,Abdul Seidu,F,Midwife,Kumbungu District communities,Kumbungu District communities,signed
1720,Abdul Fuseini,F,Enrolled Nurse,Kumbungu District communities,Kumbungu District communities,signed
1721,Issah Abdulai,F,Midwife,Kumbungu District communities,Kumbungu District communities,signed
1722,Abu Dauda,F,Enrolled Nurse,Kumbungu District communities,Kumbungu District communities,signed
1723,Memunatu Mahama,F,Medical Assistant,Kumbungu District communities,Kumbungu District communities,signed
1724,Fuseini Dauda,F,Disease Control Officer,Kumbungu District communities,Kumbungu District communities,signed
1725,Salamatu Fuseini,F,Enrolled Nurse,Kumbungu District communities,Kumbungu District communities,signed
1726,Rahinatu Issahaku,F,Medical Assistant,Kumbungu District communities,Kumbungu District communities,signed
1727,Fuseini Iddrisu,F,Disease Control Officer,Kumbungu District communities,Kumbungu District communities,signed
1728,Salamatu Yakubu,F,Medical Assistant,Kumbungu District communities,Kumbungu District communities,signed
1729,Salamatu Yakubu,F,Midwife,Kumbungu District communities,Kumbungu District communities,signed
1730,Yakubu Tia,F,Community Health Officer,Kumbungu District communities,Kumbungu District communities,signed
1731,Zuweira Mahama,F,Community Health Officer,Kumbungu District communities,Kumbungu District communities,signed
1732,Adiza Abdulai,F,Medical Assistant,Kumbungu District communities,Kumbungu District communities,signed
1733,Ayishetu Dauda,F,Disease Control Officer,Kumbungu District communities,Kumbungu District communities,signed
1734,Baba Issahaku,F,Enrolled Nurse,Kumbungu District communities,Kumbungu District communities,signed
1735,Mariam Tia,F,Community Health Officer,Kumbungu District communities,Kumbungu District communities,signed
1736,Memunatu Napari,F,Disease Control Officer,Kumbungu District communities,Kumbungu District communities,signed
1737,Abdul Fuseini,F,Medical Assistant,Kumbungu District communities,Kumbungu District communities,signed
1738,Salamatu Alhassan,F,Disease Control Officer,Kumbungu District communities,Kumbungu District communities,signed
1739,Ayishetu Wumbei,F,Disease Control Officer,Kumbungu District communities,Kumbungu District communities,signed
1740,Sanatu Seidu,F,Community Health Officer,Kumbungu District communities,Kumbungu District communities,signed
1741,Salamatu Seidu,F,Midwife,Kumbungu District communities,Kumbungu District communities,signed
1742,Adiza Seidu,F,Community Health Officer,Kumbungu District communities,Kumbungu District communities,signed
1743,Sanatu Iddrisu,F,Enrolled Nurse,Kumbungu District communities,Kumbungu District communities,signed
1744,Salamatu Tia,F,Community Health Officer,Kumbungu District communities,Kumbungu District communities,signed
1745,Baba Napari,F,Community Health Officer,Kumbungu District communities,Kumbungu District communities,signed
1746,Memunatu Seidu,F,Medical Assistant,Kumbungu District communities,Kumbungu District communities,signed
1747,Ayishetu Yakubu,F,Enrolled Nurse,Kumbungu District communities,Kumbungu District communities,signed
1748,Adiza Fuseini,F,Community Health Officer,Kumbungu District communities,Kumbungu District communities,signed
1749,Iddrisu Iddrisu,F,Community Health Officer,Kumbungu District communities,Kumbungu District communities,signed
1750,Salamatu Seidu,F,Midwife,Kumbungu District communities,Kumbungu District communities,signed
1751,Zuweira Iddrisu,F,Medical Assistant,Kumbungu District communities,Kumbungu District communities,signed
1752,Abdul Tia,F,Medical Assistant,Kumbungu District communities,Kumbungu District communities,signed
1753,Hawa Fuseini,F,Disease Control Officer,Kumbungu District communities,Kumbungu District communities,signed
1754,Issah Alhassan,F,Enrolled Nurse,Kumbungu District communities,Kumbungu District communities,signed
1755,Fuseini Issahaku,F,Midwife,Kumbungu District communities,Kumbungu District communities,signed
1756,Zuweira Wumbei,F,Enrolled Nurse,Kumbungu District communities,Kumbungu District communities,signed
1757,Mariam Seidu,F,Community Health Officer,Kumbungu District communities,Kumbungu District communities,signed
1758,Mohammed Issahaku,F,Enrolled Nurse,Kumbungu District communities,Kumbungu District communities,signed
1759,Sulemana Mahama,F,Enrolled Nurse,Kumbungu District communities,Kumbungu District communities,signed
1760,Abu Dauda,F,Midwife,Kumbungu District communities,Kumbungu District communities,signed
1761,Adiza Abdulai,F,Enrolled Nurse,Kumbungu District communities,Kumbungu District communities,signed
1762,Baba Fuseini,F,Medical Assistant,Kumbungu District communities,Kumbungu District communities,signed
1763,Alhassan Mahama,F,Disease Control Officer,Kumbungu District communities,Kumbungu District communities,signed
1764,Salamatu Tia,F,Midwife,Kumbungu District communities,Kumbungu District communities,signed
1765,Fati Issahaku,F,Disease Control Officer,Kumbungu District communities,Kumbungu District communities,signed
1766,Fuseini Wumbei,F,Midwife,Kumbungu District communities,Kumbungu District communities,signed
1767,Abu Dauda,F,Enrolled Nurse,Kumbungu District communities,Kumbungu District communities,signed
1768,Baba Fuseini,F,Midwife,Kumbungu District communities,Kumbungu District communities,signed
1769,Rahinatu Wumbei,F,Disease Control Officer,Kumbungu District communities,Kumbungu District communities,signed
1770,Abu Wumbei,F,Community Health Officer,Kumbungu District communities,Kumbungu District communities,signed
1771,Fati Seidu,F,Enrolled Nurse,Kumbungu District communities,Kumbungu District communities,signed
1772,Fati Tia,F,Medical Assistant,Kumbungu District communities,Kumbungu District communities,signed
1773,Iddrisu Issahaku,F,Community Health Officer,Kumbungu District communities,Kumbungu District communities,signed
1774,Sanatu Iddrisu,F,Disease Control Officer,Kumbungu District communities,Kumbungu District communities,signed
1775,Abu Seidu,F,Enrolled Nurse,Kumbungu District communities,Kumbungu District communities,signed
1776,Ayishetu Dauda,F,Enrolled Nurse,Kumbungu District communities,Kumbungu District communities,signed
1777,Fati Seidu,F,Enrolled Nurse,Kumbungu District communities,Kumbungu District communities,signed
1778,Salamatu Seidu,F,Midwife,Kumbungu District communities,Kumbungu District communities,signed
1779,Iddrisu Napari,F,Medical Assistant,Kumbungu District communities,Kumbungu District communities,signed
1780,Baba Dauda,F,Disease Control Officer,Kumbungu District communities,Kumbungu District communities,signed
1781,Sanatu Yakubu,F,Midwife,Kumbungu District communities,Kumbungu District communities,signed
1782,Rahinatu Wumbei,F,Medical Assistant,Kumbungu District communities,Kumbungu District communities,signed
1783,Sanatu Abdulai,F,Enrolled Nurse,Kumbungu District communities,Kumbungu District communities,signed
1784,Sulemana Mahama,F,Midwife,Kumbungu District communities,Kumbungu District communities,signed
1785,Sanatu Seidu,F,Community Health Officer,Kumbungu District communities,Kumbungu District communities,signed
1786,Zuweira Alhassan,F,Disease Control Officer,Kumbungu District communities,Kumbungu District communities,signed
1787,Hawa Fuseini,F,Medical Assistant,Kumbungu District communities,Kumbungu District communities,signed
1788,Abdul Alhassan,F,Midwife,Kumbungu District communities,Kumbungu District communities,signed
1789,Memunatu Yakubu,F,Enrolled Nurse,Kumbungu District communities,Kumbungu District communities,signed
1790,Sanatu Yakubu,F,Disease Control Officer,Kumbungu District communities,Kumbungu District communities,signed
1791,Mariam Abdulai,F,Community Health Officer,Kumbungu District communities,Kumbungu District communities,signed
1792,Iddrisu Tia,F,Community Health Officer,Kumbungu District communities,Kumbungu District communities,signed
1793,Adiza Napari,F,Medical Assistant,Kumbungu District communities,Kumbungu District communities,signed
1794,Sulemana Abdulai,F,Medical Assistant,Kumbungu District communities,Kumbungu District communities,signed
1795,Memunatu Tia,F,Medical Assistant,Kumbungu District communities,Kumbungu District communities,signed
1796,Sanatu Alhassan,F,Disease Control Officer,Kumbungu District communities,Kumbungu District communities,signed
1797,Mohammed Fuseini,F,Medical Assistant,Kumbungu District communities,Kumbungu District communities,signed
1798,Sulemana Iddrisu,F,Disease Control Officer,Kumbungu District communities,Kumbungu District communities,signed
1799,Adiza Mahama,F,Midwife,Kumbungu District communities,Kumbungu District communities,signed
1800,Iddrisu Mahama,F,Enrolled Nurse,Kumbungu District communities,Kumbungu District communities,signed
1801,Hawa Iddrisu,F,Disease Control Officer,Kumbungu District communities,Kumbungu District communities,signed
1802,Hawa Mahama,F,Community Health Officer,Kumbungu District communities,Kumbungu District communities,signed
1803,Memunatu Issahaku,F,Medical Assistant,Kumbungu District communities,Kumbungu District communities,signed
1804,Mohammed Wumbei,F,Medical Assistant,Kumbungu District communities,Kumbungu District communities,signed
1805,Zuweira Abdulai,F,Medical Assistant,Kumbungu District communities,Kumbungu District communities,signed
1806,Baba Tia,F,Enrolled Nurse,Kumbungu District communities,Kumbungu District communities,signed
1807,Fati Issahaku,F,Community Health Officer,Kumbungu District communities,Kumbungu District communities,signed
1808,Mariam Seidu,F,Community Health Officer,Kumbungu District communities,Kumbungu District communities,signed
1809,Adiza Wumbei,F,Disease Control Officer,Kumbungu District communities,Kumbungu District communities,signed
1810,Abdul Alhassan,F,Medical Assistant,Kumbungu District communities,Kumbungu District communities,signed
1811,Sanatu Mahama,F,Midwife,Kumbungu District communities,Kumbungu District communities,signed
1812,Adiza Abdulai,F,Enrolled Nurse,Kumbungu District communities,Kumbungu District communities,signed
1813,Yakubu Yakubu,F,Disease Control Officer,Kumbungu District communities,Kumbungu District communities,signed
1814,Memunatu Dauda,F,Enrolled Nurse,Kumbungu District communities,Kumbungu District communities,signed
1815,Issah Tia,F,Disease Control Officer,Kumbungu District communities,Kumbungu District communities,signed
1816,Sulemana Fuseini,F,Enrolled Nurse,Kumbungu District communities,Kumbungu District communities,signed
1817,Fati Tia,F,Disease Control Officer,Kumbungu District communities,Kumbungu District communities,signed
1818,Memunatu Abdulai,F,Medical Assistant,Kumbungu District communities,Kumbungu District communities,signed
1819,Hawa Napari,F,Medical Assistant,Kumbungu District communities,Kumbungu District communities,signed
1820,Memunatu Mahama,F,Enrolled Nurse,Kumbungu District communities,Kumbungu District communities,signed
1821,Abdul Tia,F,Medical Assistant,Kumbungu District communities,Kumbungu District communities,signed
1822,Abu Abdulai,F,Enrolled Nurse,Kumbungu District communities,Kumbungu District communities,signed
1823,Baba Yakubu,F,Medical Assistant,Kumbungu District communities,Kumbungu District communities,signed
1824,Memunatu Mahama,F,Enrolled Nurse,Kumbungu District communities,Kumbungu District communities,signed
1825,Mariam Abdulai,F,Medical Assistant,Kumbungu District communities,Kumbungu District communities,signed
1826,Mariam Alhassan,F,Midwife,Kumbungu District communities,Kumbungu District communities,signed
1827,Iddrisu Seidu,F,Disease Control Officer,Kumbungu District communities,Kumbungu District communities,signed
1828,Hawa Tia,F,Community Health Officer,Kumbungu District communities,Kumbungu District communities,signed
1829,Ayishetu Yakubu,F,Community Health Officer,Kumbungu District communities,Kumbungu District communities,signed
1830,Rahinatu Dauda,F,Medical Assistant,Kumbungu District communities,Kumbungu District communities,signed
1831,Mohammed Wumbei,F,Medical Assistant,Kumbungu District communities,Kumbungu District communities,signed
1832,Rahinatu Yakubu,F,Medical Assistant,Kumbungu District communities,Kumbungu District communities,signed
1833,Baba Fuseini,F,Midwife,Kumbungu District communities,Kumbungu District communities,signed
1834,Zuweira Mahama,F,Community Health Officer,Kumbungu District communities,Kumbungu District communities,signed
1835,Memunatu Iddrisu,F,Community Health Officer,Kumbungu District communities,Kumbungu District communities,signed
1836,Abdul Seidu,F,Disease Control Officer,Kumbungu District communities,Kumbungu District communities,signed
1837,Ayishetu Yakubu,F,Disease Control Officer,Kumbungu District communities,Kumbungu District communities,signed
1838,Rahinatu Seidu,F,Midwife,Kumbungu District communities,Kumbungu District communities,signed
1839,Mohammed Issahaku,F,Community Health Officer,Kumbungu District communities,Kumbungu District communities,signed
1840,Mariam Mahama,F,Enrolled Nurse,Kumbungu District communities,Kumbungu District communities,signed
1841,Baba Alhassan,F,Medical Assistant,Kumbungu District communities,Kumbungu District communities,signed
1842,Zuweira Fuseini,F,Community Health Officer,Kumbungu District communities,Kumbungu District communities,signed
1843,Abdul Abdulai,F,Medical Assistant,Kumbungu District communities,Kumbungu District communities,signed
1844,Adiza Tia,F,Enrolled Nurse,Kumbungu District communities,Kumbungu District communities,signed
1845,Zuweira Iddrisu,F,Disease Control Officer,Kumbungu District communities,Kumbungu District communities,signed
1846,Alhassan Yakubu,F,Midwife,Kumbungu District communities,Kumbungu District communities,signed
1847,Baba Fuseini,F,Medical Assistant,Kumbungu District communities,Kumbungu District communities,signed
1848,Memunatu Tia,F,Midwife,Kumbungu District communities,Kumbungu District communities,signed
1849,Hawa Seidu,F,Community Health Officer,Kumbungu District communities,Kumbungu District communities,signed
1850,Iddrisu Tia,F,Midwife,Kumbungu District communities,Kumbungu District communities,signed
